id;név;nemzetiség;születési hely;születési idő
1;Lester McCalebb;MKD;New Orleans (Estados Unidos);1985-05-04
2;Luis Casimiro Palomo Cárdenas;ESP;Villamayor Calatrava (C.Real);
3;Kyle Matthew Kuric;SVQ;Evansville (Indiana);1989-08-25
4;Oriol Paulí Fornells;ESP;Girona;1994-05-20
5;Anzejs Pasecniks;LVA;Riga;1995-12-20
6;Royce Khalil O'Neale;USA;Killeen (Texas, EE.UU.);1993-06-05
7;Venard Richard Hendrix;MKD;Athens (Alabama);1986-11-15
8;Eulis Rafael Báez Benjamín;ESP;Santo Domingo;1982-03-18
9;Albert Oliver Campos;ESP;Terrassa (Barcelona);1978-06-04
10;Xavier Rabaseda Bertrán;ESP;Ripoll (Girona);1989-02-24
11;Darko Planinic;HRV;Mostar;1990-11-22
12;Pablo Aguilar Bermúdez;ESP;Granada;1989-02-09
13;Sasu Antreas Salin;FIN;Helsinki;1991-06-11
14;Georgios Bogris;GRC;Atenas;1989-02-19
15;Davin Edward White;USA;Phoenix;1981-12-31
16;Timothy James Abromaitis;USA;Waterbury, Connecticut;1989-09-17
17;Ferran Bassas Navarra;ESP;Barcelona;1992-04-29
18;Jesús Vidorreta Gómez;ESP;Bilbao;
19;Nicolás Richotti;ITA;Bahía Blanca;1986-10-17
20;Aaron Doornekamp;NLD;Richmond;1985-12-05
21;Marius Grigonis;LTU;Kaunas, Lituania;1994-04-26
22;Francisco Vázquez González;ESP;Chantada (Lugo);1983-05-01
23;Mamadou Ndiaye Niang;SEN;Thies;1994-01-01
24;Rodrigo San Miguel de la Iglesia;ESP;Zaragoza;1985-01-21
25;Javier Beirán Amigo;ESP;Madrid;1987-05-22
26;William Joseph Hanley;IRL;New Canaan (Connecticut);1990-03-12
27;Jamar Wilson;FIN;New York;1984-02-22
28;Ali Traoré;FRA;Abidjan (Costa de Marfil);1985-02-28
29;Jaime Fernández Bernabé;ESP;Madrid;1993-06-04
30;Omar Sharif Cook;MNE;Brooklyn NY;1982-01-28
31;Darío Brizuela Arrieta;ESP;San Sebastián;1994-11-08
32;Goran Suton;HRV;Sarajevo;1985-08-11
33;Dylan Page;USA;Amherst (Wisonsin, EE.UU.);1982-03-28
34;Salvador Maldonado Ruiz;ESP;Barcelona;
35;Sitapha Alfred Savané Sagna;ESP;Dakar;1978-08-20
36;Jordi Grimau Gragera;ESP;Barcelona;1983-06-17
37;Edwin Pierre Jackson;FRA;Pau;1989-09-18
38;Bernat Vanaclocha Sánchez;ESP;Madrid;1998-04-16
39;Edgar Vicedo Ayala;ESP;Madrid;1994-08-24
40;Zan Tabak;HRV;Split;1970-06-15
41;Trent Lockett;USA;Golden Valley (Minnesota, EE.UU.);1990-12-10
42;Kenny Fred Chery;CAN;Montreal;1992-01-24
43;Emanuel Ion Cate;ROU;Bucarest;1997-07-30
44;Juan José Triguero Estruch;ESP;Gandía;1983-12-23
45;Alfonso Sánchez Delgado;ESP;Jaén;1987-02-14
46;Domen Lorbek;SVN;Kranj;1985-03-06
47;Nikola Radicevic;SRB;Cacak;1994-04-25
48;Bostjan Nachbar;SVN;Slovenj Gradec;1980-07-03
49;Tomeu Rigo Gual;ESP;Campos;1997-05-05
50;Vojdan Stojanovski;MKD;Skopje;1987-12-09
51;Strahinja Milosevic;SRB;Novi Sad, Serbia;1985-09-25
52;Luka Zoric;HRV;Zadar;1984-11-05
53;Pablo Laso Biurrún;ESP;Vitoria;
54;Anthony Erwin Randolph;USA;Würzburg (Alemania);1989-07-15
55;Tegba Othello Hunter;LBR;Winston Salem (North Carolina, EE.UU.);1986-05-28
56;Gustavo Alfonso Ayón Aguirre;MEX;Tepic;1985-04-01
57;Sergio Llull Meliá;ESP;Maó (Menorca);1987-11-15
58;Jonas Maciulis;LTU;Kaunas (Lituania);1985-02-10
59;Rodolfo Fernández Farrés;ESP;Palma de Mallorca;1985-04-04
60;Dontaye Dominic Draper;HRV;Baltimore (Maryland, EE.UU.);1984-08-10
61;Luka Doncic;SVN;Liubliana;1999-02-28
62;Andrés Marcelo Nocioni;ITA;Santa Fe;1979-11-30
63;Jeffery Taylor;SWE;Hedvig;1989-03-23
64;Jaycee Don Carroll;AZE;Laramie (Wyoming);1983-04-16
65;Felipe Reyes Cabanas;ESP;Córdoba;1980-03-16
66;Joan Plaza Durán;ESP;Barcelona;
67;Jeffrey Brooks;ITA;Louisville;1989-06-12
68;Nemanja Nedovic;SRB;Nova Varos;1991-06-16
69;Juan José García Rodríguez;ESP;Santo Domingo;1989-04-22
70;Jamar Desean Smith;USA;Peoria (Illinois, EE.UU.);1987-04-07
71;Kyle Fogg;USA;Brea;1990-01-27
72;Viny Pierrot Marcel Okouo;COG;Brazzaville (R-del Congo);1997-04-10
73;Adam Szczepan Waczynski;POL;Torun (Polonia);1989-10-15
74;Daniel Díez de la Faya;ESP;Madrid;1993-04-07
75;Dejan Musli;SRB;Prizren;1991-03-01
76;Oliver Lafayette;HRV;Baton Rouge (Louisiana);1984-05-06
77;Carlos Suárez García-Osorio;ESP;Aranjuez (Madrid);1986-05-23
78;Alberto Díaz Ortiz;ESP;Málaga;1994-04-23
79;Ibon Navarro Pérez de Albéniz;ESP;Vitoria-Gasteiz (Álava);1976-04-30
80;Judicaël Romaric Belemene Dzabatou;COG;Pointe-Noire;1997-02-19
81;Guillem Jou Coll;ESP;Llagostera;1997-07-15
82;Luksa Andric;HRV;Dubrovnik;1985-01-29
83;Román Montanez Martín;ESP;Sant Joan de Vilatorrada;1979-02-18
84;Petar Aranitovic;SRB;Belgrado;1994-09-20
85;Lluís Costa Martínez;ESP;Sant Just Desvern;1993-02-27
86;Scott Suggs;USA;Washington, Missouri;1989-11-10
87;Aleksandar Cvetkovic;SRB;Belgrado, Serbia;1993-11-12
88;Marjan Cakarun;HRV;Zadar;1990-04-27
89;Patrik Auda;CZE;Invancice;1989-08-29
90;Pere Tomas Noguera;ESP;Llucmajor (Mallorca);1989-09-05
91;Joseph Charles Trapani;ITA;Madison (Connecticut, EE.UU.);1988-07-01
92;Bradley Scott Oleson Lashinski;ESP;Anchorage (Alaska, EEUU);1983-04-11
93;Atoumane Diagné;SEN;Dakar;1998-12-31
94;Stefan Peno;SRB;Belgrado;1997-08-03
95;Aleksandar Vezenkov;BGR;Nicosia;1995-08-08
96;Maxim Esteban Calvo;ESP;Barcelona;1998-03-25
97;Justin Joseph Doellman;USA;Cincinnati;1985-02-03
98;Pol Figueras López;ESP;Tarragona;1998-03-21
99;Richard Elmer Dorsey;USA;Baltimore (Maryland, EE.UU.);1983-12-16
100;Víctor Claver Arocas;ESP;Valencia;1988-08-30
101;Ante Tomic;HRV;Dubrovnik;1987-02-17
102;Marcus Per Eriksson;SWE;Uppsala;1993-12-05
103;Stratos Perperoglou;GRC;Drama (Grecia);1984-08-07
104;Georgios Bartzokas;GRC;Atenas;
105;Ramón Fernández Vidal;ESP;Santiago Compostela (A Coruna);
106;Francisco Javier Cárdenas Maldonado;ESP;Huelva;1990-10-03
107;Shayne Mitchell Whittington;USA;Paw Paw (Michigan);1991-03-27
108;Rosco Allen;HUN;Budapest, Hungría;1993-05-05
109;Santiago Yusta García;ESP;Madrid;1997-04-28
110;Richard Barton McConnell;USA;Mesa, Arizona (EE.UU.);1989-04-14
111;Osvaldas Matulionis;LTU;Siauliai;1991-08-19
112;Artem Pustovyi;UKR;Sofiivka;1992-06-25
113;Eimantas Bendzius;LTU;Klaipeda;1990-04-23
114;Alberto Díaz Ferreira;ESP;;1998-05-08
115;José Pozas Checa;ESP;Málaga;1992-05-14
116;Alberto Corbacho De la Cruz;ESP;Palma de Mallorca;1984-10-01
117;Adam Pechacek;CZE;Praga (República Checa);1995-02-19
118;Alfonso Alonso Blasco;ESP;Madrid;1975-12-04
119;Tornike Shengelia;GEO;Tbilisi;1991-10-05
120;Kim Tillie;FRA;Cagnes-sur-Mer;1988-07-15
121;Ilimane Diop Gaye;ESP;Dakar (Senegal);1995-04-04
122;Adam Hanga;HUN;Budapest;1989-04-12
123;Trevor Donald Cooney;USA;Wilmington (Delaware, EE.UU.);1992-08-01
124;Rafael Freire Luz;ESP;Araçatuba (Sao Paulo);1992-02-11
125;Johannes Voigtmann;DEU;Eisenach;1992-09-30
126;DeShane Larkin;USA;Cincinnati (Ohio, EE.UU.);1992-10-02
127;Andrea Bargnani;ITA;Roma (Italia);1985-10-26
128;Tadas Sedekerskis;LTU;Nida (Lituania);1998-01-17
129;Jaka Blazic;SVN;Jesenice (Eslovenia);1990-06-30
130;Ivan Paunic;SRB;Belgrado;1987-01-27
131;José Ramón Cuspinera Diéguez;ESP;Getxo (Vizcaya);1970-04-28
132;David Earl Wear Jr;USA;Long Beach (California);1990-09-21
133;José María González Calvo;ESP;Zaragoza;1991-08-15
134;Alejandro Llorca Castillo;ESP;Esplugues de Llobregat;1989-01-26
135;Marko Popovic;HRV;Zadar;1982-06-12
136;Rolands Smits;LVA;Valmiera;1995-06-25
137;Ian Joseph O'Leary;IRL;Woodlands Hills (California);1986-10-20
138;Cheikh Moussa Diagne;SEN;Guediawaye;1994-03-06
139;Ludvig Erik Hakanson;SWE;Matteus;1996-03-22
140;Blagota Sekulic;MNE;Podgorica;1982-03-14
141;Carlos Eduardo Cabezas Jurado;ESP;Málaga;1980-11-14
142;Francisco Cruz;MEX;Nogales;1989-10-03
143;Jonathan Beye Tabu Eboma;BEL;Kinshasa (Congo);1985-10-07
144;Carles Duran Ortega;ESP;Barcelona;1976-01-15
145;Danilo Nikolic;MNE;Podgorica;1993-04-08
146;Ivan Buva;HRV;Zagreb (Croacia);1991-05-06
147;Javier Salgado Martín;ESP;Bilbao;1980-08-06
148;Álex Mumbrú Murcia;ESP;Barcelona;1979-06-12
149;Tobias Carl Peter Borg;SWE;Södertälje (Suecia);1993-11-02
150;Micheal Oluwaseun Eric;NGA;Lagos (Nigeria);1988-06-24
151;Miha Lapornik;SVN;Celje;1993-10-18
152;Scott Douglas Bamforth;USA;Albuquerque;1989-08-12
153;Dejan Todorovic;SRB;Mrkonjic Grad;1994-05-29
154;Borja Mendia Sangroniz;ESP;Bilbao;1994-11-10
155;Axel Marie Gustave Hervelle;BEL;Lieja;1983-05-12
156;Óscar Quintana Viar;ESP;Torrelavega (Cantabria);
157;Sadiel Antonnio Lucciano Rojas;DOM;Wichita (Kansas), EE.UU.;1989-07-16
158;Marcos Delía;ITA;Saladillo;1992-04-08
159;Ovie Paul Soko;GBR;Londres;1991-02-07
160;William James Baron;USA;Altoona (Pennsylvania, EE.UU.);1990-12-11
161;Víctor Jesús Arteaga González;ESP;Cuenca;1992-07-07
162;Vitor Alves Benite;ITA;Sao Paulo;1990-02-20
163;José Francisco Ortega Soriano;ESP;Yecla;1997-08-13
164;Vitor Luiz Faverani Tatsch;ESP;Porto Alegre;1988-05-05
165;Martynas Pocius;LTU;Vilnius;1986-04-28
166;Facundo Campazzo;ARG;Córdoba;1991-03-23
167;José Ángel Antelo Paredes;ESP;Noia (A Coruna);1987-05-07
168;Pedro Llompart Usón;ESP;Mallorca;1982-01-09
169;Diego Iván Ocampo Vázquez;ESP;Orense;1976-01-09
170;Luka Lapornik;SVN;Celje (Eslovenia);1988-10-24
171;Garrett Stutz;USA;Kansas City, Missouri (EE.UU.);1990-10-02
172;Albert Sabat Vila;ESP;Llagostera, Girona;1985-08-23
173;Nenad Dimitrijevic;MKD;Skopje (Macedonia);1998-02-23
174;Albert Ventura Pedreno;ESP;Badalona;1992-04-07
175;Sarunas Vasiliauskas;LTU;Kaunas;1989-03-27
176;Tomasz Gielo;POL;Szczecin (Polonia);1993-01-04
177;Terrence Christoffel Bieshaar;NLD;Haarlem (Holanda);1997-07-28
178;Alberto Abalde Díaz;ESP;Ferrol;1995-12-15
179;Sergi Vidal Plana;ESP;Badalona (Barcelona);1981-04-09
180;Alberto Miralles Berge;ESP;Barcelona;1982-05-14
181;Luka Bogdanovic;SRB;Belgrado;1985-02-11
182;Miquel Servera Rodríguez;ESP;Palma de Mallorca;1992-07-14
183;Stevan Jelovac;SRB;Novi Sad;1989-07-08
184;Filip Kraljevic;HRV;Mostar (Bosnia);1989-12-13
185;Henk Norel;NLD;Amsterdam;1987-09-17
186;Simon Pursl;CZE;Praga;1997-01-29
187;Andreu Casadevall Guinart;ESP;Sta-Coloma Gramanet;
188;Stephen Jeffrey Carino Holt;USA;Portland;1991-12-06
189;Isaac Mana Mei Langi Finau Fotu;GBR;York;1993-12-18
190;Martynas Gecevicius;LTU;Vilnius;1988-05-16
191;Robin Clemens Benzing;DEU;Seeheim-Jugenheim;1989-01-25
192;Jonathan Barreiro Rodríguez;ESP;Cerceda (La Coruna);1997-01-16
193;Sergi García Calvo;ESP;Palma de Mallorca;1997-02-17
194;Tomás Bellas García;ESP;Madrid;1987-06-24
195;John Bryant;USA;Berkeley (California, EE.UU.);1987-06-13
196;Pedro Martínez Sánchez;ESP;Barcelona;
197;Guillem Vives Torrent;ESP;Barcelona;1993-06-16
198;Bojan Dubljevic;MNE;Niksic (Montenegro);1991-10-24
199;Vladimir Jankovic;GRC;Belgrado (Serbia);1990-03-03
200;Lucas Clayton Sikma;USA;Bellevue, Washington;1989-07-30
201;Antoine Camille Diot;FRA;Bourg en Bresse (Francia);1989-01-17
202;Rafael Martínez Aguilera;ESP;Santpedor (Barcelona);1982-03-03
203;William Benson Thomas;GEO;Baltimore, Maryland (EE.UU.);1986-07-01
204;Romain Lebel Gessagba Sato;CAF;Bangui;1981-03-02
205;Fernando San Emeterio Lara;ESP;Santander;1984-01-01
206;Pierre David Oriola Garriga;ESP;Tárrega;1992-09-25
207;Sam Tom Bert Van Rossom;BEL;Gante;1986-06-03
208;Juan Penarroya Rodríguez;ESP;Terrassa (Barcelona);
209;Guillem Colom Barrufet;AND;Andorra La Vella;1991-09-16
210;David Walker;USA;Stow (Ohio, EE.UU.);1993-11-24
211;David Jelínek;CZE;Brno;1990-09-07
212;Andrew Albicy;FRA;Sévres;1990-03-21
213;Oliver Stevic;SRB;Belgrado;1984-01-18
214;Hugo  Schneider Bartolomé;ESP;Caen (Francia);1998-04-04
215;Thomas Schreiner;AUT;St-Polten (Austria);1987-02-03
216;Giorgi Shermadini;GEO;Mtskheta;1989-04-02
217;Beka Burjanadze;GEO;Tiblisi;1994-01-03
218;David Navarro Brugal;ESP;Esparreguera (Barcelona);1983-05-17
219;Thanasis Antetokounmpo;GRC;Atenas;1992-07-17
220;José Ignacio Martín Monzón;ESP;Valladolid;1983-04-22
222;Joshua Emmanuel Akognon;NGA;Greenbrae (California);1986-02-10
223;Julen Olaizola González;ESP;San Sebastián;1993-03-04
224;Nemanja Radovic;MNE;Berane;1991-11-11
225;Hamady Barro Ndiaye;SEN;Dakar;1987-01-12
226;José Ignacio Nogués Jarne;ESP;Barcelona;1995-07-27
227;David Cuéllar García;ESP;;1997-09-08
228;Jordan Djounorou Sakho;COD;Kinshasa (República del Congo);1997-04-04
229;Adnan Omeragic Alic;ESP;San Cristóbal de La Laguna;1996-08-19
230;Juan Castro Lombos;ESP;;1998-06-21
231;Tyrese Jammal Rice;MNE;Richmond (Virginia);1987-05-15
232;Juan Carlos Navarro Feijoo;ESP;Sant Feliu Llobregat;1980-06-13
233;Joan Sastre Morro;ESP;Mallorca;1991-12-10
234;Deividas Dulkys;LTU;Silute;1988-03-21
235;Nikola Maric;BIH;Trebinje;1998-12-19
236;Nil Bria Méndez;ESP;Navas;1997-03-14
237;Pau Ribas Tossas;ESP;Barcelona;1987-03-02
238;Wesley Alexandre Sena Da Silva;BRA;Campinas (Brasil);1996-05-02
239;Marc  Garcia Antonell;ESP;Manresa;1996-03-07
240;Alejandro Suárez Castro;ESP;Mahón;1993-09-27
241;Ignacio Llovet Camp;ESP;Barcelona;1991-05-09
242;Carl English;CAN;St-John's;1981-02-02
243;Sergio Antonio Llorente Paz;ESP;Madrid;1990-09-13
244;Carlos Alocén Arrondo;ESP;Zaragoza;2000-12-30
245;Viacheslav Kravtsov;UKR;Odesa;1987-08-25
246;Xavier Rey Sanuy;ESP;Barcelona;1987-07-13
247;Víctor Moreno Martín;ESP;Alcorcón;1998-01-26
248;Petteri Johannes Koponen;FIN;Helsinki;1988-04-13
249;Rodrigue Beaubois;FRA;Pointe-a-Pitre (Guadalupe);1988-02-24
250;Lonniel Brion Rush;USA;Shreveport (Louisiana);1984-11-15
251;Xabier López-Arostegui Eskauriaza;ESP;Vizcaya;1997-05-19
252;Sergi Martínez Costa;ESP;Barcelona;1999-05-10
253;Chase Andrew Budinger;USA;Encinitas (California, EE.UU.);1988-05-22
254;David Jofresa Sarret;ESP;Barcelona;1995-09-24
255;Luka Rupnik;SVN;Ljubljana (Eslovenia);1993-05-20
256;Jerome Adolphus Jordan;JAM;Kingston;1986-09-29
257;Howard Samuel Thompkins III;USA;Lithonia (EE.UU.);1990-05-29
258;Jonathan Alexander Holmes;USA;San Antonio (Texas, EE.UU.);1992-12-09
259;Emil Savic;HRV;Zagreb (Croacia);1998-03-26
260;Adas Juskevicius;LTU;Kaunas;1989-01-03
261;Willy Isiani;GEO;Tblisi;1997-08-11
262;Andrzej Mateusz Pluta;POL;Ruda Slaska (Polonia);2000-06-03
263;Bartlomiej Jordan Pietras;POL;Wloclawek;1998-02-20
264;Gregory Alexander Renfroe;BIH;Savannah (Georgia, EEUU);1986-05-23
265;Josep Puerto Guaita;ESP;Almussafes;1999-03-08
266;Ryan Kenwood Hollins;USA;Pasadena (California);1984-10-10
267;Rasid  Mahalbasic;AUT;Jesenice (Eslovenia);1990-11-07
268;Taqwa Sharmar Pinero;USA;Red Bank (New Jersey);1983-08-06
269;José Miguel Urtasun Uriz;ESP;Pamplona;1984-04-30
270;Michael Scott Machado;USA;New York;1990-06-08
271;Igor Zaytsev;UKR;Dnipropetrovsk;1989-05-11
272;Terry James Smith;USA;Syracuse;1986-02-10
273;Pablo Prigioni;ESP;Río Tercero;1977-05-17
274;Vasilije Vucetic;SRB;Vrbas (Serbia);1996-05-04
275;Kevin Tumba;BEL;Lubumbashi (R-D-Congo);1991-02-23
276;Alen Omic;SVN;Tuzla;1992-05-06
277;Fotios Katsikaris;GRC;Korydallos;
278;Pol Molins Calderón;ESP;;1999-02-04
279;Nicolás Laprovittola;ITA;Morón, Argentina;1990-01-31
280;Rafael Hettsheimeir;ESP;Sao Paulo;1986-06-16
281;Xavier Tyler-Jerome Munford;USA;New Jersey;1992-06-01
282;Ondrej Balvin;CZE;Usti nad Labem;1992-09-20
283;Tariq Kinte Kirksay;FRA;Bronx (New York);1979-09-07
284;Christopher Czerapowicz;SWE;Kortedala;1991-09-15
285;Joan Ferran Bernácer Aznar;ESP;Felanitx;1999-11-16
286;Wally Niang;SEN;Dakar;1996-06-05
287;Vit Krejci;CZE;Strakonice;2000-06-19
288;Daniel Mark Clark;GBR;Greenwich, Londres;1988-09-16
289;Aleksandar Marelja;SRB;Belgrado;1992-12-06
290;DeAndre Donte Kane;USA;Pittsburgh (EE.UU.);1989-06-10
291;Luis Guil Torres;ESP;Sevilla;1971-07-16
292;Rodrigo Gómez Barral;ESP;Poio;1996-09-05
293;Ignacio Rosa Pompido;ESP;Badalona;1999-07-01
294;Aleksandar Maric;HRV;Sidney;1984-10-22
295;David Thomas Barlow;AUS;Melbourne;1983-10-22
296;Luis Ferrando Ortells;ESP;Valencia;1996-04-23
297;Michael Edward Tobey;USA;Monroe (New York, EE.UU.);1994-10-10
298;Rodions Kurucs;LVA;Cesis (Letonia);1998-05-02
299;Marco Shyderrick Knight;USA;Dublin (Georgia, EE.UU.);1989-09-24
300;Alec Thomas Brown;USA;Winona (EE.UU.);1992-07-23
301;Alejandro Martínez Plasencia;ESP;Barcelona;
302;Troy Anthony DeVries;USA;Mount Vernon (Washington);1982-07-27
303;Osas Ehigiator Ehigiator;ESP;Sevilla;1999-10-30
304;Guillermo Mulero Maldonado;ESP;Madrid;1997-05-08
305;Dino Radoncic;SRB;Giessen;1999-01-08
306;Arturs Kurucs;LVA;Cesis (Letonia);2000-01-19
307;Njegos Sikiras;BIH;Pale (Bosnia Herzegovina);1999-04-11
308;Ahmed Aboelela Moursi Mohamed Khalaf;EGY;Giza;1999-02-24
309;Ricardo Julio Ledo;USA;Providence (Rhode Island, EE.UU.);1992-09-10
310;Christian Eyenga Moenge;COD;Kinshasa;1989-06-22
311;Shawn Arthur Jones;USA;Hialeah (Florida, EE.UU.);1992-03-25
312;Víctor Sada Remisa;ESP;Badalona (Barcelona);1984-03-08
313;Joao Roberto Correia Gomes;PRT;Isla de Fuego (Cabo Verde);1985-05-02
314;Sergi Pino Capdevila;ESP;Barcelona;1987-07-03
315;Dairis Bertans;LVA;Valmiera;1989-09-09
316;Raül López Molist;ESP;Vic (Barcelona);1980-04-15
317;Shawn Fitzalbert James;GUY;Berbice (Guyana);1983-09-10
318;Alexander Marc Ruoff;USA;Hamilton (Ohio, EE.UU.);1986-08-29
319;Clevin Finley Hannah;USA;Rochester (Nueva York);1987-11-15
320;Xavier Pascual Vives;ESP;Gava;1972-09-09
321;Carlos Alberto Arroyo Bermúdez;PRI;Fajardo (Puerto Rico);1979-07-30
322;Alejandro Abrines Redondo;ESP;Palma de Mallorca;1993-08-01
323;Tomas Satoransky;CZE;Praga;1991-10-30
324;Olaseni Abdel Jelil 'Shane' Lawal;NGA;Abeokuta (Nigeria);1986-10-08
325;Joaquín Ruiz Lorente;ESP;Zaragoza;
326;Drake Richard Diener;USA;Fond du Lac (Wisconsin);1981-12-19
327;Seketoure Michael Henry;JAM;Lynwood;1987-06-28
328;Nate Linhart;USA;Gahanna (Ohio);1986-11-14
329;Pedro José Romera Rodríguez;ESP;Jaén;1988-09-28
330;Halil Kanacevic;MNE;Staten Island (EE.UU.);1991-10-23
331;Alejandro García Reneses;ESP;Madrid;
332;Bradley Newley;AUS;Adelaida (Australia);1985-02-18
333;Kevin Joseph Pangos;SVN;Denison, Ontario;1993-01-26
334;Jaume Ponsarnau Goenaga;ESP;Lleida;1971-04-28
335;Zoran Vrkic;HRV;Rijeka;1987-08-16
336;Andrés Rico García;ESP;Madrid;1997-04-13
337;David Jesús Doblas Portilla;ESP;Santander;1981-08-06
338;Andrew Derek Renaldo Lawrence;GBR;Woking;1990-06-04
339;Landon Ronshae Milbourne;USA;Salisbury (Maryland);1987-06-29
340;Mikel Motos Cabodevilla;ESP;San Sebastián;1993-01-30
341;Ernest Nathanial Scott;ATG;Marietta (Georgia, EE.UU.);1982-08-28
342;Jorge Sanz Rodríguez;ESP;Madrid;1993-01-04
343;Josip Sobin;HRV;Split;1989-08-31
344;Ricardo Úriz Ancizu;ESP;Pamplona;1980-07-30
345;Alex Urtasun Uriz;ESP;Pamplona;1984-04-30
346;Ricky Sánchez;USA;Guayama (Puerto Rico);1987-07-06
347;Maksym Sandul;UKR;Vinnytsa (Ucrania);1991-02-20
348;Alejandro Barrera Pasán;ESP;Esplugues de Llobregat;1992-04-01
349;Dmitry Flis;ESP;Kaliningrad;1984-10-22
350;Chase Edward Simon;USA;Detroit;1989-03-11
351;Alejandro Hernández Máiquez;ESP;Murcia;1990-02-12
352;Ruslan Otverchenko;UKR;Ulan Bator;1990-01-06
353;Jermaine Dontay Thomas;HUN;Frederick (Maryland, EE.UU.);1984-01-12
354;Demond Dayon Mallet;USA;Leesville, Louisiana;1978-02-22
355;Brandon Stephan Paul;USA;Gurnee (Illinois, EE.UU.);1991-04-30
356;Zoran Nikolic;MNE;Niksic;1996-04-01
357;Ousmane Drame;GIN;Conakri (República Guinea);1993-12-15
358;Kerry Allen Carter;USA;West Covina (EE.UU.);1991-01-17
359;Guillermo Gustavo Hernangómez Geuer;ESP;Madrid;1994-05-27
360;Sergio Rodríguez Gómez;ESP;Santa Cruz de Tenerife;1986-06-12
361;John William Shurna;LTU;Glen Ellyn (Illinois);1990-04-30
362;Justin Anthony Hamilton;HRV;Newport Beach (EE.UU.);1990-04-01
363;Vladimir Lucic;SRB;Belgrado;1989-06-17
364;Jordi Trias Feliu;ESP;Girona;1980-11-05
365;Jon Arnor Stefansson;ISL;Reykiavik;1982-09-21
366;Augusto Cesar Lima Brito;ESP;Rio de Janeiro;1991-09-17
367;Serhiy Lishchuk;UKR;Rovno;1982-03-31
368;Alberto Martín Marín;ESP;Madrid;1995-03-28
369;Juan Rubio Ninirola;ESP;Murcia;1995-11-17
370;Thomas Kelati;POL;Walla Walla (Washington);1982-09-27
371;Stefan Markovic;SRB;Belgrado;1988-04-25
372;Germán Gabriel Benaches;ESP;Caracas;1980-11-16
373;Mindaugas Kuzminskas;LTU;Vilnius;1989-10-19
374;Donald Michael McGrath;IRL;Mount Kisco, NY (USA);1984-05-07
375;Angelo Dominik Caloiaro;ITA;San José (EE.UU.);1989-07-28
376;Martin Tyler Haws;USA;Bélgica;1991-12-19
377;Jesús Chagoyen Latienda;ESP;Jerez de la Frontera (Cádiz);1977-09-21
378;Bernardo Rodríguez Arias;ESP;Málaga;1980-06-07
379;Uros Slokar;SVN;Ljubljana;1983-05-14
380;Nenad Miljenovic;SRB;Belgrado;1993-04-07
381;Jermaine Tashawn Anderson;JAM;Toronto;1983-02-08
382;LaDontae Henton;USA;Lansing (Michigan);1992-01-06
383;Juan Alberto Hernangómez Geuer;ESP;Madrid;1995-09-28
384;Brandon Omar Thomas;USA;Bitburg (Alemania);1984-08-17
385;Francisco Javier Guerra Trujillo;ESP;Las Palmas de Gran Canaria;1992-12-23
386;Stefan Bircevic;SRB;Lazarevac (Serbia);1989-12-13
387;Zachary Darnell Graham;USA;Suwanee (Georgia, EE.UU.);1989-03-28
388;Vladimir Stimac;SRB;Belgrado;1987-08-25
389;Ioannis Bourousis;GRC;Karditsa;1983-11-17
390;Velimir Perasovic;HRV;Split;
391;Michael Perry James;USA;Portland, Oregon;1990-08-18
392;Fabien Causeur;FRA;Brest (Francia);1987-06-16
393;Mamadou Diop Gaye;ESP;Guediawaye;1993-02-14
394;Darius Anthony Adams;USA;Decatur, Illinois;1989-04-17
395;Kristjan Kangur;EST;Parnu;1982-10-23
396;Travis James Wear;USA;Long Beach (California, EE.UU.);1990-09-21
397;Valter Axel Olle Lindstrom;SWE;Estocolmo;1995-02-04
398;Samardo Anthony Samuels;JAM;Trelawny (Jamaica);1989-01-09
399;Nil Sabata Vila;ESP;Artés;1996-01-12
400;Scott Douglas Wood III;USA;Marion (Indiana);1990-06-21
401;José San Martín Vázquez;ESP;;1999-04-16
402;Kenan Karahodzic;SRB;Backa Topola;1996-01-29
403;Samuel Rodríguez Ramos;ESP;San Cristóbal de La Laguna;1997-08-02
404;Ovidijus Galdikas;LTU;Kaunas;1988-09-04
405;Alberto Torres Municio;ESP;Madrid;1998-02-07
406;David John Sainsbury García;ESP;Pamplona;1994-04-25
407;Alberto Maura Castilla;ESP;Palma de Mallorca;1998-04-07
408;Agustí Sans Valls;ESP;Maó;1995-02-27
409;Marco Antonio Justo Sierra;ESP;Las Palmas de Gran Canaria;1980-06-28
410;Xabier Oroz Uria;ESP;Azkoitia;1996-01-19
411;Filip Knezevic;MNE;Bijelo Polje (Montenegro);1994-09-09
412;Joseph Costello Reshawn Jones;USA;Normangee (Texas);1986-03-21
413;José Salvador Arco Frías;ESP;Navas;1984-10-25
414;Seydou Aboubacar Hima;NER;Niamey;1994-05-09
415;Tony Rasean Mitchell;USA;Swainsboro, Georgia;1989-08-07
416;Saúl Blanco González;ESP;Oviedo;1985-05-16
417;Porfirio Fisac De Diego;ESP;Segovia;
418;Israel González Núnez;ESP;Torrelavega;1975-02-16
419;Dennis Jerome Seeley;USA;Redding (EE.UU.);1989-11-28
420;Samba Thiago Ndiaye;SEN;Thies (Senegal);1998-04-19
421;Leo Cizmic;HRV;Afula (Israel);1998-12-17
422;Jack Ryan Cooley;USA;Illinois (Estados Unidos);1991-04-04
423;Mirza Begic;SVN;Bijeljina (Bosnia Herzegovina);1985-07-09
424;Maurice Daly Ndour;SEN;Sindia (Senegal);1992-06-18
425;Marcus Tyrone Landry;USA;Milwaukee, Wisconsin;1985-11-01
426;Danny Akintunde Agbelese;NGA;Washington (EE.UU.);1990-04-14
427;Etinosa Erevbenagie Johnbull;NGA;Ciudad de Benín;1995-05-16
428;Pablo Suárez Custodio;ESP;;1999-10-04
429;Kelvin Creswell Rivers;USA;Charlotte;1987-03-01
430;DeMarcus De'Juan Nelson;SRB;Oakland, California;1985-11-02
431;Joaquín Portugués García;ESP;Santa Cruz de Tenerife;1995-09-21
432;Jordan Tyler Swing;USA;Vestavia Hills (Alabama);1990-12-31
433;Milos Milisavljevic;SRB;Backa Topola;1993-09-07
434;Nikola Cirkovic;SRB;Belgrado;1997-06-02
435;Alberto Lorenzo Calvo;ESP;Madrid;1970-01-03
436;Morayoninuoluwa Chukwemeka Soluade;GBR;Londres;1995-07-12
437;Milovan Rakovic;SRB;Uzice;1985-02-19
438;Sergio Valdeolmillos Moreno;ESP;Granada;
439;Daniel de la Rúa de Agustín;ESP;Guadalajara;1997-01-30
440;Marc Martí Roig;ESP;Lleida;1997-06-19
441;Pavel Pumprla;CZE;Zabreh;1986-06-13
442;Davis Bertans;LVA;Valmiera (Letonia);1992-11-12
443;Tautvydas Julius Slezas;LTU;Kaunas;1990-03-31
444;Deng Mayot Mabior;SSD;Juba;1997-04-15
445;Adria Duch Beltrán;ESP;;1995-03-28
446;Diamon Simpson;USA;Los Angeles;1987-09-08
447;Je'kel Reshar Foster;USA;Natchez (Mississippi, EE.UU.);1983-07-22
448;Álvaro Miguel Sanz Barrio;ESP;Zaragoza;1998-09-29
449;Kenneth Sherrod Hayes;USA;Dayton (Ohio, EE.UU.);1987-04-16
450;Miguel Martínez Hernández;ESP;;1995-08-22
451;Marko Todorovic;MNE;Podgorica;1992-04-19
452;Verners Edgards Kohs;LVA;Ventspils;1997-05-21
453;Evgenii Kolesnikov;RUS;Taraz, Kazajistán;1985-12-26
454;Daniel Pérez Otero;ESP;L'Hospitalet de Llobregat;1990-02-28
455;Yanick Pires Moreira;AGO;Luanda;1991-07-31
456;Nemanja Jaramaz;SRB;Niksic;1991-07-10
457;Urko Otegui Esnaola;ESP;San Sebastián;1981-08-11
458;Gaizka Maiza Apecechea;ESP;Ibarra, San Sebastián;1996-06-14
459;Levon Maxwell Simon Kendall;IRL;Vancouver (Canadá);1984-07-04
460;Djordje Gagic;SRB;Benkovac;1990-12-28
461;Konstantinos Vasileiadis;GRC;Salónica;1984-03-15
462;Leonardo Demetrio;BRA;Curitiba (Brasil);1994-03-24
463;Travis James Peterson;USA;Glendale;1985-05-18
464;Michaell Brandon Roll;TUN;Aliso Viejo (California);1987-04-12
465;Raul Togni Neto;ITA;Belo Horizonte;1992-05-19
466;Kresimir Loncar;HRV;Split;1983-02-12
467;Dwight Buycks;USA;Milwaukee (Wisconsin);1989-03-06
468;Luke Cameron Harangody;USA;Decatur, Illinois (EE.UU.);1988-01-02
469;Audie James Norris;USA;Jackson (Mississippi, EE.UU.);
470;Kristaps Porzingis;LVA;Ventspils, Letonia;1995-08-02
471;Xavier Raynard Thames;USA;Sacramento;1991-01-09
472;Jacob Everse Pullen;GEO;Marywood (Illinois);1989-09-10
473;Derrick JaVaughn Byars;CIV;Memphis;1984-04-25
474;Diego Gallardo Baltasar;ESP;Dos Hermanas;1996-02-06
475;Levi Ryan Rost;USA;Lansing (Michigan);1983-03-18
476;Mihalis Tsairelis;GRC;Salónica;1988-02-23
477;Fotios Lampropoulos;GRC;Patras;1983-09-11
478;Jaime Heras Díaz;ESP;Santa Cruz de Tenerife;1982-03-13
479;Albert Fontet Aparicio;ESP;Alcanar (Tarragona);1986-03-16
480;Rasko Katic;SRB;Kragujevac;1980-12-08
481;Kevin John Lisch;ITA;Belleville (Illinois);1986-05-16
482;Jason Michael Robinson;USA;Tacoma;1980-08-12
483;Christopher James Goulding;GBR;Launceston, Tasmania;1988-10-24
484;James William Nunnally;USA;San Jose (California, EE.UU.);1990-07-14
485;Ander Martínez de la Orden;ESP;Madrid;1995-06-27
486;Josep Ortega Rubio;ESP;Vic (Barcelona);1984-04-06
487;Josep Franch de Pablo;ESP;Badalona;1991-01-28
488;Goran Huskic;SRB;Belgrado;1992-03-26
489;Jared Ahern Jordan;USA;Hartford (Estados Unidos);1984-10-14
490;Ioann Iarochevitch;BEL;Ixelles;1989-05-31
491;Salah Mejri;TUN;Jendouba;1986-06-15
492;DaJuan Michael Summers;USA;Baltimore (EE.UU.);1988-01-24
493;Walter Samuel Tavares Da Veiga;CPV;Maio (Cabo Verde);1992-03-22
494;Fabio David Santana Rosales;ESP;Las Palmas;1992-06-09
495;Haralampos Giannopoulos;GRC;Alexandreia Imathias;1989-07-13
496;Maximilian Kleber;DEU;Würzburg;1992-01-29
497;Daniel Clayton Miller;USA;Loganvile (Georgia);1991-07-01
498;Keaton Richard Nankivil;USA;Madison (Wisconsin);1989-01-18
499;Michael Horus Nathan Hall;IRL;Chicago;1984-06-05
500;Benjamin David Dewar;FRA;Royal Oak (Michigan);1981-08-30
501;Nil Angelats Regincós;ESP;Girona;1993-06-13
502;Jamar Samuels;USA;Washington D.C.;1989-05-25
503;Joan Carles Bivia Munoz;ESP;Alginet;1985-06-23
504;Dimitris Haritopoulos;GRC;Alexandria;1983-11-14
505;Roger Grimau Gragera;ESP;Barcelona;1978-07-14
506;Andrew James Ogilvy;IRL;Sidney (Australia);1988-06-17
507;Marcelo Tieppo Huertas;ITA;Sao Paulo;1983-05-25
508;Maciej Boleslaw Lampe;POL;Lodz (Polonia);1985-02-05
509;DeShaun Leroy Thomas;USA;Fort Wayne, Indiana;1991-08-29
510;Mario Hezonja;HRV;Dubrovnik;1995-02-25
511;Tibor Pleiss;DEU;Bergisch Gladbach (Alemania);1989-11-02
512;Doron Marquis Perkins;CIV;Anchorage (Alaska, EE.UU.);1983-05-06
513;Colton Miller Iverson;GNB;Aberdeen (Dakota del Sur);1989-06-29
514;Thomas Heurtel;FRA;Béziers (Francia);1989-04-10
515;Ryan Anthony Gomes;CPV;Waterbury, Connecticut;1982-09-01
516;Orlando Vincent Johnson;USA;Monterrey, California;1989-03-11
517;Marco Crespi;ITA;Varese (Italia);
518;Ryan Toolson;USA;Gilbert (Arizona);1985-03-21
519;Caleb Eugene Green;USA;Tulsa;1985-07-10
520;Vladimir Golubovic;MNE;Novi Sad;1986-02-24
521;Jayson Antonie Granger Amodio;ITA;Montevideo;1989-09-15
522;Maodo Malick Nguirane;SEN;Yeumbeul;1993-11-10
523;Marc Blanch Espinal;ESP;Barcelona;1982-01-12
524;Román Eduardo Martínez;USA;El Paso (Texas);1988-03-05
525;Kaloyan Toshkov Ivanov;BGR;Varna;1986-03-18
526;Shaun Anthony Green;USA;Salt Lake City;1987-06-12
527;Danilo Andjusic;SRB;Belgrado;1991-04-22
528;Latavious Williams;USA;Starkville;1989-03-29
529;Joaquín Colom Barrufet;ESP;Andorra La Vella;1988-11-01
530;Javier Vega Merayo;ESP;Madrid;1988-01-05
531;Andrés Miso Molina;ESP;Madrid;1983-01-07
532;Emmanouil Papamakarios;GRC;Atenas;1980-08-26
533;Andrew John Panko III;USA;Harrisburg, Pennsylvania;1977-11-29
534;Jimmy Baron;USA;East Greenwich (Rhode Island);1986-05-23
535;Jeleel Ayodeji Akindele;NGA;Ogun;1983-04-02
536;Dewayne White Jr.;USA;Tuscaloosa (Alabama, EEUU);1986-08-31
537;Anthony Dane Watts;CIV;Kansas City;1986-04-20
538;Nicholas James Spires;SWE;Tunbridge Wells;1994-02-25
539;Federico Martín Van Lacke Falco;ESP;Santa Fe;1980-06-26
540;Zeljko Sakic;HRV;Zagreb (Croacia);1988-04-14
541;Hasan Rizvic;SVN;Zenica;1984-01-18
542;Roger Lliteras Riera;AND;Andorra La Vella;1996-02-04
543;Ethan Donald Wragge;USA;Eden Prairie (Minnesota, EE.UU.);1990-10-01
544;Pablo Pérez Garrido;ESP;Cuenca;1997-02-27
545;Boubacar Moungoro;MLI;Guediawaye;1994-09-22
546;Lamont Alexander Hamilton;USA;Nueva York;1984-04-06
547;Sebastian Bacale Mbansogo Obiang;GNQ;;1995-03-31
548;Aleksander Vujacic;SVN;Maribor;1984-03-08
549;Volodymyr Orlov;UKR;Kharkov (Ucrania);1995-06-17
550;Andrés Guillermo Rodríguez Fernández;DOM;San Juan;1981-02-27
551;Mouhamed Barro;SEN;Pikine (Senegal);1995-05-10
552;Marcus Anthony Slaughter;USA;San Leandro (California);1985-03-18
553;Benjamin Michael Woodside;USA;Albert Lea, Minnesota;1985-07-01
554;Juan Llorente Paz;ESP;;1993-07-16
555;Eric Martínez Vila;ESP;Girona;1998-05-15
556;Steven P Burtt;UKR;New York;1984-03-07
557;Óscar Miguel Alvarado Rodríguez;ESP;Las Palmas;1991-06-06
559;Pietro Aradori;ITA;Brescia;1988-12-09
560;Nathan Leon Jawai;GNB;Sidney;1986-10-10
561;Rafael Huertas Navajas;ESP;Málaga;1984-08-02
562;Benjamin Lee Hansbrough;USA;Poplar Bluff (Missouri);1987-12-23
563;Hugo López Munoz;ESP;Valladolid;1975-07-29
564;David Guardia Ramos;ESP;Valencia;1990-03-14
565;Alberto Cabrera Garrancho;ESP;;1998-10-05
566;Kirk Samuel Penney;NZL;Millford;1980-10-23
567;Gerald Raymond Lee;FIN;Uusikaupunki (Finlandia);1987-11-23
568;Giuseppe Poeta;ITA;Battipaglia;1985-09-12
569;Branko Cvetkovic;SRB;Gracanica;1984-03-05
570;Joshua Andrew Mayo;USA;Merrillville (Indiana, EE.UU.);1987-07-15
571;Mario Deantwan Little;USA;Chicago, Illinois;1987-12-29
572;Vilmantas Dilys;LTU;Utena;1987-10-06
573;Carlos Martínez Pardo;ESP;A Coruna;1996-01-19
574;Joan Creus Custodio;ESP;Granollers;1992-01-11
575;Jesús Sala Naranjo;ESP;Madrid;1977-04-09
576;Thomas Iain Abercrombie;NZL;Takapuna;1987-07-05
577;Haukur Helgi Briem Palsson;ISL;Reikiavik;1992-05-18
578;Maksim Salash;BLR;Minsk;1996-05-06
579;Brian Scott Hopson;USA;Hopkinsville, Kentucky;1989-08-08
580;Luca Vitali;ITA;Bolonia (Italia);1986-05-09
581;Sergio Rodríguez Febles;ESP;Los Realejos;1993-10-18
582;Rasmus Glarbjerg Larsen;DNK;Rudersdal (Dinamarca);1994-11-25
583;Darryl Monroe;USA;Portsmouth;1986-01-30
584;Johan Bitjaa Kody;CMR;Yaoundé (Camerún);1993-04-03
585;Oliver Arteaga Padrón;ESP;El Hierro (Canarias);1983-01-04
586;Borja Comenge Monclús;ESP;Huesca;1978-10-16
587;Max Martial Kouguere;COG;Brazzaville;1987-03-12
588;Dominic Wayne Waters;USA;Portland;1986-09-28
589;Nikolas Mas Valdez Cochran;GBR;Vancouver;1988-05-06
590;Joonas Ilmari Caven;FIN;Nokia;1993-01-09
591;David Devoe Joseph;CAN;Toronto;1989-06-21
592;Konstantinos Papanikolaou;GRC;Trikala;1990-07-30
593;Larry Abia Sila;ESP;Valencia;1993-08-08
594;Jon Cortaberría Eguiluz;ESP;San Sebastián;1982-05-20
595;Anthony David Winchester;USA;Seymour (Indiana);1983-05-15
596;Charles Allen Ramsdell;MDG;Tulsa (Oklahoma);1985-01-13
597;Marcos Daniel Mata;ITA;Mar de Plata;1986-08-01
598;Luis Conde González;ESP;Málaga;1993-02-17
599;Zoran Dragic;SVN;Ljubljana;1989-06-22
600;Domantas Sabonis;LTU;Portland;1996-05-03
601;Earl Gerard Calloway;BGR;Atlanta;1983-09-30
602;Niklas Anton Caner-Medley;AZE;Beverly (Massachusetts);1983-10-20
603;Lucas Riva Amarante Nogueira;ESP;Rio de Janeiro;1992-07-26
604;Marko Banic;HRV;Zadar;1984-08-31
605;Dejan Toshkov Ivanov;BGR;Varna;1986-03-18
606;Nikola Mirotic;ESP;Podgorica (Montenegro);1991-02-11
607;Tremmell Lequincy Dushun Darden;USA;Inglewood, California;1981-12-17
608;Ricard Casas Gurt;ESP;Manresa (Barcelona);
609;Omari Khakfani Johnson;JAM;Kingston;1989-11-26
610;Akeem Wright;USA;Philadelphia;1984-11-01
611;Hördur Axel Vilhjálmsson;ISL;Reykjavik (Islandia);1988-12-18
612;Marcos Suka-Umu Martín;ESP;Madrid;1985-07-06
613;Antonio Alejandro Porta Pernigotti;ITA;Firmat (Argentina);1983-10-28
614;Panagiotis Vasilopoulos;GRC;Marousi;1984-02-08
615;Nedzad Sinanovic;ESP;Zavidovici;1983-01-29
616;Antonio Izquierdo Blanco;ESP;Valladolid;1993-04-13
617;Luther Head;USA;Chicago;1982-11-26
618;Iván Martínez Munumer;ESP;Valladolid;1990-03-02
619;Devon Doekele Van Oostrum;GBR;Groningen, Países Bajos;1993-01-24
620;Sergio Scariolo;ITA;Brescia (Italia);
621;Walter Hodge;PRI;Guaynabo;1986-09-21
623;Anaterve Cruz Espinosa;ESP;Las Palmas de Gran Canaria;1986-05-11
624;Dwayne Jerome Davis;USA;Philadelphia;1989-11-27
625;Ehimen Orukpe;NGA;Lagos;1989-02-12
626;Carlos Toledo Zamora;ESP;Cartagena;1994-12-11
627;Makrem Ben Romdhane;TUN;Sousse;1989-03-27
628;Jesús Alfonso Mateo Díez;ESP;Madrid;
629;Marcus Arnold;USA;Chicago;1984-01-28
630;James Earl Feldeine Padilla;DOM;New York;1988-06-26
631;Mareks Mejeris;LVA;Liepaja;1991-09-02
632;Adrián Laso González;ESP;Palencia;1990-06-05
633;Sergio Sánchez Pérez;ESP;Bilbao, Espana;1984-12-27
634;Jackie Ray Carmichael;USA;Manhattan (Kansas);1990-01-02
635;Fran Pilepic;HRV;Rijeka, Croacia;1989-05-05
636;Rafael Pueyo Mena;ESP;Bilbao;1971-08-11
637;Antanas Kavaliauskas;LTU;Vilnius;1984-09-19
638;Mamadou Samb;ESP;Dakar;1989-12-31
639;José Luis Abós García;ESP;Zaragoza;
640;Viktor Sanikidze;GEO;Tbilisi;1986-04-01
641;Javier Marín Ayerbe;ESP;Zaragoza;1994-04-12
642;Damjan Rudez;HRV;Zagreb;1986-06-17
643;Diego Fajardo Ocón;ESP;Santa Cruz de Tenerife;1976-02-11
644;Juan Pedro Gutiérrez Lanas;ESP;Buenos Aires;1983-10-10
645;Inaki Sanz Satrústegui;ESP;Navarra;1984-08-09
646;Michael Peter Muscala;USA;Minnesota;1991-07-01
647;Vasileios Xanthopoulos;GRC;Marousi;1984-04-29
648;Josep Oriol Junyent Monuera;ESP;Sabadell (Barcelona);1976-07-01
649;Durand Scott;JAM;Nueva York;1990-02-22
650;Mario Delas;HRV;Split;1990-01-16
651;Miguel Ángel García Stobart;ESP;Palma de Mallorca, Mallorca;1985-03-22
652;Nicolas Lake Scott Minnerath;USA;Wyoming;1989-08-11
653;Joshua Joseph Asselin;DOM;Caro (Michigan);1978-12-24
654;Mindaugas Lukauskis;LTU;Panevezys;1979-05-19
655;Guillermo Corrales Martín;ESP;Madrid;1995-06-13
656;Xavier Assalit;ESP;Barcelona;1995-06-09
657;Rimantas Kaukenas;LTU;Vilnius;1977-04-11
658;Leonardo Andrés Mainoldi;ITA;Canada de Gómez;1985-03-04
659;Guillermo Rubio Vergara;ESP;Terrassa (Barcelona);1982-10-14
660;Milko Bjelica;MNE;Belgrado (Serbia);1984-06-04
661;Antonio Tirado Crespo;ESP;Castellón de la Plana;1992-06-08
662;Juan Toledo Zamora;ESP;;1996-03-26
663;Jason Rowe;USA;Buffalo (New York);1978-06-16
664;Sergio Sánchez Cárdenas;ESP;La Línea de la Concepción;1981-03-01
665;Oleksiy Pecherov;UKR;Donetsk (Ucrania);1985-12-08
666;Eloy Antonio Camacho Vargas;DOM;Moca (República Dominicana);1988-12-30
667;James Andrew Viney;USA;Villa Park, California;1988-09-17
668;Damir Markota;SWE;Sarajevo (Bosnia);1985-12-26
669;Joan Pardina Molina;ESP;Barcelona;1993-11-18
670;Erazem Lorbek;SVN;Liubliana;1984-02-21
671;Madiop Ndiaye;SEN;Diourbel;1995-12-28
672;Nikola Cvetinovic;SRB;Loznica (Serbia);1988-12-19
673;Sasa Borovnjak;SRB;Belgrado (Serbia);1989-07-30
674;Melvin Ray Sanders;USA;Pine Bluff (Arkansas);1981-01-03
675;Lubos Barton;CZE;Ceska Lipa;1980-04-07
676;Laszlo Gabor Dobos;HUN;Budapest;1993-12-01
677;Iika Tapio Maki;FIN;Helsinki;1994-02-08
678;Fenton Pete Mickeal;USA;Rock Island (Illinois);1978-02-22
679;Marko Ljubicic;SRB;Novi Sad (Serbia);1987-07-23
680;Marcelo Patricio Nicola Virginio;ESP;Rafaela;1971-05-12
681;Vernon Athelson Goodridge;BRB;New York;1984-02-18
682;Djordje Drenovac;SRB;Belgrado;1992-08-09
683;Jonathan Arranz Pardo;ESP;Valladolid;1994-12-07
684;Lazaros Papadopoulos;GRC;Krasnodar (Rusia);1980-06-03
685;Ksystof Lavrinovic;LTU;Vilna (Lituania);1979-11-01
686;Kaspars Berzins;LVA;Ogre;1985-08-25
687;Lamar Joseph Odom;USA;Nueva York;1979-11-06
688;Juan Ballesta Vinas;ESP;Murcia;1992-12-27
689;Albert Homs Aguilar;ESP;Mataró;1994-05-23
690;Pablo José Sánchez Rodríguez;ESP;Murcia;1993-12-10
691;Armon Deshawn Johnson;USA;Reno;1989-02-23
692;Lamont Antwain Mack;USA;Chicago;1987-03-16
693;Daniel Michael Kickert;NLD;Melbourne;1983-05-29
694;Benjamin Joseph Mc Cauley;USA;West Newton, Pennsylvania;1986-09-06
695;Ricardo Guillén Mendoza;ESP;Santa Cruz de Tenerife;1976-06-17
696;Pere Romero Vicente;ESP;Manresa;
697;Héctor Daniel Manzano Alcaraz;ESP;Barcelona;1980-08-08
698;Jordi Clotet Matamala;ESP;;1996-11-04
699;Chinemelu Elonu;NGA;Enugu;1987-03-11
700;Demonico Lamont Barnes;USA;Lexington (Kentucky);1978-09-04
701;Joshua Lee Fisher Orange;ESP;Washington DC;1980-10-24
702;Jakim Nestakaya Donaldson;USA;Pittsburgh (Pennsylvania);1983-09-03
703;Adrián García Herepey-Csakanyi;ESP;Madrid;1985-02-02
704;Chad Lee Toppert;DEU;Albuquerque;1985-11-11
705;Eduardo Hernández-Sonseca Lorenzo;ESP;Madrid;1983-06-21
706;Nemanja Bjelica;SRB;Belgrado;1988-05-09
707;Taylor Campbell Rochestie;MNE;Houston, Estados Unidos;1985-07-01
708;Dusko Ivanovic;MNE;Bijelo Polje;
709;John Holland;USA;Bronx, New York;1988-11-06
710;Milenko Tepic;SRB;Novi Sad (Serbia);1987-02-27
711;Bradley Bond Buckman;USA;Austin (Texas);1984-01-11
712;Brian Keith Asbury;GNQ;Miami, Florida;1986-10-01
713;Juan Ignacio Jasen Ciccarelli;ESP;Bahía Blanca;1985-10-10
714;Marcus Dwain Lewis;USA;Long Beach (California);1986-08-05
715;Matthew Hadley Gatens;USA;Iowa City;1989-06-13
716;Marko Keselj;SRB;Belgrado;1988-01-02
717;Florent Marius Pietrus;FRA;Les Abymes (Guadalupe);1981-01-19
718;Charles Wayne García;BLZ;Los Ángeles (California);1988-10-13
719;Mouhamed Saer Sené;SEN;Pikine (Senegal);1986-05-12
720;Álvaro Munoz Borchers;ESP;Ávila;1990-11-25
721;Sergii Gladyr;UKR;Mykolaiv;1988-10-17
722;Bernard Anthony Hopkins White;ESP;Baltimore, Maryland;1973-01-13
723;William Terrell Buford;USA;Toledo (Ohio);1990-01-10
725;Javier Rodríguez Pérez;ESP;Porrino (Pontevedra);1979-04-22
726;Aleksander Yanev Georgiev;BGR;Varna;1990-01-20
727;Jonathan James Scheyer;ISR;Northbrook (Illinois);1987-08-24
728;Paulo Sergio Prestes;ESP;Monte Aprazivel (Sao Paulo);1988-02-15
729;Samuel Domínguez Guerra;ESP;Las Palmas de Gran Canaria;1991-02-14
730;Roberto Guerra Santana;ESP;Las Palmas de Gran Canaria;1983-04-04
731;Spencer Howells Nelson;AZE;Pocatello (Idaho);1980-07-11
732;Adrien Moerman;FRA;Fontenay-aux-Roses;1988-08-17
733;Nikolaos Zisis;GRC;Salónica;1983-08-16
734;Charles Judson Wallace;COG;Atlanta;1982-12-31
735;Joseph Howart Ingles;GBR;Happy Valley;1987-10-02
736;Roberto González Presas;ESP;Carpio del Campo (Valladolid);
737;Alhaji Mohammed;GHA;Accra;1981-10-29
738;Eduardo Ruiz Campuzano;ESP;Las Presillas (Cantabria);1983-08-20
739;Uros Tripkovic;SRB;Cacak;1986-09-11
740;Vytenis Cizauskas;LTU;Kaisiadoriu;1992-09-16
741;Jasmin Repesa;HRV;Capljina;
742;James Clough Gist III;USA;Adana (Turquía);1986-10-26
743;Kosta Perovic;SRB;Osijek;1985-02-19
744;Marcus Darrell Williams;USA;Los Ángeles;1985-12-03
745;Carlos Jiménez Sánchez;ESP;Madrid;1976-02-10
746;Krunoslav Simon;HRV;Zagreb;1985-06-24
747;Ognjen Kuzmic;BIH;Doboj;1990-05-16
748;Emmanuel Amaurys Quezada Martínez;DOM;Nueva York;1985-04-13
749;Anthony Joseph Gaffney;USA;Boston;1984-11-14
750;Moses Ehambe;COD;Arlington (Texas);1986-05-22
751;Ekenechuckwu Brian Ibekwe;NGA;Los Angeles;1985-07-19
752;Yaroslav Korolev;RUS;Moscú (Rusia);1987-05-07
753;Qyntel Deon Woods;USA;Memphis (Tennessee);1981-02-16
755;Anthonie Guy Fisher;GEO;Bronx (Nueva York);1988-04-08
756;Sarunas Jasikevicius;LTU;Kaunas;1976-03-05
757;Juan Luis Navarro Cordones;ESP;Valencia;1991-02-12
758;Rihards Kuksiks;LVA;Riga (Letonia);1988-07-17
759;Xavier Ríos Arceo;ESP;Santa Cruz de Tenerife;1995-03-13
760;Javier Aguilera Ardilla;ESP;La Laguna;1995-05-15
761;Adrián Méndez Carrión;ESP;Murcia;1993-11-24
762;Robert Lorenzo Dozier;USA;Lithona (Georgia, EE.UU.);1985-11-26
763;Christopher James Quinn;USA;New Orleans;1983-09-27
764;Robert John Hummel;USA;Valparaiso;1989-03-08
765;Joseph Alexander Ragland;LBR;West Springfield (Massachusetts);1989-11-11
766;Jermaine Cassadaryl Taylor;USA;Tavares (Florida);1986-12-08
767;Trifón Poch López;ESP;Córdoba;
768;Igor Lutersek;MNE;Sarajevo;1989-06-10
769;Unai Calbarro Carbajo;ESP;Bilbao;1989-07-04
770;Joffrey Lauvergne;FRA;Mulhouse (Francia);1991-09-30
771;Kristaps Valters;LVA;Riga;1981-09-18
772;Roderick Bertrand Blakney;BGR;Hartsville;1976-08-06
773;Mickaël Gélabale;FRA;Pointe Noire, Guadalupe;1983-05-22
774;Marcos Portalez Mur;ESP;Zaragoza;1995-04-15
775;Robert Karl Kurz;USA;Lower Gwynedd (Pensilvania);1985-03-05
776;Edgar Rafael Sosa;DOM;Manhattan (New York);1988-01-15
777;Patrick Aloysius Ewing;JAM;Massachusetts;1984-05-20
778;Mamadi Melameka Diane;GIN;Columbia (EE.UU.);1986-09-01
779;Morris O'Neal Finley;USA;Opelika (Alabama);1981-08-02
780;Nana Papa Yaw Dwene Mensah-Bonsu;GBR;Londres;1983-09-07
781;Nemanja Aleksandrov;SRB;Belgrado;1987-04-10
782;Guillem Pla Escriva;ESP;Valencia;1991-01-23
783;Adam Grzegorz Hrycaniuk;POL;Mysliborz;1984-03-15
784;Christopher Iza Soler;ESP;;1995-04-28
785;Ryan Ashley Humphrey;USA;Tulsa (Estados Unidos);1979-06-24
786;Tarence Anthony Kinsey;USA;Tampa, Florida;1984-03-21
787;Tomas Kyzlink;CZE;Vyskov;1993-06-18
788;Papa Abdoulaye Mbaye;SEN;Yambeul;1990-06-13
789;José Adrián Báez Batista;ESP;;1993-10-24
790;Loukas Mavrokefalidis;GRC;Jeseník;1984-07-25
791;Chamberlain Emeka Oguchi;NGA;Houston (Texas, EE.UU.);1986-04-28
792;Luis Villar González;ESP;Santa Cruz de Tenerife;1995-04-11
793;Cedric Tremaine Simmons;BGR;Shallotte, Carolina del Norte;1986-01-03
794;Víctor Serrano Marivela;ESP;Soto del Real;1989-04-13
795;Yannick Driesen;BEL;Amberes;1988-11-02
796;Álvaro Lobo Herrero;ESP;Madrid;1992-04-04
797;José Vicente Hernández Fernández;ESP;Madrid;
798;Antoine Wright;USA;West Covina, California;1984-02-06
799;Luis Alberto Flores;DOM;San Pedro de Macorís (República Dominicana);1981-04-11
800;Eduardo Martínez Balmaseda;ESP;Logrono;1990-05-05
801;Francisco Olmos Hernández;ESP;Valencia;1970-07-10
802;Nando De Colo;FRA;Sainte-Catherine-les-Arras;1987-06-23
803;Sergio Olmos Pardo;ESP;Elda;1986-09-21
804;Jacob Burstchi;USA;Chickasha (Oklahoma);1984-05-21
805;Pablo Almazán Sierra;ESP;Granada;1989-01-15
806;Carl Bracey Arman Wright;USA;The Colony (Texas);1984-07-01
807;Robert Michael Archibald;GBR;Paisley (Escocia);1980-03-29
808;Dalibor Bagaric;DEU;Munich;1980-07-02
809;Hervé Tiecoura Touré;FRA;Lyon;1982-02-25
810;Isaac López Pérez;ESP;Granada;1978-08-25
811;Jhornan José Zamora Mota;ESP;Caracas;1989-01-30
812;Kahiem Jamel Seawright;USA;UnionDale (Nueva York), EE-UU.;1986-12-17
813;Txomin López Ansótegui;ESP;Burgos;1978-01-03
814;Michael Daniel Chukwuma Umeh;NGA;Houston (Texas);1984-04-18
815;Diego Damián García;ITA;San Cristóbal;1979-07-15
816;Stephane Louis Andre Dumas;FRA;Sanary;1978-09-14
817;Andrew Richard Betts;GBR;Ashby;1977-05-11
818;Lander Lasa Arruabarrena;ESP;Tolosa;1988-01-16
819;Peter Karoly Lorant;HUN;Budapest;1985-10-23
820;Andrew Kehinde Adeleke;NGA;Lagos;1983-02-10
821;Ebikekeme Hasain Fere Ere;NGA;Tulsa;1981-08-02
822;Yahn Ulrich Stephane Lasme;GAB;Port Gentil;1982-12-17
823;Deron Rachard Washington;DEU;Nueva Orleans (Luisiana, EE.UU.);1985-12-12
824;Javier Bulfoni;ITA;Santa Fe;1976-09-26
825;Mario Cabanas Fidalgo;ESP;A Coruna;1985-05-09
826;Milton Sigmund Palacio;BLZ;Los Angeles (California);1978-02-07
827;Richard Nguema Balboa;ESP;Madrid;1988-02-07
828;Jorge Garbajosa Chaparro;ESP;Torrejón de Ardoz (Madrid);1977-12-19
829;Gerald Fitch;USA;Columbus (Georgia);1982-08-12
830;Earl Jerrod Rowland;BGR;Frankfurt (Alemania);1983-05-18
831;Hrvoje Peric;HRV;Dubrovnik (Croacia);1985-10-25
832;Laurence Ekperigin;GBR;Nueva York (EEUU);1988-02-21
833;Marquez Haynes;GEO;Irving (Texas);1986-12-19
834;Michael Bramos;GRC;Harper Woods, Michigan;1987-05-27
835;Taurean Green;GEO;Boca Raton (Florida);1985-11-28
836;Juan Diego Tello Palacios;COL;Medellín (Colombia);1985-05-11
837;Reggie Williams;USA;Prince George;1986-09-14
838;Kevin Seraphin;FRA;Cayenne;1989-12-07
839;Mirza Teletovic;BIH;Mostar;1985-09-17
840;Paul Russell Davis;USA;Rochester (Michigan);1984-07-21
841;Hernán Emilio Jasen Cicarelli;ITA;Bahía Blanca;1978-02-04
842;Mohamed Debá Kone;FRA;Abidjan;1981-03-24
843;Kyle Edward Singler;USA;Medford;1988-05-04
844;Alberto Jódar Moya;ESP;Madrid;1991-02-07
845;Jeremy Hazell;USA;Nueva York (EE.UU.);1986-03-25
846;Mario Stojic;DEU;Mannheim;1980-05-06
847;Aaron Lee Jackson;USA;Hartford;1986-05-06
848;D'or Fischer;USA;Philadelphia;1981-10-12
849;Janis Blums;LVA;Saldus;1982-04-20
850;Dimitrios Mavroeidis;GRC;Atenas;1985-07-04
851;Novica Velickovic;SRB;Belgrado (Serbia);1986-10-05
852;Massine Fall;SEN;Guediawaye;1993-01-01
853;Fernando Cerqueira Monedero;ESP;Barcelona;1993-01-19
854;Kieron Achara;GBR;Stirling (Escocia);1983-07-03
855;Pape Laye Sow;SEN;Dakar;1981-11-22
856;Eugene Jeter III;USA;Los Angeles, California;1983-12-02
857;Derrick Obasohan;NGA;Houston (Texas, EE.UU.);1981-04-18
858;Guillermo Rejón Miguel;ESP;Madrid;1976-10-01
859;Pedro Rivero del Caz;ESP;Segovia;1979-07-22
860;Sergio Pérez Anagnostou;ESP;Madrid;1979-09-15
861;James Dale Augustine;USA;Midlothian (Illinois);1984-02-27
862;Charles Patrick Eidson;USA;Summerville, South Carolina;1980-10-10
863;Boniface Ndong;SEN;Mbour;1977-09-03
864;Tomas Hampl;CZE;Hradec Králové;1988-07-18
865;Joel Daniel Freeland;GBR;Aldershot;1987-02-07
866;Rogelio Legasa Pérez;ESP;Zaragoza;1974-12-10
867;Serge Jonas Ibaka Ngobila;ESP;Brazaville;1989-09-18
868;Micah Philip Downs;USA;Kirkland (Washington, EE.UU.);1986-09-08
869;Tyrone Gerard Ellis Jr.;GEO;Dallas, Texas;1977-10-05
870;Tiago Splitter Beims;ESP;Joinville;1985-01-01
871;Damir Krupalija;BIH;Sarajevo;1979-06-13
872;Rodrigo De la Fuente Morgado;ESP;Madrid;1976-11-26
873;Matt Walsh;USA;Holland (Pennsylvania);1982-12-02
874;Goran Dragic;SVN;Ljubljana;1986-05-06
875;Mark Christopher Payne;USA;Stockton, California;1988-06-17
876;Aloysius Anagonye;NGR;Southfield, Michigan;1981-02-10
877;Igor Ibaka Ngobila;COG;Brazzaville, República del Congo;1992-07-30
878;Javier De Pinto Hernández;ESP;Toledo;1992-08-18
879;Alando Forest Tucker;USA;Lockport (Illinois);1984-02-11
880;Alberto Pérez Garrido;ESP;Cuenca;1994-06-15
881;Josep Pérez Tomas;ESP;Llíria;1994-05-11
882;Andrew Jay Rautins;USA;Jamesville (Nueva York);1986-11-02
883;Samo Udrih;SVN;Celje;1979-08-02
884;Arturo Sarmiento Soriano;ESP;Valladolid;1994-05-10
885;Curtis Alan Borchardt;USA;Buffalo (New York);1980-09-13
886;Andy Obinna Young Ogide;NGA;Tallahassee, Florida;1987-10-01
887;Ime Sunday Udoka;NGA;Portland;1977-08-09
888;Robert Joseph;HTI;Puerto Príncipe;1978-05-05
889;Elhadji Malick Fall;ESP;Yeumbeul, Senegal;1992-12-08
890;Christopher Franklin Lofton;USA;Maysville (Kentucky);1986-03-27
891;Javier Medori Morales;ESP;Ibiza;1993-07-15
892;Sergi Solé Bertrán;ESP;Agramunt (Lérida);1994-03-03
893;Samuel Faifr;CZE;Praga;1993-02-08
894;Michel Diouf Diogoye;SEN;Medina Gounass;1989-04-19
895;Jesús Pablo Mulero Collantes;ESP;Bolanos de Campos (Valladolid);
896;Alejandro López Laz;ESP;La Laguna (Tenerife);1991-05-08
897;Fabio Astilleros Hernández;ESP;;1994-04-29
898;Radovan Kouril;CZE;Ostrava;1995-04-08
899;Germán Minarro Ibarra;ESP;;1994-04-23
900;Willie Morris Deane;BGR;New York;1980-02-23
901;Zabian Rashaad Dowdell;USA;Pahokee, Florida;1984-09-10
902;Ricardo Pámpano Muniz;ESP;Sevilla;1993-04-30
903;Curtis Louis Jerrells;USA;Austin (Texas);1987-02-05
904;Quincy Douby;USA;Brooklyn, Nueva York;1984-05-16
905;Darius Songaila;LTU;Marijampole;1978-02-14
906;Charles Willie Rhodes;USA;Galveston;1985-06-25
907;Roberto Pérez Arteaga;ESP;Zaragoza;1993-09-21
908;Kimani Kary Ffriend;JAM;Kingston;1977-07-29
909;Louis Herbert Bullock Jr.;USA;Washington, D.C.;1976-05-20
910;Ignacio Ordín Barrabes;ESP;Monzón (Huesca);1978-01-04
911;Iván García Casado;ESP;Barcelona;1986-09-18
912;Manuel de los Reyes Hussein Viera;ESP;Las Palmas de Gran Canaria;
913;Marc Fernández Usón;ESP;El Masnou;1987-07-23
914;Robertas Javtokas;LTU;Siauliai (Lituania);1980-03-20
915;Bruno Sundov;HRV;Split;1980-02-10
916;Jeremy Terrell Richardson;USA;Louisiana (EE.UU.);1984-03-01
917;Dusko Savanovic;SRB;Belgrado;1983-09-05
918;José Simeón Luján;ESP;Silla (Valencia);1991-03-19
919;Jesús Fernández Hernández;ESP;Villena (Alicante);1975-08-06
920;Ángel Victor Hernández Martos;ESP;Almería;1991-05-18
921;Coby Joseph Karl;USA;Great Falls (Montana);1983-06-08
922;Manuel Rodríguez Barrientos;ESP;Granada;1991-08-17
923;Carlos Nicolás Gianella;ITA;La Plata;1978-02-14
924;Terence Darea Morris;USA;Frederick (Maryland);1979-01-11
925;Jaka Lakovic;SVN;Ljubljana;1978-07-09
926;Ángel Aparicio Peraire;ESP;Benicarló;1992-08-14
927;Ricard Rubio Vives;ESP;El Masnou (Barcelona);1990-10-21
928;James Timothy Moran;IRL;Syosset, New York;1978-12-03
929;Darren Douglas Phillip;GBR;Londres;1978-03-18
930;Adam Edward Chubb;USA;Harrisburg;1981-07-05
931;Paolo Alfredo Quinteros;ITA;Colón;1979-01-15
932;Juan Francisco Riera Mestre;ESP;Palma de Mallorca;1979-09-01
933;Jorge Cano Quintana;ESP;;1991-02-20
934;Gustavo Javier Barrera Castro;ESP;Mercedes;1985-04-06
935;Georgios Printezis;GRC;Atenas;1985-02-22
936;Lance Terrell McIntyre;USA;Fayetteville;1977-10-18
937;Stanko Barac;HRV;Mostar;1986-07-19
938;Marcus Deshon Haislip;USA;Lewisburg (Tennessee);1980-12-22
939;Ander García Urbina;ESP;Bergara (Guipúzcoa);1989-04-05
940;David Kyle Logan;POL;Chicago;1982-12-26
941;Axel Weigand;ITA;La Plata;1985-01-04
942;Carlos Cazorla Medina;ESP;Las Palmas de Gran Canaria;1977-12-07
943;Serkan Erdogan;TUR;Amasya;1978-08-30
944;Matías Ariel Ibarra;ITA;Córdoba (Argentina);1981-02-17
945;Martynas Andriuskevicius;LTU;Kaunas;1986-03-12
946;Esteban Damián Batista Hernández;ESP;Montevideo (Uruguay);1983-09-02
947;Salvador Guardia Ramos;ESP;Valencia;1974-05-18
948;Nikoloz Tskitishvili;GEO;Tblisi;1983-04-14
949;Mindaugas Katelynas;LTU;Alytus;1983-05-16
950;Quinton Robert Hosley;GEO;Harlem NY;1984-03-25
951;Russell Robinson Jr.;USA;Bronx (New York);1986-01-24
952;William Dubois McDonald;USA;New Orleans, Louisiana;1979-10-05
953;Diego Sánchez Mordós;ESP;Gijón;1975-12-26
954;Joan Faner Catala;ESP;Ciutadella;1990-11-17
955;Diego Andrés Ciorciari;ITA;Santa Fe (Santa Fe);1980-03-02
956;Ivan Radenovic;SRB;Belgrado;1984-06-10
957;Raviv Limonad;ISR;Netanya;1984-08-26
958;Cuthbert Nicholson Victor;USA;St-Croix (Islas Vírgenes);1983-01-30
959;Caio Aparecido Da Silveira Torres;ESP;Sao Paulo;1987-06-03
960;Rafael Molina García;ESP;Madrid;1989-01-03
961;Maximiliano Ariel Stanic;ITA;Morón (Argentina);1978-12-02
962;Jiri Welsch;CZE;Pardubice;1980-01-27
963;Ettore Messina;ITA;Catania;
964;Clay Javen Tucker;USA;Lima (Ohio);1980-06-14
965;Alfons Alzamora Ametller;ESP;Palma de Mallorca;1979-05-20
966;Brian Michael Cusworth;USA;St-Louis;1984-03-09
967;Milan Majstorovic;SRB;Novi Sad;1983-01-28
968;Lawrence Charles Lewis;USA;Los Angeles, California;
969;Daniel López Alcaniz;ESP;Salamanca;1982-04-29
970;Mikel Uriz Ancizu;ESP;Pamplona;1989-07-19
971;Christopher Levour Warren;USA;Garland (Texas);1981-01-19
972;Martin Rancik;SVK;Nitra;1978-06-05
973;Francisco Vázquez Duckitt;ESP;Ibiza;1974-03-07
974;Alejandro Reyes Abad;ESP;Cáceres;1993-12-17
975;Víctor Fabián Baldo;ITA;San Nicolás;1977-03-04
976;Ewoud Joannes Alexander Kloos;NLD;Nieuw Gastel;1989-05-25
977;Víctor Arnau Genís;ESP;Valencia;1991-05-11
978;Davor Kus;HRV;;1978-07-21
979;Leroy Andre Owens;BGR;Indianapolis;1980-10-31
980;Carlos De Cobos Ortega;ESP;Sao Paulo;1988-05-11
981;Carles Marzo Checa;ESP;Barcelona;1992-05-15
982;Svetislav Pesic;DEU;Novi Sad (Serbia);
983;Elios Sadiku;FRA;Ghian (Kosovo);1991-04-18
984;Bojan Popovic;SRB;Belgrado;1983-02-13
985;Billy Baptist;USA;East Peoria (Illinois, EEUU);1987-08-19
986;Millán López Martín;ESP;Valladolid;1994-01-10
987;Kenneth Brian Hasbrouck;USA;Washington D.C-(EE.UU.);1986-08-14
988;Jaume López Castells;ESP;Terrassa;1989-12-10
989;Alan Jeffrey Anderson;USA;Minneapolis (Minnesota);1982-10-16
990;Albert Del Hoyo Pérez;ESP;Manresa;1992-07-31
991;Pablo Esteban Pascual;ESP;Valladolid;1993-03-26
992;Bismack Biyombo Sumba;COD;Lubumbashi;1992-08-28
993;Joan Tomas Noguera;ESP;Palma de Mallorca;1992-05-12
994;Nikola Rakocevic;MNE;Podgorica;1991-01-22
995;Francisco Segura Gómez;ESP;Granada;1972-04-07
996;Iván Cruz Uceda;ESP;;1991-10-24
997;Adrián Casas Filip;ESP;Madrid;1989-12-30
998;Emanuele Molin;ITA;Venecia;
999;Shad Venson Hamilton;USA;Forest City, North Carolina;1977-08-11
1000;Dejan Borovnjak;SRB;Knin (Serbia);1986-04-01
1001;Luis De la Cruz Escalada;ESP;Zaragoza;1994-02-03
1002;Darryl Bryan Middleton;ESP;Queens, New York;
1003;Ignacio De Miguel Villa;ESP;Madrid;1973-10-24
1004;Jorge Federico Laliena Iranzo;ESP;Zaragoza;1993-05-25
1005;Sergi Clotet Freixas;ESP;Manresa;1988-05-14
1007;Juan Alberto Aguilar García;ESP;Sevilla;1988-01-06
1008;Guillermo Aliende Riglos;ESP;Zaragoza;1994-01-22
1009;Rolands Freimanis;LVA;Gulbente (Letonia);1988-01-21
1010;Vladimir Dragicevic;MNE;Cetinje (Montenegro);1986-05-30
1011;Gianluca Basile;ITA;Ruvo di Puglia;1975-01-24
1012;Darjus Lavrinovic;LTU;Vilnius (Lituania);1979-11-01
1013;Vladimir Dasic;MNE;Podgorica;1988-05-13
1014;Travis Mitchell Hansen;RUS;Probo, Utah;1978-04-15
1015;Antwain La'mar Barbour;USA;Elizabethtown (Kentucky);1982-06-27
1016;Michal Jakub Ignerski;POL;Lublin;1980-08-13
1017;Raimundo López De Vinuesa Piote;ESP;Málaga;1989-04-02
1018;Jason David Detrick;AUT;Dusseldorf (Alemania);1980-12-05
1019;Edgar San Epifanio Herrero;ESP;Barcelona;1987-10-05
1020;Ahmad Naadir Nivins;USA;Nueva Jersey;1987-02-10
1021;Marcus Vinicius Toledo Dos Reis;ESP;Sao Paulo;1986-07-10
1022;Carlos Matías Sandes Steinmetz;ESP;Mendoza;1984-06-14
1023;Christopher Ryan Thomas;USA;Indianapolis (Indiana);1982-03-10
1024;Tal Burstein;ISR;Tel Aviv;1980-02-19
1025;Ignacio Guigou Tudela;ESP;Tenerife;1991-01-03
1026;Vlado Scepanovic;MNE;Kolasin;1975-11-13
1027;Albert Moncasi Vasco;ESP;Premia de Mar;1986-05-04
1028;Roger William Powell;USA;Illinois;1983-06-15
1029;Oscar Javier García Burón;ESP;Bilbao;1979-03-04
1030;José Antonio Marco Gaona;ESP;Murcia;1989-03-24
1031;Christopher Vashon Moss;USA;Columbus, Ohio;1980-02-07
1032;Pedro Jerónimo Robles Rey;ESP;Madrid;1977-07-17
1033;Tomas Delininkaitis;LTU;Klaipeda;1982-06-11
1034;Milos Vujanic;SRB;Loznica;1980-11-13
1035;Xavier Sánchez Bernat;ESP;Balaguer (Lleida);1975-01-07
1036;Vladimir Micov;SRB;Belgrado;1985-04-16
1037;Jon Uriarte Salazar;ESP;Bilbao;1985-05-16
1038;Jerome Bouroro Moiso;FRA;Paris;1978-06-15
1039;Renaldas Seibutis;LTU;Mazeikiai;1985-07-23
1040;Jimmie Lee Hunter;USA;Memphis, Tennessee;1977-12-24
1041;Jorge Antonio Fernández Hengge;ESP;Granada;1989-03-22
1042;Teemu Rannikko;FIN;Turku (Finlandia);1980-09-09
1043;Mario Trevon Austin;USA;Livingston, Alabama;1982-02-26
1044;Vule Avdalovic;SRB;Gacko;1981-11-24
1045;Jorge García Navea;ESP;Córdoba;1977-02-23
1046;Kyle Hill;USA;Chicago;1979-04-07
1047;Robert Clark Battle;USA;Philadelphia;1981-05-05
1048;David Ortega Díez;ESP;Valladolid;1984-04-29
1049;Francesc Xavier Puyada Alsina;ESP;Badalona (Barcelona);1981-05-15
1050;Brian Matthew Chase;USA;Washington DC;1981-10-08
1051;Arturo Fernández Rodríguez;ESP;Valladolid;1990-08-01
1052;Reyshawn Antonio Terry;USA;Winston Salem;1984-04-07
1053;Marc Anthony Jackson;USA;Philadelphia, Pennsylvania;1975-01-16
1054;Nihad Djedovic;BIH;Visegrad;1990-01-12
1055;Drago Pasalic;HRV;Split;1984-06-23
1056;Michael Scott Higgins Mosley;ESP;Grand Island, Nebraska;
1057;Neven Spahija;HRV;Sibenik;
1058;Rawle Junior Kalomo Marshall;USA;Georgetown, Guyana;1982-02-20
1059;Marko Marinovic;SRB;Cacak;1983-03-15
1060;Matthew Peter Nielsen;AUS;Penrith;1978-02-03
1061;Petar Popovic;SRB;Belgrado;1979-07-28
1062;Daniel Blake Ahearn;USA;St-Louis, Missouri;1984-05-27
1063;Guillermo Jorge Ripper;ESP;Las Palmas de Gran Canaria;1988-06-27
1064;Marcus Anthony Norris;HRV;Jackson, Michigan;1974-08-20
1065;Antonio Bueno Delgado;ESP;Madrid;1980-09-25
1066;Alain Koffi;FRA;Abidjan;1983-11-23
1067;Mario Bruno Fernández Hidalgo;ESP;Barcelona;1983-12-11
1068;Rafael Vidaurreta Ramírez;ESP;Madrid;1977-01-05
1069;Daniel Leslie Grunfeld;ROU;Livingston, New Jersey;1984-02-07
1070;Bernardo Castillo Olmo;ESP;Jaén;1988-07-29
1071;Martín Buesa Azurmendi;ESP;Vitoria;1988-08-24
1072;Lior Eliyahu;ISR;Tel Aviv (Israel);1985-09-09
1073;Eric Fernández Pueyo;ESP;Barcelona;1989-02-07
1074;Marcos Molina Caravate;ESP;Murcia;1990-04-18
1075;Mario Álvarez Puertas;ESP;Plasencia;1991-09-23
1076;Bozhidar Svilenov Avramov;BGR;Varna;1990-03-08
1077;Michael David Ruffin;USA;Denver, Colorado;1977-01-21
1078;Maurice Ager;USA;Detroit;1984-02-09
1079;Robert Conley;USA;Georgia;1977-04-30
1080;Shammond Omar Williams;GEO;Bronx, New York;1975-04-05
1081;Alan Mark Voskuil;DNK;Mobile (Alabama);1986-09-10
1082;Sean Michael-Eli Singletary;USA;Philadelphia;1985-09-06
1083;Tomas  Van den Spiegel;BEL;Gent;1978-07-10
1084;David Marek;CZE;Praga;1985-06-08
1085;Eduard Torres Girbau;ESP;Barcelona;
1086;Walter Herrmann Heinrich;ESP;Venado Tuerto;1979-06-26
1087;Miguel Mauricio Molina Iborra;ESP;Málaga;1989-10-25
1088;Marko Jaric;SRB;Belgrado;1978-10-12
1089;Adrián Fuentes Fidalgo;ESP;Málaga;1987-01-07
1090;Juan Antonio Dixon;USA;Baltimore;1978-10-09
1091;Amara Sy;FRA;París;1981-10-28
1092;Ermin Jazvin;BIH;Mostar;1980-03-12
1093;Jordan Burger;BRA;Blumenau;1991-03-04
1094;Joseph Gomis;FRA;Evreux;1978-07-02
1095;Rubén Enrique Douglas;USA;Pasadena, CA;1979-10-30
1096;Devin Lavall Davis Monroe;ESP;Miami, Florida;1974-12-27
1097;Héctor Piquer Alós;ESP;;1991-07-17
1098;Álvaro Asier Martínez Garzo;ESP;Valladolid;1992-04-20
1099;Djeremaja Timoteus Mejsi;MKD;Detroit;1982-06-22
1100;Josep Clarós Canals;ESP;Tiana;
1101;Maurice Edward Bailey;USA;Hempstead, Nueva York;1981-10-30
1102;Alberto Ruiz de Galarreta Fernández;ESP;Logrono (La Rioja);1983-12-30
1103;Damir Rancic;HRV;Split;1983-06-23
1104;Gary Neal;USA;Ohio;1984-10-03
1105;Morris Edmond Almond;USA;Dalton, Georgia;1985-02-02
1106;Xavier Costa Barriga;ESP;;1984-11-10
1107;Leonardo Klassmann Waskiewicz;BRA;Santo Angelo;1989-05-23
1108;Rubén Santiago Garcés Riquelme;ESP;Colón;1973-10-17
1109;Ondrej Starosta;CZE;Praga;1979-05-28
1110;Lucas Javier Victoriano Acosta;ESP;S-Miguel Tucumán;1977-11-05
1111;Matías Lescano;ITA;Córdoba;1979-09-29
1112;Dimosthenis Ntikoudis;GRC;Larissa;1977-06-24
1113;Ermal Kurtoglu;TUR;Korca;1980-02-12
1114;Peter John Ramos;USA;Fajardo;1985-05-23
1115;José Antonio Paraíso González;ESP;Torrejón de Ardoz (Madrid);1971-04-20
1116;Ferran López Torras;ESP;Barcelona;1971-11-19
1117;V-Radivojevic;SRB;Belgrado;1983-09-20
1118;Gonzalo Martínez Martínez;ESP;Madrid;1974-07-03
1119;Jesse Wade Young;IRL;Peterborough;1980-04-29
1120;Ivan Opacak;BIH;Zenica;1980-04-23
1121;Bojan Bogdanovic;HRV;Mostar;1989-04-18
1122;Daniel Gregg Santiago;PRI;Lubbock, Texas;1976-06-24
1123;David Emil Andersen;DNK;Carlton (Australia);1980-06-23
1124;Ersan Ilyasova;TUR;Eskisehir;1987-05-15
1125;Andre Barrett;USA;Bronx (New York City);1982-02-21
1126;Jan Hendrik Jagla;DEU;Berlin;1981-06-25
1127;Simas Jasaitis;LTU;Vilnius;1982-03-26
1128;Thomas Rutledge Wideman;USA;Hartsville, South Carolina;1976-11-05
1129;Vonteego Cummings;USA;Thompson (Georgia);1976-02-29
1130;Eldar Fernández Cendejas Rodríguez;ESP;Barcelona;1989-01-20
1131;Iker Iturbe Martinez de Lecea;ESP;Vitoria;1976-07-10
1132;Predrag Savovic;SRB;Pula;1976-05-21
1133;Frederic Weis;FRA;Thionville;1977-06-22
1134;Quincy Lavell Lewis;USA;Little Rock, Arkansas;1977-06-26
1135;Luke Recker;USA;;1978-06-14
1136;Vladimir Boisa;SVN;Rustavi;1981-07-04
1137;Josep Maria Guzmán Canas;ESP;Badalona (Barcelona);1984-02-28
1138;Vrbica Stefanov;MKD;Kavadarci;1973-12-19
1139;William Keith Eley;USA;Detroit, Michigan;1975-01-14
1140;Marino Bazdaric;HRV;Rijeka;1978-11-25
1141;Matías Nocedal Pagano;ESP;Buenos Aires;1990-05-30
1142;Igor Rakocevic;SRB;Belgrado;1978-03-29
1143;Mustafadeen Shakur;USA;Pennsylvania;1984-08-18
1144;Ariel Julio Eslava Steinmetz;ESP;Buenos Aires;1979-04-11
1145;José María Balmón Calvente;ESP;Algeciras;1981-05-27
1146;Carles Marco Vinas;ESP;Badalona (Barcelona);1974-09-23
1147;Warren Carter;USA;;1985-04-23
1148;Andrea Pecile;ITA;Trieste;1980-03-30
1149;Elmer James Bennett;USA;Evanston, Illinois;1970-02-13
1150;Mile Ilic;SRB;Tuzla;1984-06-02
1151;Manuel Comas Hortet;ESP;Barcelona;
1152;Ernesto Díaz Ortiz;ESP;Málaga;1990-03-14
1153;Juan Ignacio Sánchez Brown;ESP;Bahía Blanca;1977-05-08
1154;Marko Tomas;HRV;Koprivnica;1985-01-03
1155;Filip Aleksandrov Videnov;BGR;Sofía;1980-06-12
1156;Carlos Román Cherry González;ESP;Sevilla;1979-10-25
1157;Carlos Eduardo Fernandes Vieria de Andrade;PRT;;1978-04-27
1158;Denis Marconato;ITA;Treviso;1975-07-29
1159;Daniel Ginés Martínez Giménez;ESP;;1991-05-13
1160;Nicola Vasic;SRB;Sabac;1984-09-15
1161;Daniel Ojeda Davila;ESP;;2019-06-17
1162;Donatas Slanina;LTU;Siauliai;1977-04-23
1163;Robert Hite;USA;Ohio;1984-01-12
1164;Tyus Dwayne Edney;USA;California;1973-02-14
1165;Angel González Jareno;ESP;Madrid;
1166;Paul Murphy Shirley;USA;Redwood City, California;1977-12-23
1167;DeJuan Lamont Collins;USA;Youngstown, Ohio;1976-11-20
1168;Daniel Martí Moreno;ESP;;1989-10-20
1169;Corey Lavelle Brewer;USA;West Memphis, Arkansas;1975-01-02
1170;Vlado Ilievski;SVN;Strumica;1980-01-19
1171;Andrija Zizic;HRV;Split;1980-01-14
1172;Alberto Antuna Leal;ESP;Murcia;1991-10-19
1173;Branko Milisavljevic;SRB;Uzice;1976-07-21
1174;Marcus Vondell Faison;BEL;Köln;1978-02-18
1175;Francisco Alberto Angulo Espinosa;ESP;Zaragoza;1970-06-19
1176;Francisco Javier Imbroda Ortiz;ESP;Melilla;
1177;Cristian Alexis Montas García;ESP;La Romana;1979-09-11
1178;Jorge Santana Montes;ESP;Las Palmas de Gran Canaria;1990-01-09
1179;Nenad Mijatovic;MNE;Split (Croacia);1987-01-22
1180;Loren Gerard Woods;USA;Misouri;1978-06-21
1181;William Kendrick Gregory;USA;Columbus (Ohio);1978-11-16
1182;Kennedy Lawrence Winston;USA;Alabama;1984-07-29
1183;Francisco Solsona Serrano;ESP;;1989-11-09
1184;Fulvio Chiantia De Assis;ITA;Sao Paulo;1981-08-15
1185;David Tomás Marina Simón;ESP;Madrid;1988-03-23
1186;Joaquín Bonhome Pulido;ESP;Córdoba;1986-04-04
1187;John Harding Lucas III;USA;Washington D.C.;1982-11-21
1188;Giorgi Sharabidze;GEO;;1990-04-27
1189;Mariano De Pablos Alonso;ESP;;1975-12-22
1190;Michal Chylinski;POL;Bydgoszcz;1986-02-22
1191;Rick Hughes;USA;Cincinnati, Ohio;1973-08-22
1192;Kevin Lamont Thompson;USA;Winston Salem, North Carolina;1971-02-07
1193;Heshimu Kenyata Evans;USA;;1975-05-05
1194;Ignacio Yánez Cidad;ESP;Madrid;1973-04-11
1195;Daniel Strong;FRA;Denville, New Jersey;1975-01-18
1196;Juan José Bernabé Pascual;ESP;Alicante;1975-12-28
1197;Daniel García Gutiérrez;ESP;Badalona (Barcelona);1975-12-12
1198;Gustavo Aranzana Méndez;ESP;Valladolid;
1199;Corsley Edwards II;USA;Baltimore, Maryland;1979-03-05
1200;Christopher Massie;USA;;1976-09-10
1201;Kornel David;HUN;Nagykanizsa;1971-10-22
1202;Rubén Pablo Magnano;ITA;Villa María, Córdoba (Argentina);
1203;Jesús Antonio Cilla Rubio;ESP;Zaragoza;1977-01-10
1204;Aaron Miles;USA;Portland, Oregon;1983-04-13
1205;Antonio Bustamante Gaitán;ESP;Sevilla;1984-07-17
1206;Michalis Kakiouzis;GRC;Atenas;1976-11-29
1207;Patrick Graham Carroll;USA;;1982-09-10
1208;Arriel Rene McDonald;SVN;Harvey, Illinois;1972-01-05
1209;Jarod Stevenson;USA;Seul;1975-12-01
1210;Jackson Vroman;USA;Laguna, California;1981-06-06
1211;Predrag Drobnjak;SRB;Bijelo Polje;1975-10-27
1212;Marc Gasol Sáez;ESP;Barcelona;1985-01-29
1213;Pau Llinas De Cendre;ESP;Girona;1990-03-07
1214;Zoran Planinic;HRV;Mostar;1982-09-12
1215;José Luis Fernández Sixto;ESP;Ferrol;1975-08-04
1216;Aleksej Nesovic;BIH;Sarajevo;1985-03-14
1217;Álvaro Frutos Zurita;ESP;Madrid;1987-03-18
1218;Jared Thomas Reiner;USA;;1982-08-04
1219;Guillermo Federico Kammerichs;DEU;Goya;1980-06-21
1220;Anton Gavel;SVK;Kosice;1984-08-14
1221;Stephane Remy Daniel Risacher;FRA;Moulins;1972-08-26
1222;Xavier López López;ESP;Barcelona;1983-04-04
1223;Asier Zengotitabengoa García;ESP;Vitoria-Gasteiz;1988-04-29
1224;Brian Boddicker;USA;Sioux City, Iowa;1981-06-08
1225;Vassil Lliev Evtimov;FRA;Sofia;1977-05-30
1226;Joao Santos;PRT;Lisboa;1979-06-15
1227;Ignacio Pablo Rodríguez Marín;ESP;Málaga;1970-09-02
1228;Georgios Pavlidis;GRC;Thessaloniki;1978-02-03
1229;Sergio De la Fuente Valdizán;ESP;Vitoria;1989-10-01
1230;Iván Corrales Gordo;ESP;Plasencia (Cáceres);1974-07-12
1231;Oscar Yebra Fernández;ESP;León;1974-07-15
1232;Michel Morandais;FRA;;1979-09-10
1233;Mario Kasun;HRV;Vinkovci;1980-04-05
1234;Charles Smith;USA;Fort Worth, TX;1975-09-22
1235;Michalis Pelekanos;GRC;;1981-05-25
1236;Kerem Tunçeri;TUR;Estambul;1979-04-14
1237;Dejan Milojevic;SRB;Belgrado;1977-04-15
1238;Mindaugas Timinskas;LTU;Silute;1974-03-28
1239;Victor Hidalgo Balaguer;ESP;;1986-08-16
1240;Fred House;USA;Valdosta;1978-01-04
1241;Craig Callahan;USA;Maquoketa, Iowa;1981-05-26
1242;Bernardo Hernández Arencibia;ESP;Las Palmas de Gran Canaria;1975-04-08
1243;Marko Tusek;SVN;Trbovlje;1975-07-17
1244;Javier Mendiburu Urgell;ESP;Badalona (Barcelona);1980-12-01
1245;Ignacio González Gallego;ESP;Valencia;1988-01-29
1246;Linton Johnson;USA;Chicago;1980-06-13
1247;Darius Pakamanis;LTU;;1981-09-08
1248;Alex Acker;USA;;1983-01-21
1249;José Manuel Hernández González;ESP;;1989-03-19
1250;Alejandro Navajas Garrido;ESP;Málaga;1986-10-06
1251;Ratko Varda;SRB;Bosanska Gradiska;1979-05-06
1252;Jaime Diéguez Bodelón;ESP;;1989-11-06
1253;Zeljko Rebraca;SRB;Apatin;1972-04-09
1254;Jorge Calvo Otero;ESP;;1987-10-30
1255;Javier Carlos González López;ESP;Pau (Francia);
1256;Albert Teruel Pla;ESP;Barcelona;1987-04-03
1257;Claudio Fonseca Do Santos;PRT;Lisboa;1989-01-22
1258;Lonny Baxter;USA;Whasington D.C.;1979-01-27
1259;Youssoupha Mbao;SEN;Dakar;1990-04-12
1260;Vitaliy Potapenko;UKR;Kiev;1975-03-21
1261;Nnaduben Gabriel Enyinnaya Muoneke;USA;Ann Arbor, Michigan;1978-02-07
1262;Maurice Lamar Whitfield;CZE;Philadelphia, PA;1973-03-29
1263;Ivan Tomas;HRV;Kropivnica;1981-03-15
1264;Orlando Camin Mendíbil;ESP;Gijón;1989-04-01
1265;Fabio Arlindo Da Cruz Lima;PRT;Lisboa;1988-08-18
1266;Erik Christopher Daniels;USA;Cincinnati (Ohio);1982-04-01
1267;Nicolás de los Santos Talmón;ARG;Bahia Blanca;1988-04-15
1268;Germaine Jackson;USA;Michigan;1976-06-07
1269;Pablo Movilla Ramos;ESP;Badajoz;1987-10-31
1270;Daniel Yusta García;ESP;Madrid;1986-02-04
1271;John Garfield Bailey;USA;California;1975-11-19
1272;Walker Dwayne Russell Jr.;USA;Michigan;1982-10-06
1273;Tomas Nagys;LTU;Mazeikiai;1980-03-05
1274;Terrell Ray Castle;BIH;Louisiana;1972-09-12
1275;Pau Vila Camprodon;ESP;Girona;1990-06-08
1276;Christopher M-Hernández;USA;México;1983-03-17
1277;J-Singleton;USA;;1981-07-20
1278;Michael Bradley;USA;Worcester, Mass.;1978-04-18
1279;Olumide Oyedeji;NGA;Ibadan;1981-05-11
1280;David Anthony Noell II;USA;North Carolina;1984-02-27
1281;Martí Serra Davesa;ESP;Girona;1989-10-25
1282;Mario García Burón;ESP;León;1973-04-20
1283;Moustapha Sonko;FRA;Paris;1972-06-14
1284;Javier Lucas Blasco;ESP;Alcoi;1986-05-22
1285;Alain Digbeu;FRA;Macon;1975-11-13
1286;Charles Macarthur Kornegay Uzzell;ESP;Dudley (North Carolina);1974-09-28
1287;Roko Leni Ukic;HRV;Split;1984-05-12
1288;Tre Simmons;USA;Seattle;1982-07-24
1289;Martín Calvo Seren;ESP;;1988-07-29
1290;Darnell Marcus Lamar Fizer;USA;Inkster, MI;1978-08-10
1291;Pedro Fernández Espinosa;ESP;Cartagena (Murcia);1978-04-19
1292;Howard Stephen Brown;USA;Poistown, Pennsylvania;1977-07-21
1293;Terrell Myers;GBR;New Haven, Connecticut;1974-08-28
1294;Gerald Brown Jr.;USA;Los Angeles (California);1975-07-28
1295;Francesc Xavier Solana Tomás;ESP;Lleida;1972-01-03
1296;Rubén Martínez Pérez;ESP;Madrid;1985-12-12
1297;Virginijus Praskevicius;LTU;Kaunas;1974-03-04
1298;Gonzalo Sánchez Pérez de la Blanca;ESP;Granada;1985-10-19
1299;Roberto Walter Gabini;ITA;San Nicolás;1975-06-10
1300;César Sanmartín Abán;ESP;Barcelona;1975-10-19
1301;Charles Gaines;USA;Houston, TX.;1980-10-15
1302;Andrew Sullivan;GBR;Londres;1980-02-12
1303;Jordi Llorens Zapata;ESP;Barcelona;1973-08-04
1304;Lelton Gerard Brown;GBR;Dallas (Texas);1978-09-09
1305;Daniel Edgardo Farabello;ITA;;1973-10-18
1306;Samuel Clancy JR;USA;Fairview (Ohio);1980-05-04
1307;Robert Gulyas;HUN;;1974-07-28
1308;Haris Mujezinovic;BIH;Visoko;1974-01-31
1309;Víctor José Luengo Ciscar;ESP;Valencia;1974-02-01
1310;Roberto Chiacig;ITA;Cividale Del Friuli;1974-12-01
1311;Kaya Peker;TUR;Ankara;1980-08-02
1312;José Amador Correas;ESP;Alicante;1983-03-23
1313;Ionut Florin Dragusin;ROU;Bucarest;1985-11-13
1314;Devin Michael Smith;USA;Delaware;1981-04-12
1315;Jon Santamaría Bengoa;ESP;San Sebastián;1982-05-08
1316;Esteban Martínez;ITA;Buenos Aires;1982-04-07
1317;Ivan Koljevic;SRB;Cetinje;1984-06-30
1318;Hollis Price;USA;New Orleans;1979-10-29
1319;Patrick Oliver Femerling;DEU;Dusseldorf;1975-03-04
1320;Demetrius Darnell Alexander;USA;St-Louis, Missouri;1975-11-03
1321;Branimir Longin;HRV;Zadar;1978-02-07
1322;Marlon Errol Garnett;USA;Los Angeles, California;1975-07-03
1323;Alberto Aspe Ortiz;ESP;Madrid;1987-05-13
1324;G-Nikolic;SRB;Niksic;1976-07-01
1325;Francisco García Alvarez;ESP;Valladolid;
1326;Hurl Luther Beechum III;DEU;Des Moines, Iowa;1973-05-02
1327;Alvaro Calvo Masa;ESP;Palencia;1983-03-27
1328;Alejandro Martín Alloatti;ITA;Santo Tomé;1984-11-29
1329;Roberto Morentin Gutiérrez;ESP;Valladolid;1981-01-16
1330;Gregor Fucka;ITA;Kranj;1971-08-07
1331;Dainius Salenga;LTU;Varena;1977-04-15
1332;José López Valera;ESP;Madrid;1981-09-30
1333;Luis Alberto Scola Balvoa;ESP;Buenos Aires;1980-04-30
1334;Sergio Pérez Soriano;ESP;Barcelona;1985-03-13
1335;Pavel Ermolinski;ISL;Sovetrikin;1987-01-25
1336;DeMarco Antonio Johnson;USA;Charlotte, North Carolina;1975-10-06
1337;Jan Orfila Sternal;ESP;Menorca;1986-01-29
1338;Manuel Blázquez López;ESP;Albacete;1989-03-22
1339;Marcelo Patricio Nicola Virginio;ESP;Rafaela;1971-05-12
1340;Rodney Charles White;USA;Philadelphia (Pennsylvania);1980-06-28
1341;Marvis Linwood Thornton III;USA;Baltimore, Maryland;1977-07-30
1342;Francisco Javier Álvarez Gutiérrez;ESP;;1975-04-07
1343;Marcus James Brown;USA;West Memphis, Arkansas;1974-04-03
1344;Ignacio Azofra De la Cuesta;ESP;Madrid;
1345;Devin Noel Wright Rodríguez;ESP;Huesca;1986-10-05
1346;Marko Maravic;SVN;Ljubljana;1979-06-26
1347;Adria Mesa Pérez;ESP;Castellar del Valles;1987-05-15
1348;Julian Alexander Sensley;DEU;New Orleans;1982-08-18
1349;Ivan Zoroski;SRB;Beogrado;1979-09-24
1350;Enrique Camilo Ruiz Granado;ESP;Las Palmas de Gran Canaria;1985-04-26
1351;Rubén Sánchez García;ESP;San Pedro del Pinatar;1989-01-17
1352;Daniel Ginés Martínez Giménez;ESP;Murcia;1991-05-13
1353;Marko Milic;SVN;Kranj (Eslovenia);1977-05-07
1354;Ender Arslan;TUR;Estambul;1983-01-13
1355;Jelani Marwan McCoy;USA;California;1977-12-06
1356;Jan Martín Sonneborn;ESP;Hannover;1984-11-20
1357;Sasa Vasiljevic;SRB;;1979-03-23
1358;Nikolaos Vetoulas;GRC;Patra;1974-02-06
1359;Audrius Giedraitis;LTU;Vilnius;1973-07-23
1360;Ignacio Lezkano Moya;ESP;Portugalete (Vizcaya);1972-10-17
1361;Damir Mulaomerovic;HRV;Tuzla (Bosnia-Herzegovina);1974-09-19
1362;Justin Charles Hamilton;USA;Sarasota (Florida);1980-12-19
1363;Ramón López Suarez;ESP;Ferrol (La Coruna);
1364;Bozidar Maljkovic;SRB;Otacec;
1365;Jorge García López;ESP;;1989-02-01
1366;Anthony Allen Stacey;USA;Elyria, Ohio;1977-03-25
1367;Scott Anthony Padgett;USA;Lousville,KY;1976-04-19
1368;Steven A-Smith;USA;Pensylvania;1983-04-12
1369;Héctor Orlando Romero Rivas;VEN;;1980-01-03
1370;Ademola Okulaja;DEU;Lagos;1975-07-10
1371;Juan Antonio Orenga Forcada;ESP;Castellón;
1372;Casey Jacobsen;USA;Glendora, California;1981-03-19
1373;Antoni Espinosa Teixidor;ESP;L?Escala (Girona);1971-03-17
1374;Anthony Eugene Peeler;USA;Kansas City, Missouri;
1375;Oscar González Cuevas Gómez Acebo;ESP;Madrid;1977-07-12
1376;Héctor García Blanco;ESP;Madrid;1978-03-20
1377;Norman Lewis Nolan;USA;Baltimore, Maryland;1976-01-20
1378;Aigars Vitols;LVA;Riga;1976-02-15
1379;David Gil Andreu;ESP;Málaga;1978-01-07
1380;Britton Weaver Johnsen;USA;Salt Lake City, Utah;1979-07-08
1381;Doremus Bennerman;SWE;Bridgeport, Connecticut;1972-07-05
1382;Omar Quintero Pereda;MEX;Nogales;1981-09-26
1383;Efthimios Rentzias;GRC;Trikala;1976-01-11
1384;David Rhode Graves;USA;Lexington, Kentucky;1979-07-03
1385;Manuel Gómez Cagiao;ESP;Betanzos (La Coruna);1978-12-23
1386;Nikola Radulovic;ITA;Zagreb;1973-04-26
1387;Javier Nasarre Mora;ESP;;1986-08-24
1388;Harper Terry Williams;USA;Bridgeport, Connecticut;1971-05-25
1389;Joseph Casey Shaw;ITA;Lebanon, Ohio;1975-07-20
1390;Adam Harrington;USA;Bernardston, Massachusetts;1980-07-05
1391;Jason Robert Klein;DEU;Dearborn, Michigan;1976-12-25
1392;Rubén Burgos López;ESP;Ribarroja (Valencia);1979-06-09
1393;Rubén Elías Quintana Ruano;ESP;Agüimes (Gran Canaria);1980-02-25
1394;Francesc Cabeza Campillo;ESP;Sabadell (Barcelona);1981-07-27
1395;Richard A-Scott;USA;Little Rock, Arkansas;1971-07-12
1396;Evangelos Sklavos;GRC;Atenas;1977-12-01
1397;Lorinza Harrington Junior;USA;Wagram, North Carolina;1980-10-02
1398;Derrick Jonathon Dial;USA;Detroit, Michigan;1975-12-20
1399;Marco Carraretto;ITA;Treviso;1977-10-27
1400;Juan Pablo Sartorelli;ITA;Buenos Aires;1983-01-18
1401;Djuro Ostojic;SRB;Bar;1976-02-27
1402;Tyrone Jeremy Grant;USA;Brooklyn, New York;1977-01-24
1403;Nebojsa Bogavac;SRB;Bijelo Polje;1973-12-14
1404;Joseph McNaull;POL;Miami, Florida;1972-06-23
1405;Haywood Christopher Owens;USA;Akron, Ohio;1979-03-01
1406;Raymond Lee Tutt;USA;San Pedro, California;1975-09-16
1407;Eduard Riu Ortiz de Urbina;ESP;Sant Quintí de Mediona (Barna);1982-05-14
1408;Philip Carl Ricci;USA;Sacramento, California;1980-05-31
1409;Andrae Malone Patterson;USA;Riverside, California;1975-11-12
1410;Xavier García Pujadas;ESP;Manresa;1972-08-16
1411;Ivan Grgat;HRV;Sinj;1974-09-22
1412;Jesús Lázaro Corral;ESP;Córdoba;1971-12-21
1413;Javier Fijo Cortés;ESP;Sevilla;
1414;Kaspars Cipruss;LVA;Rezekne;1982-02-18
1415;Aaron Jordon Bramlett;USA;Dekalb, Illinois;1977-01-10
1416;Raúl Pérez Ramos;ESP;Carmona (Sevilla);
1417;Alberto Miguel Martín;ESP;Laredo, Cantabria;1977-05-29
1418;Vladimir Krstic;HRV;Osijek;1972-07-27
1419;Robert Maras;DEU;Friburg;1978-10-20
1420;Patricio Reynés Calvache;ESP;Maó;
1421;Salvador Camps Sanjosé;ESP;Badalona (Barcelona);1979-05-19
1422;Andrej Stimac;HRV;Rijeka;1979-03-31
1423;Francesc Sabaté Boada;ESP;Barcelona;1974-03-28
1424;Alfonso Reyes Cabanas;ESP;Córdoba;1971-09-19
1425;Francisco de Borja Larragán Mac Crohon;ESP;Madrid;1976-04-19
1426;Spencer John Gloger;USA;Mission Vieja (California);1980-09-11
1427;Andre Devalle Turner;USA;Memphis, Tennessee;
1428;Stanislav Makshantsev;RUS;Sverdlovsk;1978-06-29
1429;Andrés Vaquero Mena;ESP;Cáceres;1986-01-11
1430;Jose  Miguel Lopes Peixoto Almeida;PRT;Braga;1986-03-20
1431;Jawad Hason Williams;USA;LakeWood (Ohio);1983-02-19
1432;Marc Torres Regalón;ESP;;1986-10-16
1433;Ricardo Eduardo Fox Tejero;ESP;;1981-08-21
1434;Mario Plata Sereno;ESP;Cáceres;1987-09-28
1435;Blake Roy Stepp;USA;;1982-02-04
1436;Jerome Beasley;USA;;1980-05-17
1437;Gaizka Gorospe Las Heras;ESP;;1986-09-04
1438;Enelko Ortiz García;ESP;;1987-06-03
1439;Josep Mestres Biescas;ESP;L?Hospitalet Llobregat (Barcelona);1985-09-26
1440;John Antonio Taylor;USA;Chatanooga (Tennessee);1974-06-04
1441;Marton Bader;HUN;Budapest;1980-09-23
1442;Ioannis Giannoulis;GRC;Toronto;1976-06-05
1443;Juan Pedro García Pardo;ESP;;1988-05-04
1444;Paccelis Octave Morlende;FRA;Creil;1981-04-19
1445;Nestoras Kommatos;GRC;Larissa;1977-05-04
1446;Ricardo Piedrafita Vila;ESP;;1984-11-22
1447;Sandro Nicevic;HRV;Pula;1976-06-16
1448;Todor Stoykov;BGR;;1977-01-01
1449;Eduardo Enrique Cota;USA;Los Angeles, California;1976-05-19
1450;Maurice Antwan Carter;USA;Jackson (Missouri);1976-10-12
1451;Sasa Stefanovic;SRB;Belgrado;1975-09-17
1452;Alex J-Scales;USA;Racine, Winsconsin;1978-07-03
1453;Sergio Bruno Antunes Selores Ramos;PRT;Lisboa;1975-12-11
1454;David Lee Jackson Junior;USA;Klamath Falls, Oregon;1978-09-21
1455;Christopher Anstey;AUS;Melbourne T.;1975-01-01
1456;Raúl Lázaro Burgueno;ESP;Madrid;1987-01-24
1457;Miroslav Beric;SRB;Belgrado;1973-01-20
1458;Casey Wayne Calvary;USA;Wurzburg;1977-04-27
1459;Randy Alfred Holcomb;USA;Chicago;1979-08-08
1460;Anthony Goldwire;USA;West Palm Beach, Florida;1971-09-06
1461;Antonio José Sosa Benítez;ESP;Sevilla;1985-03-23
1462;Elton Eugene Brown Junior;USA;Newport News, Virginia;1983-09-09
1463;José María García Flores;ESP;;1987-04-27
1464;Asier García Regueiro;ESP;Salamanca;1978-12-14
1465;Ilian Evtimov;FRA;Sofia;1983-03-28
1466;Danya Earl Abrams;USA;Westchester, New York;1974-09-24
1467;Daniel Romero Oliva;ESP;Málaga;1973-01-03
1468;Alessandro Abbio;ITA;Racconigi;1971-03-13
1469;Francisco Javier Rueda Naranjo;ESP;Málaga;1976-03-09
1470;Roberto De la Rosa Hernández;ESP;Sta-Cruz de Tenerife;1985-10-25
1471;Joan Montes Pérez;ESP;Barcelona;
1472;Christian Drejer;DNK;Frederiksberg;1982-12-08
1473;Ramón Espuna Bartrina;ESP;Olot (Girona);1984-05-07
1474;Ricardo González Tezanos;ESP;Torrelavega (Cantabria);1975-04-07
1475;Vladimir Stergiou;GRC;Belgrado (Yugoslavia);1977-01-27
1476;Charlie Bell;USA;Flint (Michigan, EE.UU.);1979-03-12
1477;Sebastián Castineira;ESP;;1978-07-22
1478;Esteban López Tamborini;ITA;General Pico;1984-06-11
1479;Andrea Camata;ITA;San Dona di Piave;1973-11-26
1480;Brian Eugene Howard;USA;;
1481;Roberto Núnez Sánchez;ESP;Madrid;1978-05-31
1482;José Luis Maluenda Benedí;ESP;Calatayud (Zaragoza);1977-04-04
1483;Arvydas Macijauskas;LTU;Klaipeda;1980-01-19
1484;Asier Arzallus Gil;ESP;Pamplona;1983-04-20
1485;José Manuel Calderón Borrallo;ESP;Villanueva Serena (Badajoz);1981-09-28
1486;Albert Ros Anguila;ESP;;1981-07-15
1487;Sergi Grimau Gragera;ESP;Barcelona;1975-01-15
1488;Paul Andrew Rogers;GBR;Adelaide;1973-09-29
1489;Cyril Julian;FRA;;1974-03-29
1490;Sharone Addaryl Wright;USA;Macon, Georgia;1973-06-30
1491;Roger Esteller Juyol;ESP;Barcelona;1972-07-06
1492;Carlos Prada Hernández;ESP;;1984-10-10
1493;Francisco Alberto Angulo Espinosa;ESP;Zaragoza;1970-06-19
1494;Aleksander Petrovic;HRV;Sibenik (Croacia);
1495;Gabriel Diego Fernández;ITA;Lomas de Zamora;1976-10-23
1496;Derrick Samuel Alston;USA;Bronx, New York;1972-08-20
1497;Jaume Comas Font;ESP;Premiá de Mar (Barcelona);1974-08-02
1498;Bernardino Tamames Alonso;ESP;Lleida;1973-08-15
1499;Pau López Hernández;ESP;;1984-04-21
1500;Jamie Arnold;USA;Detroit, Michigan;1975-03-10
1501;Brent Steven Scott;USA;Lansing, Michigan;1971-06-15
1502;Martin Peter Cattalini;ITA;Fremantle;1973-10-04
1503;Patrick John Burke;IRL;Dublin;1973-12-14
1504;Antonios Fotsis;GRC;Maroussi;1981-04-01
1505;Alberto Herreros Ros;ESP;Madrid;
1506;Nikola Loncar Arsenijevic;ESP;Kragujevac (Yugoslavia);1972-05-31
1507;Miquel Feliu Badal;ESP;Manresa;1985-05-17
1508;César Bravo Gil;ESP;Barcelona;1981-05-14
1509;José Ramón Esmorís Esmorís;ESP;Laracha (La Coruna);1975-05-23
1510;Vladimir Bogojevic;DEU;Kraljevo (Yugoslavia);1976-04-20
1511;Leandro Fabián Palladino;ITA;Concepción;1976-01-13
1512;José Iván Rodríguez Cabrera;ESP;Santa Cruz de Tenerife;1975-06-30
1513;Bruno Lábaque;ITA;;1977-11-11
1514;Walter Roderick Sellers;USA;Florence, South Carolina;1970-08-07
1515;Santiago Toledo Jiménez;ESP;Las Palmas de Gran Canaria;1972-10-18
1516;Lewis Elliot Sims;ESP;Cleveland, Ohio;1973-04-09
1517;Matthew Santangelo;ITA;Portland, Oregon;1977-09-08
1518;Pablo Jesús Alemany Espejo;ESP;Cádiz;1984-05-12
1519;Ernest Lenell Bremer;USA;;1980-09-19
1520;Alvin Robert Lamar Jones III;LUX;Luxemburgo (Luxemburgo);1978-09-09
1521;Alejandro Ariel Montecchia;ITA;Bahía Blanca;1972-01-01
1522;Daniel Callejo Barrena;ESP;Badajoz;1983-04-18
1523;Gonzalo Echeverría Martel;ESP;Las Palmas de Gran Canaria;1986-01-23
1524;Adrián Núnez Fernández;ESP;Lugo;1984-08-31
1525;Francisco Cano Cuenca;ESP;Alicante;1984-05-10
1526;Luis Felipe Gruber;ITA;Santa Rosa;1985-04-16
1527;Antonio Hernández Cazorla;ESP;Las Palmas de Gran Canaria;1983-03-12
1528;Remon Van de Hare;NLD;Amsterdam;1982-05-23
1529;Gintaras Einikis;LTU;Kretingos;
1530;Fulgencio Casanova De Alba;ESP;Sevilla;1986-02-08
1531;Fabricio Raúl Jesús Oberto;ITA;Las Varillas;1975-03-21
1532;Daniel Borja Munoz Marina;ESP;;1987-04-16
1533;Damián García Reinisch;ESP;Murcia;1986-03-20
1534;Adolfo Santos Zea;ESP;;1984-07-17
1535;Damon S-Johnson;ISL;Johnson City, Tennessee;1974-03-01
1536;Dejan Tomasevic;SRB;Belgrado (Yugoslavia);1973-05-06
1537;Richard Francis Barry;DEU;Danville, California;
1538;Eric Struelens;BEL;Bruselas;
1539;Rashard Nathan Griffith;USA;Chicago, Illinois;1974-10-08
1540;Joan Jordi Vall-Llobera Auladell;ESP;;1983-01-12
1541;Troy Delvon Bell;USA;Minneapolis (MinNesota);1980-11-10
1542;Nicolás Nahuel Calvo;ESP;;1986-02-07
1543;Javier Rodríguez Fernández;ESP;Gijón (Asturias);1984-04-13
1544;José Ignacio Biota Pérez;ESP;Jaca (Huesca);1975-12-19
1545;Casey William Schmidt;DEU;Cook, Illinois;1970-09-30
1546;Bryce Homer Drew;ITA;;1974-09-21
1547;Jorge Mateu Noceda;ESP;Madrid;1973-08-18
1548;Gabriel Alonso González;ESP;;1983-05-16
1549;Eduard Villacampa Rúbies;ESP;;1985-06-29
1550;William Keys;USA;Illinois;1977-10-26
1551;Francisco Javier Perujo Campano;ESP;Málaga;1980-07-17
1552;Sean Lester Rooks;USA;New York;
1553;Lubara Dixon Simpkins;USA;Fort Washington (Maryland);1972-04-06
1554;Javier Mesa Iánez;ESP;Alhendín (Granada);1977-06-30
1555;Zan Tabak;HRV;Split;1970-06-15
1556;Daniel López Dittert;ESP;;1986-09-18
1557;Daniel Brian Miller;ITA;MountHolly (New Jersey);1980-03-18
1558;Rodney Elliott;USA;Dunban (Baltimor, Maryland);1976-03-04
1559;Bradley Robert Traina;ITA;Marietta, Georgia;1977-08-04
1560;Sanya Komlan Giffa;FRA;Moscú;1977-06-19
1561;Marc Rubio Vives;ESP;El Masnou (Barcelona);1988-02-22
1562;Sergi Clavaguera Caner;ESP;Olot (Girona);1985-08-19
1563;Milan Malatras;GRC;Novi Sad;1976-06-17
1564;Ramón Bordas Manjón;ESP;;1977-12-13
1565;Manuel Flores Sánchez;ESP;Mérida (Badajoz);
1566;Marcel Sol Vall;ESP;Lleida;1987-01-02
1567;Rasheed Brokenborough;USA;;1976-06-24
1568;Tyrone Davis McDaniel;USA;;1971-08-09
1569;Antoine Roger Rigaudeau;FRA;Cholet;1971-12-17
1570;Scott David Burrell;USA;New Haven (Connecticut);1971-01-12
1571;Antonio Miguel Ruiz;ESP;;1986-03-23
1572;Kristoffer Douglas Lang;USA;Gastonia (North Carolina);1979-12-12
1573;Carlton Ettore Francesco Myers;ITA;Londres;1971-03-30
1574;Joseph Garcia Roundy;CYP;Las Vegas (Nevada);1975-09-09
1575;Robert Marvin Martin;USA;Atlantic City, New Jersey;
1576;Ricardo Elisandro Busciglio;ITA;Resistencia;1986-04-11
1577;Marcel García Calafí;ESP;Badalona;1987-08-13
1578;Rolando Teophilos Howell;USA;Columbia (South Carolina);1982-04-28
1579;DeSean William Hadley;USA;Dayton (Ohio);1977-09-14
1580;Daniel Hernández González;ESP;;1986-01-17
1581;Andrew Lawrence Nicholas;USA;Heupstead (New York);1981-05-17
1582;Marcos Casado Casuso;ESP;;1983-01-29
1583;James Joseph Larranaga;IRL;Charlotte, North Carolina;1975-01-30
1584;Fernando Vidal Fernández;ESP;Vigo (Pontevedra);1985-01-22
1585;Danny Cornell Lewis;GBR;Kalamazoo, Michigan;1970-06-21
1586;Anderson França Varejao;BRA;Colatina;1982-09-28
1587;Drazan Tomic;DEU;Berlin;1974-04-27
1588;Juan Llaneza Rodríguez;ESP;Mieres (Asturias);
1589;John Gregory Thomas;USA;Minneapolis, Minnesota;1975-09-08
1590;Marco Sambugaro;ITA;Werneck;1971-01-14
1591;Sydney Amilcar Johnson;FRA;Lansing, Michigan;1974-04-26
1592;Julio César Lamas;ARG;Buenos Aires (Argentina);
1593;Kaspars Kambala;LVA;Riga (Letonia);1978-12-13
1594;Souleymane Drame Kamara;ESP;Ibadan (Nigeria);1980-04-19
1595;Bernardo Alvarez Merino;ESP;Reus (Tarragona);1971-08-03
1596;John Bernard Rogers Bakker;ESP;Fullerton, California;
1597;José Ignacio Rodilla Gil;ESP;Llíria (Valencia);1974-03-12
1598;Francisco Alonso Salas;ESP;Zamora;
1599;Victor Joe Alexander;USA;Detroit, Michigan;
1600;Steven Christopher Horton Frazier;ESP;Chicago, Illinois;1972-12-25
1601;Matthew J-Nover;PRT;Chesterton, Indiana;1970-09-23
1602;Antonio De Andres Reynolds-Dean;USA;Marietta, Georgia;1977-03-11
1603;Enrique Bárcenas De la Banda;ESP;Aranjuez (Madrid);1973-06-05
1604;José Luis Galilea Vidaurreta;ESP;San Sebastián;1972-07-09
1605;Patrick Bryan Bracey;IRL;Chicago, Illinois;1978-08-05
1606;Nenad Markovic Zoric;ESP;Doboj (Yugoslavia);
1607;José Felipe Coello Farina;ESP;Sta-Cruz de Tenerife;
1608;Robert A-Jackson;USA;Milwaukee, Wisconsin;1978-12-15
1609;Oscar Ruiz Ruiz;ESP;Alcalá del Río (Sevilla);1985-10-03
1610;Jordi Singla Artigas;ESP;Manresa (Barcelona);1970-06-25
1611;John Oliver Brown;USA;Miami, Florida;1974-07-29
1612;Maiol Cisteró Saludes;ESP;Barcelona;1974-10-29
1613;Javier Alvarado Rodríguez;ESP;Las Palmas de Gran Canaria;1985-04-13
1614;Marcus Kenta Goree;USA;Dallas, Texas;1977-10-11
1615;Dusan Jelic;GRC;Belgrado (Yugoslavia);1975-08-13
1616;Javier Buesa Azurmendi;ESP;Vitoria;1978-06-03
1617;Imanol Ruiz de Vergara Ruiz de Azúa;ESP;Vitoria-Gasteiz;1985-03-26
1618;Roger Fornas Lladó;ESP;Barcelona;1982-10-24
1619;Daniel Rodríguez García;ESP;Esplugues Ll-(Barcelona);1984-02-13
1620;Mikhail Mikhailov;ESP;Chelvabinsk (Rusia);1971-05-17
1621;José Javier Terrén Morales;ESP;Sabadell (Barcelona);1984-01-25
1622;Juan Arsenio Torres Rueda;ESP;Mérida (Badajoz);1983-11-10
1623;Ime Inyang Oduok;NGA;Eket;1971-12-06
1624;Iker Baskones Legarda;ESP;Vitoria-Gasteiz;1983-07-26
1625;Raúl Hernández Moreno;ESP;;1986-05-07
1626;Ramón Moya Pérez;ESP;Murcia;1974-11-20
1627;Saulo Hernández Bris;ESP;Zamora;1978-12-18
1628;Dejan Koturovic;ITA;Belgrado (Serbia-Mont);1972-03-31
1629;Rafael Velázquez Sánchez;ESP;;1983-02-01
1630;Christopher Marcus Mc Guthrie;NLD;Washington, DC;1974-06-09
1631;Kebu Omar Stewart;USA;Brooklyn, New York;1973-12-19
1632;Alfredo García Martínez;ESP;Torrelavega (Cantabria);
1633;Juan Manuel Moltedo;ITA;Montevideo;1974-06-24
1634;Juan José López Gómez;ESP;Madrid;1982-09-13
1635;Enrique Suárez Reizábal;ESP;Madrid;1983-01-24
1636;Asier Alonso Sanz;ESP;Vitoria-Gasteiz;1984-03-12
1637;Iván Humanes Molpeceres;ESP;Madrid;1976-11-05
1638;Aleix Prat Monfort;ESP;Olesa de Montserrat (Barna);1984-04-14
1639;Javier Pardos Cruz;ESP;Zaragoza;1984-03-22
1640;Miguel Angel Martín Fernández;ESP;Madrid;
1641;Martin Mcbride Conlon;IRL;Bronx, New York;
1642;Robert John Pack Jr.;USA;New Orleans, Louisiana;
1643;Iván Eduardo Déniz O'Donnell;ESP;Santa Cruz de Tenerife;1973-05-21
1644;Mario Lapiedra Vivanco;ESP;Madrid;1984-02-06
1645;Fabricio David Vay;ITA;Jesús María;1986-03-26
1646;Kaniel Michele Dickens;USA;Denver, Colorado;1978-07-21
1647;David González Hernández;ESP;Sta-Cruz de Tenerife;1982-01-21
1648;Ashraf Omar Amaya;USA;Oak Park, Illinois;1971-11-23
1649;Brandon Albert Kurtz;USA;Fresno, California;1978-06-27
1650;Fabrizio Ambrassa;ITA;Savigliano;
1651;Jordi Millera Mas;ESP;Barcelona;1971-03-10
1652;Velimir Perasovic;HRV;Split;
1653;John Sam Williams;USA;Los Angeles, California;
1654;Adam Thomas Keefe;USA;Irvine, California;1970-02-22
1655;Alfonso Albert García;ESP;Torrent (Valencia);1973-05-22
1656;Adam Wojcik;POL;Olawa;1970-04-20
1657;Maceo Demond Baston;USA;Corsicana, Texas;1976-05-29
1658;Hanno Aleksanteri Mottola;FIN;Helsinki;1976-09-09
1659;Laurent Marcel Guy Foirest;FRA;Marseille;1973-09-18
1660;Jim Ruddy Anicet Bilba;FRA;Pointe-a-Pitre;
1661;Jerome Byron Allen;USA;Philadelphia, Pennsylvania;1973-01-28
1662;Francisco Marinho Robbij Elson;NLD;Rotterdam;1976-02-28
1663;Manuel Valdivieso Navarro;ESP;Sevilla;1984-05-20
1664;Andrés Guibert Sargenton;CUB;La Habana;
1665;Ernesto Serrano Avilés;ESP;Granada;1974-03-12
1666;Antonio Gómez Nieto;ESP;Córdoba;
1667;Juan Carlos Linán Castellanos;ESP;Granada;1973-10-31
1668;M.C-Mazique;USA;Brooklyn, New York;1975-03-02
1669;Michael Wright;USA;Chicago, Illinois;1980-01-07
1670;Giorgios Sigalas;GRC;Atenas;1971-07-31
1671;Dragan Tarlac;GRC;Sobor (Yugoslavia);1973-05-09
1672;Steve Michael Hawkins;USA;Canton, Ohio;1972-10-28
1673;Raúl Mena Mateos;ESP;Madrid;1982-06-09
1674;Joffre Lleal Ronda;ESP;Badalona (Barcelona);1971-08-03
1675;Juan Antonio Orenga Forcada;ESP;Castellón;
1676;Miguel Eduardo Hansen Mejias;ESP;Torrejón de Ardoz (Madrid);1970-04-17
1677;Deon La velle Thomas;ISR;Chicago, Illinois;1971-02-24
1678;Manel Bosch Bifet;ESP;Lleida;
1679;William Allen Edwards;USA;Middletown, Ohio;1971-09-22
1680;Pedro Capdevila Bernaus;ESP;Barcelona;1973-01-25
1681;Xavier Vallmajó Tercero;ESP;Barcelona;1975-02-19
1682;Javier Fernández Fernández;ESP;L?Hospitalet (Barcelona);
1683;Enrique Moraga Munoz;ESP;Sabadell (Barcelona);1974-04-08
1684;David Wayne Brabender Pascual;ESP;Madrid;1970-10-22
1685;Francisco José Murcia Sánchez;ESP;Murcia;1970-11-14
1686;Juan Penarroya Rodríguez;ESP;Terrassa (Barcelona);
1687;José Miguel Antúnez Melero;ESP;Madrid;
1688;Francisco José Martín Gutiérrez;ESP;Ciempozuelos (Madrid);
1689;Juan Ignacio Elizagaray García;ESP;Madrid;1982-07-28
1690;David Leroy Wood;USA;Spokane, Washington;
1691;Alvaro Palacios Rufo;ESP;Salamanca;1982-12-17
1692;David Mesa Iánez;ESP;Alhendín (Granada);1980-11-28
1693;Samuel Nadeau;FRA;Colombes;1982-07-07
1694;Mehdi Jamel Labeyrie;FRA;Burdeos;1978-02-23
1695;Angel Francisco Santana Castillo;ESP;Las Palmas de Gran Canaria;1977-05-23
1696;Yohan Sangare;FRA;Poissy;1983-04-05
1697;Eduardo Hernández García;ESP;Vitoria;1981-07-31
1698;Todd Douglas Fuller;USA;Fayetteville, North Carolina;1974-07-25
1699;Jabari Montsho Smith;USA;Atlanta, Georgia;1977-02-12
1700;Veljko Mrsic;HRV;Split;1971-04-13
1701;Bryan Ruston Sallier;USA;Port Arthur, Texas;
1702;Thierry Zig;FRA;Bondy;1975-07-04
1703;Jesús Castro Romaní;ESP;Ferrol (A Coruna);1983-05-29
1704;Edward Santana Pimentel;ESP;Hato Mayor (R-Dominicana);1980-04-20
1705;Pablo Laso Biurrún;ESP;Vitoria;
1706;Anthony Bonner;USA;St-Louis, Missouri;
1707;Alessandro De Pol;ITA;Trieste;1972-07-15
1708;William Warren Phillips;FRA;Niza;1979-03-18
1709;Jerod Davanta Ward;USA;Jackson, Mississippi;1976-05-05
1710;Marcos Antonio Baltanás Ruiz;ESP;Málaga;1976-06-13
1711;Alejandro Escudero Carrasco;ESP;Madrid;1974-08-18
1712;Thierry Gadou;FRA;Dax;
1713;Glenn Edwards Sekunda;IRL;Camden, New Jersey;1973-07-15
1714;Amal Omari McCaskill;USA;Maywood, Illinois;1973-10-28
1715;Reginald Dwayne Slater;USA;Houston, Texas;1970-08-27
1716;Michael Alan Iuzzolino;ITA;Altoona, Pennsylvania;
1717;Juan Sanguino Valverde;ESP;;1980-02-19
1718;Rubén Oscar Wolkowyski;POL;Juan José Castelli;1973-09-30
1719;Paul Joseph Burke;SWE;Wyncote, Pennsylvania;1972-08-02
1720;Zendon Alfonso Hamilton;USA;Queens, New York;1975-04-29
1721;Sebastián Vargas Alcacer;ESP;Alicante;1984-09-25
1722;Alberto Moncholí Copete;ESP;Alicante;1984-04-20
1723;Brian Lee Cardinal;USA;Tolono, Illinois;1977-05-02
1724;Panagiotis Liadellis;GRC;Volos;1974-12-07
1725;Ryan Christopher Mendez;USA;Burleson, Texas;1977-08-08
1726;James Curtnyle Forrest;USA;Atlanta, Georgia;1972-08-13
1727;Juan Manuel Rodríguez Rodríguez;ESP;Las Palmas de Gran Canaria;1976-05-21
1728;Grygoriy Khizhnyak;UKR;Nikolaev (Ucrania);1974-07-16
1729;Christophe Marc Humbert;FRA;Fort de France (Martinica);1979-08-07
1730;Rafael Talaverón García;ESP;Barcelona;1972-11-08
1731;Félix Sánchez Pérez;ESP;Granada;1974-09-19
1732;Nkechinyelu Peter Ezugwu;GBR;Shrewsbury;1976-09-10
1733;Carlos Sainz de Aja Canedo;ESP;Madrid;
1734;Tomás Jofresa Prats;ESP;Barcelona;1970-01-25
1735;Jason Jermane Sasser;USA;Denton, Texas;1974-01-03
1736;Lluis Martínez Bancells;ESP;Girona;1974-08-31
1737;Carlos Montes García;ESP;Madrid;
1738;Anderson Friedrich Schutte;DEU;Curitiba;1975-07-25
1739;Joseph Edward Beard;ITA;Fairfax, Virginia;1975-02-21
1740;Steve Anthony Hansell;GBR;Birmingham;1975-02-17
1741;Carl Antonio Granger;USA;Detroit, Michigan;1976-06-06
1742;Mikkel Langager Larsen;DNK;Kobenhavn-Hellig Kors;1972-11-10
1743;Dante John Calabria;ITA;Pottstown, Pennsylvania;1973-11-08
1744;Nikolaos Ekonomou;GRC;Nikea Attikis;1973-02-19
1745;Arturas Karnisovas;LTU;Klaipeda;1971-04-27
1746;Ariel Maximiliano Reale;ITA;Río Tercero;1973-01-03
1747;Tanoka Dwight Beard;USA;Ogden, Utah;1971-09-29
1748;Juan Ignacio Romero Misas;ESP;Pedroche (Córdoba);1973-07-30
1749;José Lasa Azpeitia;ESP;Las Palmas de Gran Canaria;1973-07-24
1750;Alfred Julbe Bosch;ESP;Barcelona;
1751;Daren Queenan;BEL;Norristown, Pennsylvania;
1752;Larry Alexander Stewart;USA;Philadelphia, Pennsylvania;
1753;Santiago Abad Viciano;ESP;Barcelona;
1754;Gary Alexander Roberts;ESP;Jacksonville, Florida;
1755;Crawford Henry Palmer;FRA;Alexandria, Virginia;1970-09-14
1756;Dusan Vukcevic;GRC;Sarajevo (Bosnia-Herzegovina);1975-11-14
1757;Aleksandar Djordjevic;SRB;Belgrado (Yugoslavia);
1758;Daniel Angel García González;ESP;Torrelavega (Cantabria);1970-05-26
1759;José María Panadero Cordón;ESP;Cáceres;1977-01-27
1760;Benjamin Jerome Davis;USA;Vero Beach, Florida;1972-12-26
1761;Carlos Rodríguez Diéguez;ESP;Ourense;1970-09-28
1762;Corey Eugene Louis;USA;Miami, Florida;1977-02-12
1763;Antxon Iturbe Martínez de Lecea;ESP;Vitoria;1979-04-11
1764;Guilherme Giovannoni;ITA;Piracicaba;1980-07-02
1765;Josep Cargol Costa;ESP;S-Joan les Fonts (Girona);
1766;Rex Andrew Walters;USA;Omaha, Nebraska;1970-03-12
1767;Kenneth Allen Miller Tolbert;ESP;Evergreen Park, Illinois;
1768;Jens-Uwe Gordon;DEU;Salinas, California;
1769;Warren Lynn Kidd;USA;Harpersville, Alabama;1970-09-09
1770;Christopher Corchiani;ITA;Coral Gables, Florida;
1771;Santiago Barreras Ochoa;ESP;Colindres (Cantabria);1980-03-15
1772;Josep Pacreu Terradas;ESP;La Bisbal (Girona);1978-02-28
1773;Antonio Llorente Gento;ESP;Valladolid;
1774;Adrián Héctor Boccia;ITA;Rosario;1982-07-14
1775;Brian Clifford;IRL;Manhattan, New York;1970-09-30
1776;Peter Anthony Guarasci;ITA;Niagara Falls;1974-02-25
1777;Benito Doblado Velázquez;ESP;Lebrija (Sevilla);1971-03-14
1778;Xavier Ventura Carvalho;ESP;Badalona (Barcelona);1981-12-12
1779;Makan Dioumassi;FRA;Paris;1972-07-21
1780;Richard Petruska;ITA;Levice (Eslovaquia);
1781;Nathaniel William Davis;USA;Manhanssett, New York;1976-09-27
1782;Daniel Fernández Andrés;ESP;Madrid;1976-03-20
1783;Mario Marcell Bennett;USA;Denton, Texas;1973-08-01
1784;Manuel Sánchez Somoano;ESP;Ribadesella (Asturias);1981-05-11
1785;Hugo Ariel Sconochini;ITA;Canada de Gómez;1971-04-10
1786;Jean-Marc Jaumin;BEL;Sint Agatha Berchem;1970-02-05
1787;Joan Enric Rivas Molins;ESP;Lleida;1982-05-22
1788;Scott Hamilton Paterson;GBR;Oshawa;
1789;José Quintana Valdivieso;ESP;Madrid;1975-03-25
1790;John Morton Jr.;USA;Bronx, New York;
1791;Alex Mesa Luque;ESP;Lleida;1981-03-24
1792;Germán García Barbadillo;ESP;Madrid;1980-09-17
1793;Joaquín Costa Puig;ESP;Badalona (Barcelona);
1794;Fernando Ovelleiro Marcos;ESP;Valladolid;1973-08-07
1795;Vincenzo Esposito;ITA;Caserta;
1796;Stefano Attruia;ITA;Trieste;
1797;Douglas McArthur Overton Jr.;USA;Philadelphia, Pennsylvania;
1798;Benjamin Ikpeme Ebong;USA;Port Hartcourt;1976-01-20
1799;Andre Larry;USA;Compton, California;1977-12-08
1800;Leroy Tresguerres Fernández;ESP;Oviedo (Asturias);1985-04-23
1801;Fernando García Alcalde;ESP;Granada;1981-09-10
1802;Christos Charisis;GRC;Atenas;1976-07-09
1803;Fernando Nahuel Mohedano Navarini;ESP;General Pico;1983-05-16
1804;Alberto Férriz Del Saz;ESP;Madrid;1983-04-28
1805;Carl Emmanuel Thomas;VIR;St-Croix;1976-09-07
1806;Steven Edwards;USA;Miami, Florida;1973-03-01
1807;Víctor Manuel Pérez Ramos;ESP;Sevilla;1982-04-12
1808;Manuel De la Casa Castillo;ESP;Jaén;1982-07-13
1809;Rafael Melquiades Guerra Santana;ESP;Las Palmas de Gran Canaria;1978-12-27
1810;Diego Claudio Quintana Santana;ESP;Las Palmas de Gran Canaria;1978-10-25
1811;Julio Ricardo Mendoza Ruiz;ESP;Granada;1980-06-03
1812;Pablo Yánez Castro;ESP;Las Palmas de Gran Canaria;1981-02-10
1813;Paul Rafael Fortier;FRA;San Francisco, California;
1814;Andrew Kent Toolson;USA;Chicago, Illinois;
1815;Brian W-Shorter;ITA;Philadelphia, Pennsylvania;
1816;Gonzalo García Téllez;ESP;Valladolid;1971-03-20
1817;Ricardo Le Shaun Hill;USA;Oceanside, California;1977-02-14
1818;Shaun Garin Vandiver;USA;Chicago, Illinois;
1819;Pau Gasol Sáez;ESP;Barcelona;1980-07-06
1820;Sergio Luyk Torres;ESP;Madrid;1971-09-20
1821;Michael Antonio Ansley;USA;Birmingham, Alabama;
1822;José Antonio Vázquez Vázquez;ESP;Ourense;1975-02-21
1823;Aaron Anthony Swinson;USA;Douglas, Georgia;1971-01-09
1824;Michael Brown;ITA;Newark, New Jersey;
1825;Reginald Fox;USA;Chicago, Illinois;
1826;Diego Marcelo Osella;ITA;Oncativo;
1827;José María Moreno Fernández;ESP;El Ferrol (La Coruna);1974-12-19
1828;Francisco Javier Sánchez Jiménez;ESP;Málaga;1979-03-17
1829;Bruno Eugene Aloyse Hamm;FRA;Strasbourg;1970-09-22
1830;José Angel Arcega Aperte;ESP;Zaragoza;
1831;Timothy D-Perry;USA;Freehold, New Jersey;
1832;César Alonso Gracia;ESP;Valencia;1975-12-18
1833;Hugues Thierry Occansey;FRA;Moyeuvre-Grande;
1834;Josep Maria Izquierdo Ibanez;ESP;Badalona (Barcelona);
1835;Ferran Martínez Garriga;ESP;Barcelona;
1836;Slaven Rimac;HRV;Zagreb;1974-12-19
1837;Eric Johnson Jones;ESP;Brooklyn, New York;
1838;Ryan Eugene Stack;USA;Nashville, Tennessee;1975-07-24
1839;Francisco Javier Martín Lozano;ESP;Madrid;1976-06-25
1840;Paulo Jorge Gomez Marques Pinto;PRT;Sao Joao da Madeira;1974-04-18
1841;Gabriel Ruiz García;ESP;Sta-Coloma Gramanet (Barna);1973-03-18
1842;Erik Joal Meek;USA;San Diego, California;1973-01-17
1843;Jiri Zidek;CZE;Zlin (República Checa);1973-08-02
1844;José Manuel Basurto Barcena;ESP;Santander;1976-01-27
1845;Alejandro Gómez Girón;ESP;Barcelona;1972-07-20
1846;Steven Gregory Payne;USA;Calumet Park, Illinois;1972-06-27
1847;Daniel Pérez Masip;ESP;Barcelona;
1848;Eduardo Argos Ortega;ESP;Torrelavega (Cantabria);1981-11-11
1849;Ronald Fred Seikaly;USA;Beirut (Líbano);
1850;Carlos De Miguel Bastos;ESP;Vigo (Pontevedra);1976-08-04
1851;César Mariano Arranz Martín;ESP;Talavera de la Reina (Toledo);
1852;Juan Miguel Navalón López;ESP;Alicante;1975-04-05
1853;Miguel Angel Pichardo;ESP;Santiago (R-Dominicana);1980-02-08
1854;Ismael Torres Aguilar;ESP;Adra (Almería);1979-08-06
1855;Rafael Rufián Alcaide;ESP;Cádiz;1982-09-20
1856;Albert Berenguer Miranda;ESP;Barcelona;1979-07-30
1857;Francisco de Borja Pérez Ouro;ESP;La Coruna;1976-06-23
1858;Gerard Darnés Soms;ESP;Girona;1972-12-27
1859;Saulius Stombergas;LTU;Klaipeda;1973-12-14
1860;Miguel Angel Beltrán Domínguez;ESP;Beas (Huelva);1981-06-14
1861;Luis Munoz Parrondo;ESP;Madrid;1979-05-19
1862;Iago Losada Balado;ESP;Lugo;1979-02-07
1863;Jordi Vallmajó Tercero;ESP;Figueres (Girona);1982-05-08
1864;Hugo García Blanco;ESP;Madrid;1981-05-22
1865;José Ignacio González Ramírez;ESP;Madrid;1979-07-17
1866;Marlon Lee Maxey;USA;Chicago, Illinois;
1867;Angel José De Pablos Escalona;ESP;Valladolid;
1868;José Francisco Masa Suarez;ESP;Torrelavega (Cantabria);1982-04-22
1869;Zoran Savic;SRB;Cenika (Yugoslavia);
1870;Borja Vidal Fernández Fernández;ESP;Pontigón (Asturias);1981-12-25
1871;Stephen Christopher Howard;USA;Dallas, Texas;1970-07-15
1872;Patrick Wayne Durham;FRA;Dallas, Texas;
1873;Mikel Smith Gibbs;ESP;New York, New York;
1874;Xavier Oliveras Huix;ESP;Salt (Girona);1982-01-11
1875;Etdrick Bohannon;USA;San Bernardino, California;1973-05-29
1876;Terquin T-Mott;USA;Philadelphia (Pennsylvania);1974-01-30
1877;Voise Lee Winters Harris;ESP;Chicago, Illinois;
1878;Axel Pleuger;DEU;Bergisch Gladbach;1978-08-14
1879;Oumarou Toure;FRA;Bamako (Mali);1979-07-07
1880;Herbert E-Jones;USA;Atlanta, Georgia;1970-01-24
1881;José Luis Oliete Terraz;ESP;Zaragoza;
1882;Jameel Sharif Watkins;USA;Brooklyn, New York;1977-08-02
1883;Marques Jamal Bragg;USA;Newark, New Jersey;1970-03-24
1884;Rubén Veloso Carnero;ESP;Ourense;1979-02-26
1885;Geno Marcellus Carlisle;USA;Grand Rapids, Michigan;1976-08-13
1886;Antonio Pedrera Leo;ESP;Cáceres;1970-09-18
1887;Daniel Alvarez Palomero;ESP;Zaragoza;1971-04-02
1888;Keith Donovan Hill;USA;Brooklyn, New York;1970-08-05
1889;Hans-Jürgen Gnad;DEU;Darmstadt;
1890;Keith Russell Jennings;USA;Culpepper, Virginia;
1891;Enrique Andreu Balbuena;ESP;Valencia;
1892;Serguei Babkov;RUS;Novosibirsk, Rusia;
1893;Martti Olavi Kuisma;FIN;Espoo;1970-07-24
1894;Mihajlo Vukovic;YUG;Kraljevo (Yugoslavia);
1895;Lisard González Termens;ESP;Barcelona;1971-08-26
1896;Juan Antonio Morales Abrisqueta;ESP;Bilbao;
1897;Jean-Jacques Nzadi Conceiçao;PRT;Kinshasa (Zaire);
1898;Giancarlo Marcaccini;ITA;Santa Monica (California);1972-11-08
1899;Martín Fernando Ferrer Núnez;ESP;Palma de Mallorca;1973-11-01
1900;Jaume Morales Molina;ESP;Badalona (Barcelona);1972-03-16
1901;Monte Wellington Marcaccini;ITA;Santa Monica, California;1975-01-03
1902;David Chanca Granero;ESP;Barcelona;1976-11-19
1903;Jonathan Jerome Haynes;USA;Philadelphia, Pennsylvania;1971-09-14
1904;Rafael Vega Kindelán;ESP;Madrid;1971-02-18
1905;Miroslav Pecarski;GRC;Novi Sad (Yugoslavia);
1906;Glen Whisby Jr;USA;Chicago, Illinois;1972-06-29
1907;Oscar Damián Cobelo López;ESP;El Ferrol (La Coruna);1972-02-23
1908;Javier Pérez Iniesta;ESP;Madrid;1970-03-16
1909;Spencer Earl Dunkley;GBR;Wolverhampton;
1910;Thomas Edward Jordan;USA;Baltimore, Maryland;
1911;Miguel Angel Reyes Sanguino;ESP;Cáceres;
1912;Gaylon Harrel Nickerson;USA;Osecola, Arkansas;
1913;Joaquín Salvo Pastor;ESP;Vigo (Pontevedra);
1914;David Vaughn III;USA;Tulsa, Oklahoma;1973-03-23
1915;Guy Goodes;GBR;Haifa (Israel);1971-03-13
1916;Sasa Radunovic Raicevic;ESP;Titogrado (Yugoslavia);
1917;Mario Boni;ITA;Codogno;
1918;Dyron Patrick Nix;USA;Meridian, Mississippi;
1919;Nathan Lee Higgs;USA;Tarboro, North Carolina;1970-10-21
1920;Víctor Alemany Sayos;ESP;Torelló (Barcelona);1975-05-05
1921;Serge Zwikker;NLD;Vlaardingen;1973-04-28
1922;Rodney Walter Mason;USA;Tulsa, Oklahoma;
1923;Kenneth Anthony Green;USA;Waterbury, Connecticut;
1924;Iker Urreizti Aldalur;ESP;San Sebastián;1975-04-26
1925;Juan Aísa Blanco;ESP;Madrid;1971-03-04
1926;Sherron Mills;TUR;Salisbury, Maryland;1971-07-29
1927;José Manuel Coego Díez;ESP;Burgos;1978-12-18
1928;Nuno Ricardo Oliveira Marçal;PRT;Campanha Porto;1975-11-14
1929;Alberto Alzamora Ametller;ESP;Palma de Mallorca;1974-03-14
1930;Juan Miguel Morales Pérez;ESP;Las Palmas de Gran Canaria;1978-01-12
1931;Alfredo Fabón García;ESP;Zaragoza;1971-07-15
1932;Francisco Javier Ruiz González;ESP;Madrid;1975-07-29
1933;Michael Lewis Richmond;PRT;Philadelphia, Pennsylvania;
1934;Lorenzo González Álvarez;ESP;Cádiz;1979-02-20
1935;Askia Rahman Jones;USA;Philadelphia, Pennsylvania;1971-12-03
1936;Eduardo Pascual Arcas;ESP;Bilbao;1971-06-05
1937;Rubén Méndez Prieto;ESP;León;1979-04-18
1938;Antonio Tortajada Martínez;ESP;Valencia;1976-04-29
1939;John Chandler Thompson;USA;Muncie, Indiana;1970-02-02
1940;Julio Alberto González Sánchez;ESP;Navia (Asturias);1981-05-19
1941;Steven Bernard Carney;PRT;Portsmonth, Virginia;
1942;Fernando González Álvarez;ESP;Salamanca;1981-12-29
1943;Fredy Navarrete Sosa-Costa;ESP;Melo;1972-06-04
1944;Carlos Uzal Couto;ESP;Newport;1971-03-27
1945;Xavier Rodríguez Tierno;ESP;Manresa (Barcelona);
1946;David Gómez Rosa;ESP;Cáceres;1979-03-05
1947;Jordi Jiménez Casanova;ESP;Vilassar de Mar (Barcelona);1980-03-19
1948;Darío Quesada Lope;ESP;Madrid;1976-03-15
1949;Juan Espinosa Johnson;ESP;Plattsburgh, New York;
1950;José Ignacio Pérez Gutiérrez;ESP;Santander;1978-05-23
1951;Xabier Madina De Endaya;ESP;Bilbao;1975-08-02
1952;Víctor Férriz Del Saz;ESP;Madrid;1979-07-15
1953;James Echos Collins;USA;Jacksonville, Florida;1973-11-05
1954;Juan Carlos Paredes Miguel;ESP;Las Palmas de Gran Canaria;1980-09-23
1955;Jonathan Garavaglia;ITA;Dearborn, Michigan;1974-04-08
1956;Darío Perales Cebolla;ESP;Zaragoza;1981-03-27
1957;Manuel Antonio Castro Sanmartín;ESP;Betanzos (La Coruna);1973-11-15
1958;Torraye Braggs;USA;Fresno, California;1976-05-15
1959;Jason L-Lawson;USA;Philadelphia, Pennsylvania;1974-09-02
1960;Javier González García;ESP;Albacete;
1961;Nathaniel Thomas Huffman;USA;St-Lovis, Michigan;1975-04-02
1962;José Luis Ortún Pérez;ESP;Vitoria;1977-07-27
1963;Adrian Bernard Caldwell;USA;Falls County, Texas;
1964;Edward Charles O'Bannon;USA;Los Angeles, California;1972-08-14
1965;Clifford Luyk Diem;ESP;Syracuse, New York;
1966;Ismael Fabián Santos Rodríguez;ESP;Ourense;1972-04-26
1967;Joan Creus Molist;ESP;Ripollet (Barcelona);
1968;Jerónimo Bucero Miguel;ESP;Madrid;1973-03-29
1969;Oriol Rabert Llora;ESP;Girona;1978-09-08
1970;Steven Withington Goodrich;USA;Bruselas;1976-03-18
1971;Eduardo Sánchez Cimadevilla;ESP;Molina de Segura (Murcia);1978-02-24
1972;Joaquín García Pérez;ESP;Barcelona;
1973;Antonio Demetrice Smith;USA;Norfolk, Virginia;1970-02-13
1974;James Terryl Bryson;USA;Philadelphia, Pennsylvania;1971-04-09
1975;Robert Alexander Blackwell;USA;Tom River, New Jersey;1970-06-27
1976;Ronald Davis;FRA;New Orleans, Louisiana;
1977;José Alberto Pesquera Martínez;ESP;León;
1978;Reginald Jerod Jackson;USA;Baker, Louisiana;1973-12-10
1979;Emiliano Morales Munoz;ESP;Alcázar de San Juan (C-Real);1976-04-03
1980;Wayne Francis Tinkle II;USA;Milwaukee, Wisconsin;
1981;Gerald Madkins;USA;Merced, California;
1982;Albert Lajuane Burditt;USA;Austin, Texas;1972-05-15
1983;Miguel Angel Cabral Torres;ESP;Jerez de la Frontera (Cádiz);
1984;Robert Joseph Harstad;USA;Anoka, Minnesota;
1985;Roy Cromwell Fisher;USA;Seattle, Washington;
1986;Malcolm Malik Mackey;USA;Chattanooga, Tennessee;1970-07-11
1987;Pedro Adolfo Ramírez Rodríguez;ESP;Málaga;
1988;Francisco Avalos Luengo;ESP;Córdoba;1973-06-29
1989;Alejandro Burgos Gálvez;ESP;Málaga;1975-04-14
1990;Daniel Joseph Godfread;USA;Fort Wayne, Indiana;
1991;Antonio Lydell Harvey;USA;Pascagoula, Mississippi;1970-07-06
1992;David Sala Bonet;ESP;Viladecans (Barcelona);1971-07-14
1993;Torbjorn Arne Gehrke;SWE;Linkoping;
1994;Diego Pérez Moreno;ESP;Madrid;1975-06-22
1995;Jesús Carlos Del Río Antolín;ESP;Villadiezma (Palencia);1975-11-22
1996;Mario Santana Sánchez;ESP;Las Palmas de Gran Canaria;1975-08-21
1997;Javier Velázquez Ibanez;ESP;Madrid;1975-03-03
1998;Christopher McNealy;USA;Fresno, California;
1999;Miguel Rivera Fernández;ESP;Atarfe, Granada;1970-04-25
2000;David García Pena;ESP;Torrelavega (Cantabria);1980-02-25
2001;Sebastian Machowski;DEU;Berlin;1972-01-18
2002;Manuel Pérez Cervantes;ESP;Málaga;1976-01-22
2003;Ian Dewitt Lockhart;BHS;Nassau (Bahamas);
2004;Mergin Sina;BEL;Trieste;
2005;Francisco García Caudevila;ESP;Madrid;1974-02-23
2006;Antonio Díaz Cerrejón;ESP;La Palma del Condado (Huelva);1977-04-25
2007;Jorge León López;ESP;Santander;1981-09-05
2008;Ronald Jay Curry;USA;Bloomington, Illinois;1970-02-07
2009;Donald Edward Whiteside;USA;Chicago, Illinois;
2010;Robert Philip Gibbons;IRL;New York, New York;1975-05-13
2011;Carlos Brana González;ESP;Madrid;1977-04-10
2012;Vladan Alanovic;HRV;Zadar;
2013;Angel Alexander Nelcha;FRA;Caracas (Venezuela);
2014;Stefano Rusconi;ITA;Bassano Del Grappa;
2015;Keith Raymond Tower;USA;Libby, Montana;1970-05-15
2016;Gerry Sellars Wright;BEL;Austin, Texas;
2017;Xavier Soler Vives;ESP;Girona;1979-10-22
2018;J.D-Sanders;SWE;New York;
2019;Germán Martínez Segovia;ESP;Baza (Granada);1978-07-29
2020;Alejandro Alba Almendro;ESP;Málaga;1977-11-26
2021;Luca Usberti;ITA;Reggio Emilia;1973-02-05
2022;Darvin Demonte Ham;USA;Saginaw, Michigan;1973-07-23
2023;Javier Pin Tamayo;ESP;Granada;1977-07-14
2024;William Lamont Strothers;USA;Suffolk, Virginia;
2025;Tharon Rex Mayes;USA;New Haven, Connecticut;
2026;Irving Thomas;USA;Brooklyn, New York;
2027;Derell Lacero Washington;USA;Fort Knox, Kentucky;1971-07-24
2028;Carlos-Yvon Dicenta Saint-Victor;ESP;Madrid;
2029;Alfonso Johnson Jr.;USA;Birmingham, Alabama;
2030;David Lesmond;FRA;Boulogne Villancourt;1975-05-03
2031;Tomás González Moreno;ESP;Albacete;1971-05-30
2032;Joseph John Arlauckas;USA;Rochester, New York;
2033;Jorge Sanjuan Mestre;ESP;Barcelona;1973-08-29
2034;Angel Navarro Hernández;ESP;Valencia;
2035;Francisco Manuel Crujeiras Romero;ESP;Sta.Eugenia Ribeira (Coruna);
2036;Alejandro Rodríguez Sluismans;ESP;Arnhem;1970-10-03
2037;Jeffery Allen Martin;USA;Cherry Valley, Arkansas;
2038;Laurent Sciarra;FRA;Niza;1973-08-08
2039;Granger Errol Hall;USA;Newark, New Jersey;
2040;Luis Barroso Alvarez;ESP;Madrid;1971-01-09
2041;Miguel Angel Vílchez Lobato;ESP;Sevilla;1972-05-03
2042;Rafael Vecina Aceijas;ESP;Badalona (Barcelona);
2043;Teoman Alibegovic;SVN;Zenica (Yugoslavia);
2044;Tony Dwayne Harris;USA;Monroe, Louisiana;
2045;Harold Ellis;USA;Atlanta, Georgia;1970-10-07
2046;Tellis Joseph Frank Jr;USA;Gary, Indiana;
2047;Terrah Jerrod Mustaf;USA;Whiteville, North Carolina;
2048;Jamie Eugene Feick;USA;Lexington, Ohio;1974-07-03
2049;Joseph Pierre Courtney;USA;Jackson, Mississippi;
2050;Willelmo Villar Rodríguez;ESP;Las Palmas de Gran Canaria;
2051;David Solé Valls;ESP;Badalona (Barcelona);
2052;Stanley Leon Jackson;USA;Tuskegee, Alabama;1970-10-10
2053;William Jerome Lane;USA;Akron, Ohio;
2054;José Antonio Blanco Ortiz;ESP;Madrid;1970-03-15
2055;Gabriel Ramón Estaba García;VEN;Carupano (Venezuela);
2056;Luis Merino Verdejo;ESP;Salinas (Asturias);1971-05-08
2057;Carlos Díaz Moro;ESP;León;1976-05-15
2058;Enrique Jorge López Vilas;ESP;Montevideo;1970-09-18
2059;Juan José Llamas Suárez;ESP;Quart de Poblet (Valencia);1974-01-02
2060;José Miguel Hernández Camacho;ESP;Premia de Dalt (Barcelona);1971-01-23
2061;Pedro Rodríguez Fernández;ESP;Madrid;
2062;Jorge Fernández Madinabeitia;ESP;Alicante;1972-08-08
2063;Richard Anicet Lavodrama Ondoma;ESP;Bangui (R-Centroafricana);
2064;Antonio Maurice Watson;USA;Columbus, Ohio;1972-04-18
2065;Francisco J-Aurioles Moreno;ESP;Benalmádena (Málaga);
2066;John Lonergan O'Connell;IRL;Smithtown, New York;1974-07-05
2067;Manuel Bazán García;ESP;Argal (Cádiz);1971-03-02
2068;Juan José Morcillo Gallego;ESP;Sevilla;1970-05-22
2069;Fernando Vicario Moreno;ESP;Cáceres;1976-03-24
2070;Juan Pedro Cazorla Medina;ESP;Las Palmas de Gran Canaria;1976-01-02
2071;José María Pedrera Leo;ESP;Mérida (Badajoz);1972-09-18
2072;Jimmy Allen Oliver;USA;Menifee, Arkansas;
2073;Pablo Martínez Martínez;ESP;Madrid;1971-09-03
2074;Timothy Lawrence Shea;USA;New York, New York;
2075;John Patrick Burke;IRL;Dublin;1971-01-26
2076;Orlando Vega Smith;PRI;Brooklyn, New York;
2077;Víctor Rubén Mayo González;ESP;Murcia;1978-10-18
2078;Gregory Everett Stewart Nichols;ESP;New York, New York;
2079;Antonio García López;ESP;Madrid;
2080;Juan Ramón Rivas Contreras;ESP;New York, New York;
2081;Christos Koundourakis;GRC;Salónica;
2082;John Michael Coker;USA;Richland, Washington;1971-10-28
2083;Gregory Scott Sutton;USA;Santa Cruz, California;
2084;Manuel Gómez Vazquez;ESP;Punxin (Ourense);
2085;Timothy Duron Breaux;USA;Baton Rouge, Louisiana;1970-09-19
2086;Randolph Woods;USA;Philadelphia, Pennsylvania;1970-09-23
2087;Tirso Lorente Pérez;ESP;Madrid;
2088;Paris Webb McCurdy;FRA;Jackson, Missouri;
2089;Charles Edward Smith IV;USA;Washington, D.C.;
2090;Víctor Férnandez Suárez;ESP;La Robla (León);1977-12-27
2091;Dontonio B-Wingfield;USA;Albany, Georgia;1974-06-23
2092;Felipe José Martín Munoz;ESP;Vigo (Pontevedra);1977-07-22
2093;Carlos Rodríguez Moral;ESP;Madrid;1976-02-19
2094;Ricardo Hevia Álvarez;ESP;Mieres (Asturias);
2095;Trevor Wilson;USA;Los Angeles, California;
2096;Perry Franklin Carter Green;ESP;Washington, D.C.;
2097;Bruno Elier Alonso García;ESP;Palma de Mallorca;1977-06-26
2098;Rolf Theodor Van Rijn;NLD;Roosendal en Nispen;1972-10-23
2099;Stefano Vidili;ITA;Torino;
2100;Martín Farinas Romero;ESP;Alcántara (Cáceres);
2101;José María Alonso Calandria;ESP;Linares (Jaén);1971-04-23
2102;Milos Babic;SRB;Kraljevo (Yugoslavia);
2103;Gabriel Abrines Martí;ESP;Palma de Mallorca;
2104;Ignacio Castellanos Ballesteros;ESP;Madrid;1973-03-07
2105;Andrei Fetissov;RUS;Novokuznek (Rusia);1972-01-19
2106;José Antonio Montero Botanch;ESP;Barcelona;
2107;Linton Rodney Townes;USA;Richmond, Virginia;
2108;Martin Luther Keane;CAN;Kingston;
2109;Wayne Donald Brabender Cole;ESP;Montevideo, Minnesota;
2110;Grant William Gondrezick;USA;Boulder, Colorado;
2111;Kenneth Darnell Bannister;USA;Baltimore, Maryland;
2112;Xavier Crespo Clará;ESP;Barcelona;
2113;Jordi Villacampa Amoros;ESP;Reus (Tarragona);
2114;José Carmelo Artiles Morales;ESP;Telde (Gran Canaria);
2115;Anthony Pelle;USA;New York, New York;1972-12-01
2116;Juan Ignacio Gómez Gómez;ESP;Alicante;1973-11-30
2117;James Darren Allaway;GBR;;1972-11-15
2118;Jarvis Christopher Lang;USA;Greenville, North Carolina;1971-06-25
2119;Cedric Mc Henry Glover;USA;Mississippi;
2120;Oliver Fuentes Sardans;ESP;S-Joan Vilatorrada (Barna);1975-02-05
2121;Joseph Lee Daughrity;USA;Illinois;
2122;Kenneth Brian Young;USA;Fort Bragg, North Carolina;
2123;Abdul Rahman Shamsid-Deen;USA;Staten Island, New York;
2124;Thomas S-Garrick;USA;West Warwick, Rhode Island;
2125;Michael Levin Anderson;USA;Philadelphia, Pennsylvania;
2126;Labradford Corvey Smith;USA;Bay City, Texas;
2127;Zelimir Obradovic;SRB;Cacak (Yugoslavia);
2128;Javier Simón García;ESP;Madrid;1975-09-04
2129;Oscar Revuelto Sánchez-Aguilera;ESP;Zaragoza;1974-02-09
2130;José María Alarcón Mestres;ESP;Barcelona;
2131;Pedro Javier Escobedo Villagrasa;ESP;Zaragoza;1976-02-20
2132;Iván Pardo Lázaro;ESP;Sta-Coloma Gramanet (Barna);1972-04-02
2133;Joseph Paul Price;FRA;Marion, Indiana;
2134;Gustavo De Teresa Romero;ESP;Valladolid;1972-05-22
2135;Iker Ibarrola Idcate;ESP;Pamplona;1976-07-14
2136;Ahmadou Louis Karim Keita;FRA;Bamako (Mali);1970-11-02
2137;John Anthony Blake;USA;Massachussets;1971-06-18
2138;Ulises Deniz Saavedra;ESP;Las Palmas de Gran Canaria;1977-01-17
2139;Jordi Grau Soler;ESP;Barcelona;
2140;José Luis Llorente Gento;ESP;Valladolid;
2141;Christopher Donnell King;USA;Newton Grove, North Carolina;
2142;Alexey Martins Rodrigues de Carvalho;PRT;Rio de Janeiro;
2143;Joaquín Costa Puig;ESP;Badalona (Barcelona);
2144;Luis Rosa Junquera;ESP;Barcelona;1974-04-12
2145;Alvaro Batista Ramos;ESP;Santa Cruz de Tenerife;1975-03-18
2146;Craig Stewart Newman;GBR;Red Deer;1976-03-09
2147;Clifford Glen Rozier II;USA;Bradenton, Florida;1972-10-31
2148;Raimundo Barneda Domingo;ESP;Vilanova i la Geltrú (Barna);
2149;Johneirio Terrell Bell;USA;Athens, Georgia;1973-12-15
2150;Anthony Todd Farmer;USA;Lakewood, California;1970-01-03
2151;Alessandro Angeli;ITA;Rimini;
2152;Jesús Alberto Sanz Mata;ESP;Madrid;
2153;Thimothy Burroughs;USA;Hopkins, South Carolina;
2154;Ronald Lewis Rowan;IRL;New Brighton, Pennsylvania;
2155;Larry Robinson;USA;Bossier City, Louisiana;
2156;Robert Alan Lock;USA;Reedley, California;
2157;Ricardo Aldrey Rey;ESP;Santiago Compostela (CoruNa);
2158;Carlos Francisco Ruf Osola;ESP;Hamina;
2159;Albert Brea Corredor;ESP;Girona;1974-03-13
2160;Alexis Lombilla González;ESP;Las Palmas de Gran Canaria;1975-04-15
2161;Juan Eduardo Pinero Vazquez;ESP;Barcelona;
2162;José Posada Totorika;ESP;Ermua (Vizcaya);1970-02-18
2163;Howard Gregory Wright;USA;San Diego, California;
2164;Jonathan Corey Crowder;USA;Carrollton, Georgia;
2165;Rickie O'Neal Winslow;USA;Houston, Texas;
2166;Federico Ramiro Mor;ESP;Madrid;
2167;Carl Thomas;USA;Dayton, Ohio;
2168;Roberto Bustamante Collado;ESP;Madrid;
2169;José Antonio Figueroa Cerdeirina;ESP;Madrid;
2170;Ferrán Heras Ribot;ESP;Mataró (Barcelona);
2171;David Lee Scott;USA;Jeffersonville, Indiana;
2172;Darrell Lamar Lockhart;USA;Thomaston, Georgia;
2173;Marvin Louis Alexander;USA;Memphis, Tennessee;
2174;Joaquín Costa Prat;ESP;Badalona (Barcelona);
2175;Randy White;USA;Shreveport, Louisiana;
2176;Daniel James O'Sullivan;USA;Bronx, New York;
2177;Roberto José Carvajal Canga;ESP;Gijón (Asturias);1971-12-10
2178;Sergio Cortés Aguilera;ESP;Granada;
2179;Emmanuel James Blackwell;USA;Mount Kisco, New York;
2180;José María Silva Barroso;ESP;Madrid;1972-03-18
2181;Juan Antonio Hernández Cerdán;ESP;Madrid;
2182;Kevin Ross Holland;USA;Long Beach, California;
2183;Darren Troy Morningstar;USA;Stevenson, Washington;
2184;Jeffrey Raynard Sanders;USA;Augusta, Georgia;
2185;Kevin Michael Rankin;USA;West Virginia;1971-08-26
2186;Conner David Henry;USA;Claremont, California;
2187;Cornelius Allen Thompson;USA;Middletown, Connecticut;
2188;José Alberto González Fernández;ESP;León;1972-06-07
2189;Joshua David Grant;USA;Salt Lake City, Utah;
2190;Isaiah Samuel Morris III;USA;Richmond, Virginia;
2191;Alphonso Gene Ford;USA;Greenwood, Mississippi;1971-10-31
2192;Juan Antonio Rosa Ramos;ESP;Málaga;
2193;Pablo Noguero González;ESP;Gijón (Asturias);1971-07-05
2194;Román Carbajo Alonso;ESP;Bilbao (Vizcaya);
2195;Pablo Andrés Giménez Servera;ESP;San Rafael;
2196;David Fernández De Castro;ESP;El Ferrol (La Coruna);1974-05-02
2197;José María Mur Buil;ESP;Barbastro (Huesca);1972-03-02
2198;Rafael Ramón Monclova Suárez;ESP;Sevilla;1973-06-22
2199;Silvano Bustos García;ESP;Durmenshein;
2200;José Luis Supervía Chagoyen;ESP;Zaragoza;1976-08-18
2201;Angel Luis Almeida Sosa;ESP;Las Palmas de Gran Canaria;1972-08-02
2202;Ricky Darnell Brown;USA;Madison County, Mississippi;
2203;James Allen Les;USA;Niles, Illinois;
2204;Josep Perich Sicilia;ESP;Barcelona;1975-01-24
2205;Christopher Gerard Smith;USA;Bridgeport, Connecticut;1970-05-17
2206;Patrick Savoy;USA;Thibodaux, Louisiana;1972-06-23
2207;Jermaine Lajuan Carlton;USA;Winston Salem, North Carolina;1972-02-15
2208;Michael Fritzthadus Jones;USA;Columbus, Georgia;
2209;John Paul Shasky;USA;Birmingham, Michigan;
2210;Joaquín Arcega Aperte;ESP;Zaragoza;
2211;Bradley Donn Sellers;USA;Warrensville Heights, Ohio;
2212;Jorge García García;ESP;Vitoria;1971-12-17
2213;Kenneth Neil Atkinson;ESP;Huntington, New York;
2214;Albert Jay English;USA;Wilmington, Delaware;
2215;Llorenç Mons Genisans;ESP;Mataró (Barcelona);1976-05-13
2216;Pere J-Remón Deu;ESP;Barcelona;1970-02-01
2217;Mitchell Keith Anderson;USA;Chicago, Illinois;
2218;Roberto Torres Sánchez;ESP;Salamanca;1973-02-27
2219;James Randall Allen;USA;Milton, Florida;
2220;Michael Emerette Polite;USA;Patterson, New Jersey;
2221;Carlus Eugene Groves;USA;Portland, Oregon;1971-01-05
2222;Valentí Holgado Tapies;ESP;Manresa (Barcelona);1973-09-15
2223;Gerrod Brian Abram;USA;River Rouge, Michigan;1972-03-20
2224;Michael John Smith;USA;Rochester, New York;
2225;Evers Allen Burns;USA;Baltimore, Maryland;1971-08-24
2226;Javier Zaragoza Casterad;ESP;Huesca;
2227;Gerald James Paddio;USA;Lafayette, Louisiana;
2228;Michael Wilson;BHS;Nassau (Bahamas);1972-10-28
2229;Xavier Ruiz Cabrera;ESP;Terrassa (Barcelona);1970-02-25
2230;Fernando Palacín Arizón;ESP;Huesca;1977-07-28
2231;Sergio Luquero Iriarte;ESP;Vitoria;1973-05-20
2232;Thomas James Adams;USA;Mississippi;
2233;Sergi López Torras;ESP;Badalona (Barcelona);
2234;Michael Ray Giomi;USA;Modesto, California;
2235;Leron Perry Ellis;USA;Los Angeles, California;
2236;Juan Antonio San Epifanio Ruiz;ESP;Zaragoza;
2237;Eric Walfred Anderson;USA;Chicago, Illinois;1970-05-26
2238;Harold Pressley;USA;Bronx, New York;
2239;Francisco Javier Lafuente Torralba;ESP;Madrid;
2240;Torgeir Bryn;NOR;Oslo;
2241;Manuel María Moreno Zaldívar;ESP;San Sebastián;
2242;Pedro Eusebio Rodríguez Santos;ESP;Villanueva Serena (Badajoz);1974-03-04
2243;Jaume Howard Wood Linville;ESP;South Hampton, New York;
2244;Darrell Eugene Armstrong;USA;Gastonia, North Carolina;
2245;Oscar Daniel Bezerra Schmidt;BRA;Río Grande del Sur;
2246;Alexandre Ferreiro Bento;ESP;Rio de Janeiro;1970-05-24
2247;David Butler;USA;Washington, D.C.;
2248;Juan Morales Rizo;ESP;Cornellá (Barcelona);
2249;Fernando Romay Pereiro;ESP;La Coruna;
2250;Reginald D-Smith;USA;San Jose, California;1970-08-21
2251;Michael Edward Curry;USA;Anniston, Alabama;
2252;Tod James Murphy;USA;Long Beach, California;
2253;Jesús Llano Ricote;ESP;Vitoria;
2254;Keith Kensel Owens;USA;San Francisco, California;
2255;Rimas Kurtinaitis;LTU;Kaunas;
2256;Antonio Martín Espina;ESP;Madrid;
2257;Slavko Kotnik;SVN;Maribor (Eslovenia);
2258;Fernando Merchante Alcántara;ESP;Cuenca;
2259;Todd Ernest Mitchell;USA;Toledo, Ohio;
2260;Guillermo Coll Morey;ESP;Palma de Mallorca;
2261;Javier Berrocal Iglesias;ESP;Benavente (Zamora);1973-03-25
2262;Fernando Arcega Aperte;ESP;Zaragoza;
2263;Nebojsa Ilic;YUG;Belgrado (Yugoslavia);
2264;Arturo Jesús Llopis Carbonell;ESP;Silla (Valencia);1971-01-25
2265;Brooks Carter Barnhard;USA;San Diego, California;1970-10-26
2266;Brent Eugene Dabbs;USA;Peekskill, New York;
2267;John Michael Ebeling;ITA;Trenton, New Jersey;
2268;Antonio Zamora Puyuelo;ESP;Huesca;1977-05-13
2269;Antwon Harmon;USA;Chicago, Illinois;
2270;Robert Amat García;ESP;Badalona (Barcelona);
2271;Antonio Roca Daffey;ESP;Las Palmas de Gran Canaria;
2272;Nathaniel James Johnston;USA;Birmingham, Alabama;
2273;Daniel Oliván Bajen;ESP;Huesca;1974-12-04
2274;Stevin Lamarcus Smith;USA;Dallas, Texas;1972-01-23
2275;Joaquín Herencia Rando;ESP;Carmona (Sevilla);1971-08-10
2276;Ronnie Lee Thompkins;USA;Jackson, Michigan;
2277;Andre Devell Spencer;USA;Dumas, Arkansas;
2278;Miquel Nolis Sunol;ESP;Badalona (Barcelona);
2279;Marc Aleu Consegal;ESP;Barcelona;1976-01-21
2280;Jesús María Moreno Alcaniz;ESP;Zaragoza;
2281;Stephen Dean Bardo;USA;Henderson, Kentucky;
2282;Serguei Valerianovich Bazarevich;RUS;Moscú (Rusia);
2283;Antonio Álamo Aroca;ESP;Huelva;1973-02-08
2284;José Carlos Castro Pérez;ESP;Vigo (Pontevedra);1973-02-12
2285;Reginald Johnson;USA;Atlanta, Georgia;
2286;Herbert Michael Brown;USA;New York, New York;
2287;Yamen Sanders;USA;Detroit, Michigan;
2288;Javier Blázquez Castillo;ESP;Madrid;1974-01-16
2289;Herman Henry III;USA;Dallas, Texas;
2290;Michael Walter Peplowski;USA;Detroit, Michigan;1970-10-15
2291;Fernando Mateo Rodríguez;ESP;Madrid;
2292;Kevin Joseph Lynch;USA;Bloomington, Minnesota;
2293;Perfecto García Chilavert;ESP;Villalonga (Valencia);1977-02-28