torna;datum;burkolat;eredmeny;gyoztes neve;gyoztes magassaga;gyoztes nemzetisege;gyoztes eletkora;vesztes neve;vesztes magassaga;vesztes nemzetisege;vesztes eletkora
Australian Open;2014-01-13;Kemény;6-2 6-1;Serena Williams;175;USA;32,2984257358;Ashleigh Barty;;AUS;17,7221081451
Australian Open;2014-01-13;Kemény;2-6 6-2 6-4;Vesna Dolonc;170;SRB;24,4818617385;Lara Arruabarrena;166;ESP;21,8179329227
Australian Open;2014-01-13;Kemény;6-0 6-1;Karolina Pliskova;184;CZE;21,8151950719;Pauline Parmentier;175;FRA;27,9507186858
Australian Open;2014-01-13;Kemény;7-5 3-6 6-3;Daniela Hantuchova;181;SVK;30,726899384;Heather Watson;170;GBR;21,6536618754
Australian Open;2014-01-13;Kemény;6-3 6-2;Tsvetana Pironkova;180;BUL;26,3353867214;Silvia Soler Espinosa;;ESP;26,1519507187
Australian Open;2014-01-13;Kemény;6-0 6-0;Annika Beck;170;GER;19,9069130732;Petra Martic;181;CRO;22,984257358
Australian Open;2014-01-13;Kemény;6-4 6-4;Ana Ivanovic;183;SRB;26,1875427789;Kiki Bertens;182;NED;22,0944558522
Australian Open;2014-01-13;Kemény;6-4 6-3;Jie Zheng;164;CHN;30,5270362765;Roberta Vinci;163;ITA;30,9021218344
Australian Open;2014-01-13;Kemény;6-2 6-2;Casey Dellacqua;;AUS;28,9199178645;Vera Zvonareva;172;RUS;29,3497604381
Australian Open;2014-01-13;Kemény;6-3 6-0;Kirsten Flipkens;165;BEL;28,0082135524;Laura Robson;180;GBR;19,9780971937
Australian Open;2014-01-13;Kemény;7-6(3) 7-6(3);Virginie Razzano;173;FRA;30,674880219;Alison Van Uytvanck;;BEL;19,8028747433
Australian Open;2014-01-13;Kemény;6-3 6-2;Julia Goerges;180;GER;25,196440794;Sara Errani;164;ITA;26,7104722793
Australian Open;2014-01-13;Kemény;6-2 6-0;Na Li;172;CHN;31,8795345654;Ana Konjuh;;CRO;16,0465434634
Australian Open;2014-01-13;Kemény;6-4 4-6 6-3;Belinda Bencic;;SUI;16,8459958932;Kimiko Date Krumm;163;JPN;43,2936344969
Australian Open;2014-01-13;Kemény;6-3 6-1;Lucie Hradecka;177;CZE;28,6488706366;Donna Vekic;;CRO;17,5441478439
Australian Open;2014-01-13;Kemény;7-5 3-6 6-1;Lucie Safarova;177;CZE;26,9404517454;Julia Glushko;;ISR;24,0328542094
Australian Open;2014-01-13;Kemény;2-6 6-4 6-4;Ekaterina Makarova;178;RUS;25,6016427105;Venus Williams;185;USA;33,5742642026
Australian Open;2014-01-13;Kemény;6-4 6-1;Monica Niculescu;168;ROU;26,302532512;Shahar Peer;170;ISR;26,7049965777
Australian Open;2014-01-13;Kemény;6-2 6-1;Sabine Lisicki;178;GER;24,3093771389;Mirjana Lucic;;CRO;31,8494182067
Australian Open;2014-01-13;Kemény;6-3 0-6 6-2;Angelique Kerber;173;GER;25,9876796715;Jarmila Gajdosova;174;AUS;26,7186858316
Australian Open;2014-01-13;Kemény;6-2 7-6(7);Alla Kudryavtseva;;RUS;26,1957563313;Caroline Garcia;;FRA;20,2436687201
Australian Open;2014-01-13;Kemény;7-6(5) 6-3;Yanina Wickmayer;182;BEL;24,2327173169;Dinah Pfizenmaier;;GER;22,0013689254
Australian Open;2014-01-13;Kemény;6-2 6-2;Alison Riske;;USA;23,5318275154;Elena Vesnina;176;RUS;27,4524298426
Australian Open;2014-01-13;Kemény;6-0 6-2;Flavia Pennetta;172;ITA;31,8822724162;Alexandra Cadantu;170;ROU;23,6988364134
Australian Open;2014-01-13;Kemény;6-2 6-4;Monica Puig;;PUR;20,295687885;Anna Tatishvili;171;GEO;23,9425051335
Australian Open;2014-01-13;Kemény;7-6(4) 6-3;Mona Barthel;185;GER;23,5099247091;Shuai Zhang;;CHN;24,977412731
Australian Open;2014-01-13;Kemény;6-2 1-6 6-4;Luksika Kumkhum;;THA;20,4818617385;Petra Kvitova;183;CZE;23,8521560575
Australian Open;2014-01-13;Kemény;6-1 6-2;Jelena Jankovic;177;SRB;28,8733744011;Misaki Doi;159;JPN;22,7104722793
Australian Open;2014-01-13;Kemény;6-2 7-6(5);Ayumi Morita;163;JPN;23,8439425051;Nadiya Kichenok;;UKR;21,4839151266
Australian Open;2014-01-13;Kemény;7-5 4-6 6-3;Kurumi Nara;;JPN;22,0396988364;Shuai Peng;173;CHN;28,0136892539
Australian Open;2014-01-13;Kemény;6-2 6-3;Magdalena Rybarikova;180;SVK;25,2758384668;Andrea Petkovic;180;GER;26,3463381246
Australian Open;2014-01-13;Kemény;6-4 7-6(6);Marina Erakovic;174;NZL;25,8562628337;Sorana Cirstea;176;ROU;23,7700205339
Australian Open;2014-01-13;Kemény;6-2 6-4;Zarina Diyas;;KAZ;20,2381930185;Katerina Siniakova;;CZE;17,6783025325
Australian Open;2014-01-13;Kemény;2-6 6-3 6-4;Varvara Lepchenko;180;USA;27,6495550992;Lesia Tsurenko;174;UKR;24,6242299795
Australian Open;2014-01-13;Kemény;6-0 6-1;Simona Halep;168;ROU;22,2970568104;Katarzyna Piter;;POL;22,9075975359
Australian Open;2014-01-13;Kemény;6-3 6-2;Carla Suarez Navarro;162;ESP;25,3607118412;Vania King;165;USA;24,8651608487
Australian Open;2014-01-13;Kemény;7-5 4-6 7-5;Galina Voskoboeva;183;KAZ;29,0704996578;Irina Camelia Begu;181;ROU;23,3839835729
Australian Open;2014-01-13;Kemény;7-5 7-5;Stefanie Voegele;170;SUI;23,8466803559;Kristina Mladenovic;184;FRA;20,6680355921
Australian Open;2014-01-13;Kemény;6-3 6-4;Dominika Cibulkova;161;SVK;24,6899383984;Francesca Schiavone;166;ITA;33,5578370979
Australian Open;2014-01-13;Kemény;4-6 6-1 6-4;Camila Giorgi;168;ITA;22,0396988364;Storm Sanders;;AUS;19,4250513347
Australian Open;2014-01-13;Kemény;6-4 6-2;Karin Knapp;180;ITA;26,546201232;Paula Ormaechea;;ARG;21,2922655715
Australian Open;2014-01-13;Kemény;6-3 6-4;Maria Sharapova;;RUS;26,7378507871;Bethanie Mattek Sands;168;USA;28,810403833
Australian Open;2014-01-13;Kemény;6-0 5-7 6-2;Agnieszka Radwanska;170;POL;24,8569472964;Yulia Putintseva;;KAZ;19,0171115674
Australian Open;2014-01-13;Kemény;6-0 7-6(6);Olga Govortsova;182;BLR;25,3908281999;Ying Ying Duan;;CHN;24,6132785763
Australian Open;2014-01-13;Kemény;6-1 6-4;Mandy Minella;;LUX;28,1423682409;Carina Witthoeft;;GER;18,9075975359
Australian Open;2014-01-13;Kemény;6-2 2-6 6-2;Garbine Muguruza;182;ESP;20,2655715264;Kaia Kanepi;181;EST;28,5941136208
Australian Open;2014-01-13;Kemény;4-6 6-4 7-5;Anna Karolina Schmiedlova;;SVK;19,3347022587;Timea Babos;179;HUN;20,6789869952
Australian Open;2014-01-13;Kemény;7-5 6-4;Christina Mchale;170;USA;21,6755646817;Yung Jan Chan;170;TPE;24,4079397673
Australian Open;2014-01-13;Kemény;7-6(1) 6-3;Sloane Stephens;170;USA;20,8186173854;Yaroslava Shvedova;180;KAZ;26,3381245722
Australian Open;2014-01-13;Kemény;3-6 7-6(1) 6-4;Ajla Tomljanovic;;CRO;20,6872005476;Tadeja Majeric;;SLO;23,370294319
Australian Open;2014-01-13;Kemény;6-3 6-3;Olivia Rogowska;;AUS;22,6036960986;Mariana Duque Marino;;COL;24,4216290212
Australian Open;2014-01-13;Kemény;6-3 6-3;Elina Svitolina;174;UKR;19,3374401095;Svetlana Kuznetsova;174;RUS;28,5475701574
Australian Open;2014-01-13;Kemény;6-7(1) 6-1 6-3;Bojana Jovanovski;175;SRB;22,0369609856;Jana Cepelova;168;SVK;20,6269678303
Australian Open;2014-01-13;Kemény;7-6(3) 6-4;Yvonne Meusburger;;AUT;30,2806297057;Chanelle Scheepers;;RSA;29,8370978782
Australian Open;2014-01-13;Kemény;7-6(2) 6-2;Victoria Azarenka;180;BLR;24,4544832307;Johanna Larsson;174;SWE;25,4072553046
Australian Open;2014-01-13;Kemény;6-1 6-2;Serena Williams;175;USA;32,2984257358;Vesna Dolonc;170;SRB;24,4818617385
Australian Open;2014-01-13;Kemény;6-3 3-6 12-10;Daniela Hantuchova;181;SVK;30,726899384;Karolina Pliskova;184;CZE;21,8151950719
Australian Open;2014-01-13;Kemény;6-2 6-0;Samantha Stosur;172;AUS;29,7905544148;Tsvetana Pironkova;180;BUL;26,3353867214
Australian Open;2014-01-13;Kemény;6-1 6-2;Ana Ivanovic;183;SRB;26,1875427789;Annika Beck;170;GER;19,9069130732
Australian Open;2014-01-13;Kemény;7-6(5) 1-6 7-5;Jie Zheng;164;CHN;30,5270362765;Madison Keys;178;USA;18,9048596851
Australian Open;2014-01-13;Kemény;6-3 6-0;Casey Dellacqua;;AUS;28,9199178645;Kirsten Flipkens;165;BEL;28,0082135524
Australian Open;2014-01-13;Kemény;6-2 7-6(10);Eugenie BoucKemény;;CAN;19,8822724162;Virginie Razzano;173;FRA;30,674880219
Australian Open;2014-01-13;Kemény;7-5 2-6 6-4;Lauren Davis;157;USA;20,2628336756;Julia Goerges;180;GER;25,196440794
Australian Open;2014-01-13;Kemény;6-0 7-6(5);Na Li;172;CHN;31,8795345654;Belinda Bencic;;SUI;16,8459958932
Australian Open;2014-01-13;Kemény;6-7(4) 6-3 6-0;Lucie Safarova;177;CZE;26,9404517454;Lucie Hradecka;177;CZE;28,6488706366
Australian Open;2014-01-13;Kemény;6-2 7-5;Ekaterina Makarova;178;RUS;25,6016427105;Irina Falconi;;USA;23,6960985626
Australian Open;2014-01-13;Kemény;2-6 6-2 6-2;Monica Niculescu;168;ROU;26,302532512;Sabine Lisicki;178;GER;24,3093771389
Australian Open;2014-01-13;Kemény;6-4 6-2;Angelique Kerber;173;GER;25,9876796715;Alla Kudryavtseva;;RUS;26,1957563313
Australian Open;2014-01-13;Kemény;6-1 6-1;Alison Riske;;USA;23,5318275154;Yanina Wickmayer;182;BEL;24,2327173169
Australian Open;2014-01-13;Kemény;6-3 6-4;Flavia Pennetta;172;ITA;31,8822724162;Monica Puig;;PUR;20,295687885
Australian Open;2014-01-13;Kemény;4-6 6-3 6-4;Mona Barthel;185;GER;23,5099247091;Luksika Kumkhum;;THA;20,4818617385
Australian Open;2014-01-13;Kemény;6-2 6-0;Jelena Jankovic;177;SRB;28,8733744011;Ayumi Morita;163;JPN;23,8439425051
Australian Open;2014-01-13;Kemény;6-4 6-3;Kurumi Nara;;JPN;22,0396988364;Magdalena Rybarikova;180;SVK;25,2758384668
Australian Open;2014-01-13;Kemény;6-4 6-0;Zarina Diyas;;KAZ;20,2381930185;Marina Erakovic;174;NZL;25,8562628337
Australian Open;2014-01-13;Kemény;4-6 6-0 6-1;Simona Halep;168;ROU;22,2970568104;Varvara Lepchenko;180;USA;27,6495550992
Australian Open;2014-01-13;Kemény;7-6(2) 3-6 8-6;Carla Suarez Navarro;162;ESP;25,3607118412;Galina Voskoboeva;183;KAZ;29,0704996578
Australian Open;2014-01-13;Kemény;6-0 6-1;Dominika Cibulkova;161;SVK;24,6899383984;Stefanie Voegele;170;SUI;23,8466803559
Australian Open;2014-01-13;Kemény;6-3 4-6 6-4;Alize Cornet;173;FRA;23,9753593429;Camila Giorgi;168;ITA;22,0396988364
Australian Open;2014-01-13;Kemény;6-3 4-6 10-8;Maria Sharapova;;RUS;26,7378507871;Karin Knapp;180;ITA;26,546201232
Australian Open;2014-01-13;Kemény;6-0 7-5;Agnieszka Radwanska;170;POL;24,8569472964;Olga Govortsova;182;BLR;25,3908281999
Australian Open;2014-01-13;Kemény;6-3 6-3;Garbine Muguruza;182;ESP;20,2655715264;Anna Karolina Schmiedlova;;SVK;19,3347022587
Australian Open;2014-01-13;Kemény;6-0 1-6 6-2;Caroline Wozniacki;177;DEN;23,5099247091;Christina Mchale;170;USA;21,6755646817
Australian Open;2014-01-13;Kemény;3-6 6-2 7-5;Sloane Stephens;170;USA;20,8186173854;Ajla Tomljanovic;;CRO;20,6872005476
Australian Open;2014-01-13;Kemény;6-4 7-5;Elina Svitolina;174;UKR;19,3374401095;Olivia Rogowska;;AUS;22,6036960986
Australian Open;2014-01-13;Kemény;6-3 6-3;Serena Williams;175;USA;32,2984257358;Daniela Hantuchova;181;SVK;30,726899384
Australian Open;2014-01-13;Kemény;6-7(8) 6-4 6-2;Ana Ivanovic;183;SRB;26,1875427789;Samantha Stosur;172;AUS;29,7905544148
Australian Open;2014-01-13;Kemény;6-2 6-4;Casey Dellacqua;;AUS;28,9199178645;Jie Zheng;164;CHN;30,5270362765
Australian Open;2014-01-13;Kemény;6-2 6-2;Eugenie BoucKemény;;CAN;19,8822724162;Lauren Davis;157;USA;20,2628336756
Australian Open;2014-01-13;Kemény;1-6 7-6(2) 6-3;Na Li;172;CHN;31,8795345654;Lucie Safarova;177;CZE;26,9404517454
Australian Open;2014-01-13;Kemény;6-4 6-4;Ekaterina Makarova;178;RUS;25,6016427105;Monica Niculescu;168;ROU;26,302532512
Australian Open;2014-01-13;Kemény;6-3 6-4;Angelique Kerber;173;GER;25,9876796715;Alison Riske;;USA;23,5318275154
Australian Open;2014-01-13;Kemény;6-1 7-5;Flavia Pennetta;172;ITA;31,8822724162;Mona Barthel;185;GER;23,5099247091
Australian Open;2014-01-13;Kemény;6-4 7-5;Jelena Jankovic;177;SRB;28,8733744011;Kurumi Nara;;JPN;22,0396988364
Australian Open;2014-01-13;Kemény;6-1 6-4;Simona Halep;168;ROU;22,2970568104;Zarina Diyas;;KAZ;20,2381930185
Australian Open;2014-01-13;Kemény;6-1 6-0;Dominika Cibulkova;161;SVK;24,6899383984;Carla Suarez Navarro;162;ESP;25,3607118412
Australian Open;2014-01-13;Kemény;4-6 7-5 6-3;Garbine Muguruza;182;ESP;20,2655715264;Caroline Wozniacki;177;DEN;23,5099247091
Australian Open;2014-01-13;Kemény;7-5 6-4;Sloane Stephens;170;USA;20,8186173854;Elina Svitolina;174;UKR;19,3374401095
Australian Open;2014-01-13;Kemény;4-6 6-3 6-3;Ana Ivanovic;183;SRB;26,1875427789;Serena Williams;175;USA;32,2984257358
Australian Open;2014-01-13;Kemény;6-7(5) 6-2 6-0;Eugenie BoucKemény;;CAN;19,8822724162;Casey Dellacqua;;AUS;28,9199178645
Australian Open;2014-01-13;Kemény;6-2 6-0;Na Li;172;CHN;31,8795345654;Ekaterina Makarova;178;RUS;25,6016427105
Australian Open;2014-01-13;Kemény;6-1 4-6 7-5;Flavia Pennetta;172;ITA;31,8822724162;Angelique Kerber;173;GER;25,9876796715
Australian Open;2014-01-13;Kemény;6-4 2-6 6-0;Simona Halep;168;ROU;22,2970568104;Jelena Jankovic;177;SRB;28,8733744011
Australian Open;2014-01-13;Kemény;3-6 6-4 6-1;Dominika Cibulkova;161;SVK;24,6899383984;Maria Sharapova;;RUS;26,7378507871
Australian Open;2014-01-13;Kemény;6-1 6-3;Agnieszka Radwanska;170;POL;24,8569472964;Garbine Muguruza;182;ESP;20,2655715264
Australian Open;2014-01-13;Kemény;6-3 6-2;Victoria Azarenka;180;BLR;24,4544832307;Sloane Stephens;170;USA;20,8186173854
Australian Open;2014-01-13;Kemény;5-7 7-5 6-2;Eugenie BoucKemény;;CAN;19,8822724162;Ana Ivanovic;183;SRB;26,1875427789
Australian Open;2014-01-13;Kemény;6-2 6-2;Na Li;172;CHN;31,8795345654;Flavia Pennetta;172;ITA;31,8822724162
Australian Open;2014-01-13;Kemény;6-3 6-0;Dominika Cibulkova;171;SVK;24,6899383984;Simona Halep;168;ROU;22,2970568104
Australian Open;2014-01-13;Kemény;6-1 5-7 6-0;Agnieszka Radwanska;170;POL;24,8569472964;Victoria Azarenka;180;BLR;24,4544832307
Australian Open;2014-01-13;Kemény;6-2 6-4;Na Li;172;CHN;31,8795345654;Eugenie BoucKemény;;CAN;19,8822724162
Australian Open;2014-01-13;Kemény;6-1 6-2;Dominika Cibulkova;161;SVK;24,6899383984;Agnieszka Radwanska;170;POL;24,8569472964
Australian Open;2014-01-13;Kemény;7-6(3) 6-0;Na Li;172;CHN;31,8795345654;Dominika Cibulkova;161;SVK;24,6899383984
Brisbane International;2013-12-30;Kemény;6-4 7-5;Andrea Petkovic;180;GER;26,3080082136;Bethanie Mattek Sands;168;USA;28,772073922
Brisbane International;2013-12-30;Kemény;6-3 7-5;Kimiko Date Krumm;163;JPN;43,2553045859;Olivia Rogowska;;AUS;22,5653661875
Brisbane International;2013-12-30;Kemény;6-4 6-3;Dominika Cibulkova;161;SVK;24,6516084873;Heather Watson;170;GBR;21,6153319644
Brisbane International;2013-12-30;Kemény;6-3 6-0;Maria Sharapova;;RUS;26,6995208761;Caroline Garcia;;FRA;20,205338809
Brisbane International;2013-12-30;Kemény;6-3 7-5;Ashleigh Barty;;AUS;17,6837782341;Daniela Hantuchova;181;SVK;30,688569473
Brisbane International;2013-12-30;Kemény;6-3 6-7(8) 6-2;Kaia Kanepi;181;EST;28,5557837098;Alexandra Panova;;RUS;24,8295687885
Brisbane International;2013-12-30;Kemény;6-2 6-1;Carla Suarez Navarro;162;ESP;25,3223819302;Su Wei Hsieh;169;TPE;27,9863107461
Brisbane International;2013-12-30;Kemény;6-2 6-2;Angelique Kerber;173;GER;25,9493497604;Kristina Mladenovic;184;FRA;20,629705681
Brisbane International;2013-12-30;Kemény;7-6(4) 4-6 6-3;Anastasia Pavlyuchenkova;177;RUS;22,4941820671;Alla Kudryavtseva;;RUS;26,1574264203
Brisbane International;2013-12-30;Kemény;6-3 6-3;Elina Svitolina;174;UKR;19,2991101985;Varvara Lepchenko;180;USA;27,6112251882
Brisbane International;2013-12-30;Kemény;6-2 7-6(6);Jelena Jankovic;177;SRB;28,8350444901;Francesca Schiavone;166;ITA;33,5195071869
Brisbane International;2013-12-30;Kemény;6-3 6-4;Sabine Lisicki;178;GER;24,2710472279;Magdalena Rybarikova;180;SVK;25,2375085558
Brisbane International;2013-12-30;Kemény;6-4 6-3;Stefanie Voegele;170;SUI;23,8083504449;Madison Keys;178;USA;18,8665297741
Brisbane International;2013-12-30;Kemény;3-6 6-2 6-3;Casey Dellacqua;;AUS;28,8815879535;Galina Voskoboeva;183;KAZ;29,0321697467
Brisbane International;2013-12-30;Kemény;6-4 6-4;Serena Williams;175;USA;32,2600958248;Andrea Petkovic;180;GER;26,3080082136
Brisbane International;2013-12-30;Kemény;6-3 1-6 6-3;Dominika Cibulkova;161;SVK;24,6516084873;Kimiko Date Krumm;163;JPN;43,2553045859
Brisbane International;2013-12-30;Kemény;6-2 6-2;Kaia Kanepi;181;EST;28,5557837098;Carla Suarez Navarro;162;ESP;25,3223819302
Brisbane International;2013-12-30;Kemény;6-1 6-3;Jelena Jankovic;177;SRB;28,8350444901;Elina Svitolina;174;UKR;19,2991101985
Brisbane International;2013-12-30;Kemény;6-3 6-1;Victoria Azarenka;180;BLR;24,4161533196;Casey Dellacqua;;AUS;28,8815879535
Brisbane International;2013-12-30;Kemény;6-3 6-3;Serena Williams;175;USA;32,2600958248;Dominika Cibulkova;161;SVK;24,6516084873
Brisbane International;2013-12-30;Kemény;4-6 6-3 6-2;Maria Sharapova;;RUS;26,6995208761;Kaia Kanepi;181;EST;28,5557837098
Brisbane International;2013-12-30;Kemény;6-7(8) 6-3 6-1;Jelena Jankovic;177;SRB;28,8350444901;Angelique Kerber;173;GER;25,9493497604
Brisbane International;2013-12-30;Kemény;6-4 6-7(7) 6-1;Victoria Azarenka;180;BLR;24,4161533196;Stefanie Voegele;170;SUI;23,8083504449
Brisbane International;2013-12-30;Kemény;6-2 7-6(7);Serena Williams;175;USA;32,2600958248;Maria Sharapova;;RUS;26,6995208761
Brisbane International;2013-12-30;Kemény;1-6 6-3 6-4;Victoria Azarenka;180;BLR;24,4161533196;Jelena Jankovic;177;SRB;28,8350444901
Brisbane International;2013-12-30;Kemény;6-4 7-5;Serena Williams;175;USA;32,2600958248;Victoria Azarenka;180;BLR;24,4161533196
Shenzhen;2013-12-30;Kemény;7-5 6-3;Na Li;172;CHN;31,8412046543;Vera Zvonareva;172;RUS;29,311430527
Shenzhen;2013-12-30;Kemény;4-6 6-2 6-3;Monica Niculescu;168;ROU;26,264202601;Anna Karolina Schmiedlova;;SVK;19,2963723477
Shenzhen;2013-12-30;Kemény;3-6 6-4 6-2;Yung Jan Chan;170;TPE;24,3696098563;Shuai Zhang;;CHN;24,93908282
Shenzhen;2013-12-30;Kemény;6-2 6-1;Patricia Mayr Achleitner;;AUT;27,1430527036;Risa Ozaki;;JPN;19,7234770705
Shenzhen;2013-12-30;Kemény;4-6 6-0 6-2;Viktorija Golubic;;SUI;21,2046543463;Aleksandra Wozniak;175;CAN;26,3134839151
Shenzhen;2013-12-30;Kemény;6-3 6-4;Annika Beck;170;GER;19,8685831622;Ajla Tomljanovic;;CRO;20,6488706366
Shenzhen;2013-12-30;Kemény;6-1 6-3;Shuai Peng;173;CHN;27,9753593429;Fangzhou Liu;;CHN;18,0506502396
Shenzhen;2013-12-30;Kemény;6-4 7-6(4);Silvia Soler Espinosa;;ESP;26,1136208077;Lesia Tsurenko;174;UKR;24,5859000684
Shenzhen;2013-12-30;Kemény;4-6 6-3 6-1;Jana Cepelova;168;SVK;20,5886379192;Lyudmyla Kichenok;;UKR;21,4455852156
Shenzhen;2013-12-30;Kemény;6-1 7-5;Anna Lena Friedsam;;GER;19,909650924;Bojana Jovanovski;175;SRB;21,9986310746
Shenzhen;2013-12-30;Kemény;6-0 6-3;Jie Zheng;164;CHN;30,4887063655;Shahar Peer;170;ISR;26,6666666667
Shenzhen;2013-12-30;Kemény;7-5 6-3;Barbora Zahlavova Strycova;164;CZE;27,7590691307;Olga Govortsova;182;BLR;25,3524982888
Shenzhen;2013-12-30;Kemény;7-5 4-6 6-3;Vania King;165;USA;24,8268309377;Petra Martic;181;CRO;22,945927447
Shenzhen;2013-12-30;Kemény;6-0 3-6 7-6(3);Sara Errani;164;ITA;26,6721423682;Saisai Zheng;;CHN;19,8986995209
Shenzhen;2013-12-30;Kemény;6-1 6-4;Na Li;172;CHN;31,8412046543;Nadiya Kichenok;;UKR;21,4455852156
Shenzhen;2013-12-30;Kemény;2-6 6-3 6-0;Monica Niculescu;168;ROU;26,264202601;Yung Jan Chan;170;TPE;24,3696098563
Shenzhen;2013-12-30;Kemény;6-3 5-7 6-3;Annika Beck;170;GER;19,8685831622;Viktorija Golubic;;SUI;21,2046543463
Shenzhen;2013-12-30;Kemény;6-3 6-3;Shuai Peng;173;CHN;27,9753593429;Silvia Soler Espinosa;;ESP;26,1136208077
Shenzhen;2013-12-30;Kemény;6-4 6-1;Jana Cepelova;168;SVK;20,5886379192;Anna Lena Friedsam;;GER;19,909650924
Shenzhen;2013-12-30;Kemény;6-0 7-6(6);Barbora Zahlavova Strycova;164;CZE;27,7590691307;Jie Zheng;164;CHN;30,4887063655
Shenzhen;2013-12-30;Kemény;2-6 7-6(7) 6-3;Vania King;165;USA;24,8268309377;Sara Errani;164;ITA;26,6721423682
Shenzhen;2013-12-30;Kemény;7-5 4-6 6-4;Na Li;172;CHN;31,8412046543;Monica Niculescu;168;ROU;26,264202601
Shenzhen;2013-12-30;Kemény;3-6 6-3 6-1;Annika Beck;170;GER;19,8685831622;Patricia Mayr Achleitner;;AUT;27,1430527036
Shenzhen;2013-12-30;Kemény;6-3 6-2;Shuai Peng;173;CHN;27,9753593429;Jana Cepelova;168;SVK;20,5886379192
Shenzhen;2013-12-30;Kemény;6-2 6-4;Vania King;165;USA;24,8268309377;Barbora Zahlavova Strycova;164;CZE;27,7590691307
Shenzhen;2013-12-30;Kemény;6-1 6-3;Na Li;172;CHN;31,8412046543;Annika Beck;170;GER;19,8685831622
Shenzhen;2013-12-30;Kemény;6-4 7-5;Na Li;172;CHN;31,8412046543;Shuai Peng;173;CHN;27,9753593429
Auckland;2013-12-30;Kemény;3-6 6-4 6-2;Ana Konjuh;;CRO;16,0082135524;Roberta Vinci;163;ITA;30,8637919233
Auckland;2013-12-30;Kemény;6-1 6-4;Lauren Davis;157;USA;20,2245037645;Marina Erakovic;174;NZL;25,8179329227
Auckland;2013-12-30;Kemény;7-6(3) 6-0;Kristyna Pliskova;;CZE;21,7768651608;Yanina Wickmayer;182;BEL;24,1943874059
Auckland;2013-12-30;Kemény;1-6 6-0 6-3;Jamie Hampton;173;USA;23,9753593429;Tamira Paszek;165;AUT;23,0663928816
Auckland;2013-12-30;Kemény;6-1 6-4;Sharon Fichman;;CAN;23,0746064339;Sorana Cirstea;176;ROU;23,7316906229
Auckland;2013-12-30;Kemény;6-4 6-3;Garbine Muguruza;182;ESP;20,2272416153;Christina Mchale;170;USA;21,6372347707
Auckland;2013-12-30;Kemény;6-3 7-6(1);Venus Williams;185;USA;33,5359342916;Andrea Hlavackova;174;CZE;27,3894592745
Auckland;2013-12-30;Kemény;6-4 6-3;Yvonne Meusburger;;AUT;30,2422997947;Mona Barthel;185;GER;23,4715947981
Auckland;2013-12-30;Kemény;4-6 7-6(3) 7-6(2);Julia Goerges;180;GER;25,158110883;Karin Knapp;180;ITA;26,507871321
Auckland;2013-12-30;Kemény;6-3 1-6 6-3;Sachie Ishizu;;JPN;21,3223819302;Anett Kontaveit;;EST;18,0177960301
Auckland;2013-12-30;Kemény;7-6(2) 6-1;Karolina Pliskova;184;CZE;21,7768651608;Paula Ormaechea;;ARG;21,2539356605
Auckland;2013-12-30;Kemény;6-4 7-5;Kirsten Flipkens;165;BEL;27,9698836413;Monica Puig;;PUR;20,257357974
Auckland;2013-12-30;Kemény;7-6(2) 6-3;Ayumi Morita;163;JPN;23,8056125941;Lucie Safarova;177;CZE;26,9021218344
Auckland;2013-12-30;Kemény;7-5 7-6(2);Ana Ivanovic;183;SRB;26,1492128679;Alison Riske;;USA;23,4934976044
Auckland;2013-12-30;Kemény;2-6 6-2 6-2;Lauren Davis;157;USA;20,2245037645;Ana Konjuh;;CRO;16,0082135524
Auckland;2013-12-30;Kemény;6-3 6-4;Jamie Hampton;173;USA;23,9753593429;Kristyna Pliskova;;CZE;21,7768651608
Auckland;2013-12-30;Kemény;1-6 6-3 6-3;Garbine Muguruza;182;ESP;20,2272416153;Sharon Fichman;;CAN;23,0746064339
Auckland;2013-12-30;Kemény;4-6 6-3 6-2;Venus Williams;185;USA;33,5359342916;Yvonne Meusburger;;AUT;30,2422997947
Auckland;2013-12-30;Kemény;6-2 3-6 7-5;Sachie Ishizu;;JPN;21,3223819302;Julia Goerges;180;GER;25,158110883
Auckland;2013-12-30;Kemény;6-4 6-3;Kirsten Flipkens;165;BEL;27,9698836413;Karolina Pliskova;184;CZE;21,7768651608
Auckland;2013-12-30;Kemény;6-0 6-1;Kurumi Nara;;JPN;22,0013689254;Ayumi Morita;163;JPN;23,8056125941
Auckland;2013-12-30;Kemény;6-1 6-1;Ana Ivanovic;183;SRB;26,1492128679;Johanna Larsson;174;SWE;25,3689253936
Auckland;2013-12-30;Kemény;6-2 4-6 6-4;Jamie Hampton;173;USA;23,9753593429;Lauren Davis;157;USA;20,2245037645
Auckland;2013-12-30;Kemény;6-3 6-3;Venus Williams;185;USA;33,5359342916;Garbine Muguruza;182;ESP;20,2272416153
Auckland;2013-12-30;Kemény;6-4 7-5;Kirsten Flipkens;165;BEL;27,9698836413;Sachie Ishizu;;JPN;21,3223819302
Auckland;2013-12-30;Kemény;6-2 6-3;Ana Ivanovic;183;SRB;26,1492128679;Kurumi Nara;;JPN;22,0013689254
Auckland;2013-12-30;Kemény;6-0 7-6(3);Ana Ivanovic;183;SRB;26,1492128679;Kirsten Flipkens;165;BEL;27,9698836413
Auckland;2013-12-30;Kemény;6-2 5-7 6-4;Ana Ivanovic;183;SRB;26,1492128679;Venus Williams;185;USA;33,5359342916
Sydney;2014-01-06;Kemény;6-4 6-3;Bethanie Mattek Sands;168;USA;28,7912388775;Eugenie BoucKemény;;CAN;19,8631074606
Sydney;2014-01-06;Kemény;6-4 7-5;Ajla Tomljanovic;;CRO;20,6680355921;Daniela Hantuchova;181;SVK;30,7077344285
Sydney;2014-01-06;Kemény;6-1 6-4;Madison Keys;178;USA;18,8856947296;Simona Halep;168;ROU;22,2778918549
Sydney;2014-01-06;Kemény;6-4 6-2;Ekaterina Makarova;178;RUS;25,582477755;Jelena Jankovic;177;SRB;28,8542094456
Sydney;2014-01-06;Kemény;3-6 7-6(5) 6-2;Carla Suarez Navarro;162;ESP;25,3415468857;Paula Ormaechea;;ARG;21,273100616
Sydney;2014-01-06;Kemény;6-1 6-3;Kaia Kanepi;181;EST;28,5749486653;Victoria Duval;;USA;18,1026694045
Sydney;2014-01-06;Kemény;7-6(5) 7-5;Angelique Kerber;173;GER;25,9685147159;Dominika Cibulkova;161;SVK;24,6707734428
Sydney;2014-01-06;Kemény;6-3 3-6 7-5;Varvara Lepchenko;180;USA;27,6303901437;Svetlana Kuznetsova;174;RUS;28,5284052019
Sydney;2014-01-06;Kemény;6-4 6-1;Tsvetana Pironkova;180;BUL;26,3162217659;Sorana Cirstea;176;ROU;23,7508555784
Sydney;2014-01-06;Kemény;6-4 7-6(8);Lauren Davis;157;USA;20,2436687201;Jarmila Gajdosova;174;AUS;26,6995208761
Sydney;2014-01-06;Kemény;6-4 6-2;Sara Errani;164;ITA;26,6913073238;Roberta Vinci;163;ITA;30,8829568789
Sydney;2014-01-06;Kemény;3-6 6-2 6-4;Caroline Wozniacki;177;DEN;23,4907597536;Julia Goerges;180;GER;25,1772758385
Sydney;2014-01-06;Kemény;6-4 6-4;Lucie Safarova;177;CZE;26,9212867899;Francesca Schiavone;166;ITA;33,5386721424
Sydney;2014-01-06;Kemény;6-7(4) 6-2 7-5;Christina Mchale;170;USA;21,6563997262;Alize Cornet;173;FRA;23,9561943874
Sydney;2014-01-06;Kemény;7-5 6-2;Bethanie Mattek Sands;168;USA;28,7912388775;Agnieszka Radwanska;170;POL;24,8377823409
Sydney;2014-01-06;Kemény;6-0 3-6 7-6(3);Madison Keys;178;USA;18,8856947296;Ajla Tomljanovic;;CRO;20,6680355921
Sydney;2014-01-06;Kemény;7-6(4) 6-3;Carla Suarez Navarro;162;ESP;25,3415468857;Ekaterina Makarova;178;RUS;25,582477755
Sydney;2014-01-06;Kemény;6-3 6-4;Angelique Kerber;173;GER;25,9685147159;Kaia Kanepi;181;EST;28,5749486653
Sydney;2014-01-06;Kemény;6-3 6-2;Tsvetana Pironkova;180;BUL;26,3162217659;Varvara Lepchenko;180;USA;27,6303901437
Sydney;2014-01-06;Kemény;7-5 6-2;Sara Errani;164;ITA;26,6913073238;Lauren Davis;157;USA;20,2436687201
Sydney;2014-01-06;Kemény;6-4 7-6(7);Lucie Safarova;177;CZE;26,9212867899;Caroline Wozniacki;177;DEN;23,4907597536
Sydney;2014-01-06;Kemény;6-1 6-0;Petra Kvitova;183;CZE;23,832991102;Christina Mchale;170;USA;21,6563997262
Sydney;2014-01-06;Kemény;6-2 6-4;Angelique Kerber;173;GER;25,9685147159;Carla Suarez Navarro;162;ESP;25,3415468857
Sydney;2014-01-06;Kemény;7-6(2) 6-3;Tsvetana Pironkova;180;BUL;26,3162217659;Sara Errani;164;ITA;26,6913073238
Sydney;2014-01-06;Kemény;7-6(4) 6-2;Petra Kvitova;183;CZE;23,832991102;Lucie Safarova;177;CZE;26,9212867899
Sydney;2014-01-06;Kemény;6-4 6-2;Angelique Kerber;173;GER;25,9685147159;Madison Keys;178;USA;18,8856947296
Sydney;2014-01-06;Kemény;6-4 6-3;Tsvetana Pironkova;180;BUL;26,3162217659;Petra Kvitova;183;CZE;23,832991102
Sydney;2014-01-06;Kemény;6-4 6-4;Tsvetana Pironkova;180;BUL;26,3162217659;Angelique Kerber;173;GER;25,9685147159
Hobart;2014-01-06;Kemény;6-7(4) 6-1 7-6(5);Samantha Stosur;172;AUS;29,7713894593;Madison Brengle;;USA;23,7618069815
Hobart;2014-01-06;Kemény;6-7(7) 6-4 6-4;Kristina Mladenovic;184;FRA;20,6488706366;Silvia Soler Espinosa;;ESP;26,1327857632
Hobart;2014-01-06;Kemény;7-6(5) 6-1;Olivia Rogowska;;AUS;22,5845311431;Alexandra Cadantu;170;ROU;23,6796714579
Hobart;2014-01-06;Kemény;7-5 6-3;Bojana Jovanovski;175;SRB;22,0177960301;Annika Beck;170;GER;19,8877481177
Hobart;2014-01-06;Kemény;6-3 6-2;Alison Riske;;USA;23,5126625599;Anastasia Pavlyuchenkova;177;RUS;22,5133470226
Hobart;2014-01-06;Kemény;6-4 6-4;Casey Dellacqua;;AUS;28,900752909;Alison Van Uytvanck;;BEL;19,7837097878
Hobart;2014-01-06;Kemény;6-3 6-1;Shuai Zhang;;CHN;24,9582477755;Jie Zheng;164;CHN;30,507871321
Hobart;2014-01-06;Kemény;6-4 6-3;Mona Barthel;185;GER;23,4907597536;Elina Svitolina;174;UKR;19,318275154
Hobart;2014-01-06;Kemény;6-2 6-0;Monica Niculescu;168;ROU;26,2833675565;Magdalena Rybarikova;180;SVK;25,2566735113
Hobart;2014-01-06;Kemény;6-4 6-4;Elena Vesnina;176;RUS;27,4332648871;Monica Puig;;PUR;20,2765229295
Hobart;2014-01-06;Kemény;6-2 6-2;Storm Sanders;;AUS;19,4058863792;Shuai Peng;173;CHN;27,9945242984
Hobart;2014-01-06;Kemény;6-4 6-1;Kirsten Flipkens;165;BEL;27,9890485969;Marina Erakovic;174;NZL;25,8370978782
Hobart;2014-01-06;Kemény;6-4 2-6 7-6(7);Samantha Stosur;172;AUS;29,7713894593;Kristina Mladenovic;184;FRA;20,6488706366
Hobart;2014-01-06;Kemény;3-6 6-2 6-0;Bojana Jovanovski;175;SRB;22,0177960301;Olivia Rogowska;;AUS;22,5845311431
Hobart;2014-01-06;Kemény;7-5 4-6 6-3;Alison Riske;;USA;23,5126625599;Casey Dellacqua;;AUS;28,900752909
Hobart;2014-01-06;Kemény;7-6(5) 6-1;Monica Niculescu;168;ROU;26,2833675565;Mona Barthel;185;GER;23,4907597536
Hobart;2014-01-06;Kemény;4-6 7-6(3) 7-6(5);Kirsten Flipkens;165;BEL;27,9890485969;Storm Sanders;;AUS;19,4058863792
Hobart;2014-01-06;Kemény;6-3 6-2;Samantha Stosur;172;AUS;29,7713894593;Bojana Jovanovski;175;SRB;22,0177960301
Hobart;2014-01-06;Kemény;6-4 6-3;Garbine Muguruza;182;ESP;20,2464065708;Kirsten Flipkens;165;BEL;27,9890485969
Pattaya;2014-01-27;Kemény;7-5 2-6 6-4;Sabine Lisicki;178;GER;24,34770705;Donna Vekic;;CRO;17,582477755
Pattaya;2014-01-27;Kemény;6-1 6-7(6) 6-4;Alexandra Dulgheru;;ROU;24,6625598905;Yulia Putintseva;;KAZ;19,0554414784
Pattaya;2014-01-27;Kemény;6-1 7-6(1);Shuai Peng;173;CHN;28,052019165;Patricia Mayr Achleitner;;AUT;27,2197125257
Pattaya;2014-01-27;Kemény;3-6 6-2 6-4;Ekaterina Makarova;178;RUS;25,6399726215;Olga Savchuk;175;UKR;26,3545516769
Pattaya;2014-01-27;Kemény;6-3 6-2;Vera Zvonareva;172;RUS;29,3880903491;Peangtarn Plipuech;;THA;21,1991786448
Pattaya;2014-01-27;Kemény;6-2 7-6(4);Tadeja Majeric;;SLO;23,40862423;Su Wei Hsieh;169;TPE;28,0629705681
Pattaya;2014-01-27;Kemény;6-7(2) 7-5 7-6(6);Kimiko Date Krumm;163;JPN;43,3319644079;Garbine Muguruza;182;ESP;20,3039014374
Pattaya;2014-01-27;Kemény;6-2 6-4;Karolina Pliskova;184;CZE;21,8535249829;Bethanie Mattek Sands;168;USA;28,848733744
Pattaya;2014-01-27;Kemény;6-4 7-5;Alla Kudryavtseva;;RUS;26,2340862423;Ajla Tomljanovic;;CRO;20,7255304586
Pattaya;2014-01-27;Kemény;6-0 6-0;Alison Riske;;USA;23,5701574264;Anabel Medina Garrigues;169;ESP;31,4934976044
Pattaya;2014-01-27;Kemény;6-1 6-3;Sorana Cirstea;176;ROU;23,8083504449;Anna Karolina Schmiedlova;;SVK;19,3730321697
Pattaya;2014-01-27;Kemény;7-6(6) 6-7(5) 6-1;Elena Vesnina;176;RUS;27,4907597536;Vania King;165;USA;24,9034907598
Pattaya;2014-01-27;Kemény;6-3 6-3;Nicha Lertpitaksinchai;;THA;22,4558521561;Aleksandra Krunic;;SRB;20,8706365503
Pattaya;2014-01-27;Kemény;6-4 6-4;Julia Goerges;180;GER;25,234770705;Luksika Kumkhum;;THA;20,5201916496
Pattaya;2014-01-27;Kemény;6-0 7-6(3);Svetlana Kuznetsova;174;RUS;28,5859000684;Shuai Zhang;;CHN;25,015742642
Pattaya;2014-01-27;Kemény;6-3 6-4;Shuai Peng;173;CHN;28,052019165;Alexandra Dulgheru;;ROU;24,6625598905
Pattaya;2014-01-27;Kemény;6-0 6-2;Ekaterina Makarova;178;RUS;25,6399726215;Vera Zvonareva;172;RUS;29,3880903491
Pattaya;2014-01-27;Kemény;7-6(4) 6-3;Kimiko Date Krumm;163;JPN;43,3319644079;Tadeja Majeric;;SLO;23,40862423
Pattaya;2014-01-27;Kemény;4-6 6-3 6-4;Karolina Pliskova;184;CZE;21,8535249829;Alla Kudryavtseva;;RUS;26,2340862423
Pattaya;2014-01-27;Kemény;6-3 6-4;Sorana Cirstea;176;ROU;23,8083504449;Alison Riske;;USA;23,5701574264
Pattaya;2014-01-27;Kemény;6-3 6-3;Elena Vesnina;176;RUS;27,4907597536;Nicha Lertpitaksinchai;;THA;22,4558521561
Pattaya;2014-01-27;Kemény;6-2 7-5;Andrea Hlavackova;174;CZE;27,4661190965;Shuai Peng;173;CHN;28,052019165
Pattaya;2014-01-27;Kemény;6-2 4-6 6-4;Ekaterina Makarova;178;RUS;25,6399726215;Kimiko Date Krumm;163;JPN;43,3319644079
Pattaya;2014-01-27;Kemény;1-6 7-6(3) 6-0;Karolina Pliskova;184;CZE;21,8535249829;Sorana Cirstea;176;ROU;23,8083504449
Pattaya;2014-01-27;Kemény;5-7 6-3 6-3;Julia Goerges;180;GER;25,234770705;Elena Vesnina;176;RUS;27,4907597536
Pattaya;2014-01-27;Kemény;6-3 0-6 6-4;Ekaterina Makarova;178;RUS;25,6399726215;Andrea Hlavackova;174;CZE;27,4661190965
Pattaya;2014-01-27;Kemény;6-3 4-6 6-3;Karolina Pliskova;184;CZE;21,8535249829;Julia Goerges;180;GER;25,234770705
Pattaya;2014-01-27;Kemény;6-3 7-6(7);Ekaterina Makarova;178;RUS;25,6399726215;Karolina Pliskova;184;CZE;21,8535249829
Paris Open;2014-01-27;Szőnyeg;7-5 6-1;Yvonne Meusburger;;AUT;30,3189596167;Anna Lena Friedsam;;GER;19,9863107461
Paris Open;2014-01-27;Szőnyeg;6-3 4-6 6-2;Kirsten Flipkens;165;BEL;28,0465434634;Mona Barthel;185;GER;23,5482546201
Paris Open;2014-01-27;Szőnyeg;1-6 6-4 6-1;Anastasia Pavlyuchenkova;177;RUS;22,5708418891;Francesca Schiavone;166;ITA;33,5961670089
Paris Open;2014-01-27;Szőnyeg;6-1 6-4;Carla Suarez Navarro;162;ESP;25,3990417522;Johanna Larsson;174;SWE;25,4455852156
Paris Open;2014-01-27;Szőnyeg;6-3 0-6 7-5;Elina Svitolina;174;UKR;19,3757700205;Roberta Vinci;163;ITA;30,9404517454
Paris Open;2014-01-27;Szőnyeg;5-7 7-5 7-6(3);Galina Voskoboeva;183;KAZ;29,1088295688;Stefanie Voegele;170;SUI;23,8850102669
Paris Open;2014-01-27;Szőnyeg;6-4 6-1;Karin Knapp;180;ITA;26,5845311431;Lara Arruabarrena;166;ESP;21,8562628337
Paris Open;2014-01-27;Szőnyeg;7-6(1) 6-4;Kristina Mladenovic;184;FRA;20,7063655031;Simona Halep;168;ROU;22,3353867214
Paris Open;2014-01-27;Szőnyeg;6-2 6-3;Andrea Petkovic;180;GER;26,3846680356;Bojana Jovanovski;175;SRB;22,0752908966
Paris Open;2014-01-27;Szőnyeg;6-3 5-7 6-2;Alize Cornet;173;FRA;24,0136892539;Magdalena Rybarikova;180;SVK;25,3141683778
Paris Open;2014-01-27;Szőnyeg;6-0 6-1;Maria Sharapova;;RUS;26,7761806982;Daniela Hantuchova;181;SVK;30,765229295
Paris Open;2014-01-27;Szőnyeg;6-1 6-3;Kirsten Flipkens;165;BEL;28,0465434634;Yvonne Meusburger;;AUT;30,3189596167
Paris Open;2014-01-27;Szőnyeg;6-2 3-6 6-3;Anastasia Pavlyuchenkova;177;RUS;22,5708418891;Carla Suarez Navarro;162;ESP;25,3990417522
Paris Open;2014-01-27;Szőnyeg;6-1 6-2;Elina Svitolina;174;UKR;19,3757700205;Galina Voskoboeva;183;KAZ;29,1088295688
Paris Open;2014-01-27;Szőnyeg;6-4 6-3;Sara Errani;164;ITA;26,7488021903;Karin Knapp;180;ITA;26,5845311431
Paris Open;2014-01-27;Szőnyeg;6-4 6-2;Andrea Petkovic;180;GER;26,3846680356;Kristina Mladenovic;184;FRA;20,7063655031
Paris Open;2014-01-27;Szőnyeg;6-3 6-7(2) 6-3;Alize Cornet;173;FRA;24,0136892539;Barbora Zahlavova Strycova;164;CZE;27,8357289528
Paris Open;2014-01-27;Szőnyeg;6-2 6-2;Maria Sharapova;;RUS;26,7761806982;Kirsten Flipkens;165;BEL;28,0465434634
Paris Open;2014-01-27;Szőnyeg;5-7 6-3 7-6(3);Anastasia Pavlyuchenkova;177;RUS;22,5708418891;Angelique Kerber;173;GER;26,0260095825
Paris Open;2014-01-27;Szőnyeg;6-2 6-3;Sara Errani;164;ITA;26,7488021903;Elina Svitolina;174;UKR;19,3757700205
Paris Open;2014-01-27;Szőnyeg;7-6(6) 5-7 6-3;Alize Cornet;173;FRA;24,0136892539;Andrea Petkovic;180;GER;26,3846680356
Paris Open;2014-01-27;Szőnyeg;4-6 6-3 6-4;Anastasia Pavlyuchenkova;177;RUS;22,5708418891;Maria Sharapova;;RUS;26,7761806982
Paris Open;2014-01-27;Szőnyeg;7-6(3) 3-6 7-6(5);Sara Errani;164;ITA;26,7488021903;Alize Cornet;173;FRA;24,0136892539
Paris Open;2014-01-27;Szőnyeg;3-6 6-2 6-3;Anastasia Pavlyuchenkova;177;RUS;22,5708418891;Sara Errani;164;ITA;26,7488021903
Doha;2014-02-10;Kemény;7-5 4-6 7-6(3);Magdalena Rybarikova;180;SVK;25,3524982888;Francesca Schiavone;166;ITA;33,6344969199
Doha;2014-02-10;Kemény;6-3 6-2;Shuai Zhang;;CHN;25,054072553;Maryna Zanevska;;UKR;20,4654346338
Doha;2014-02-10;Kemény;7-5 6-1;Petra Cetkovska;172;CZE;29,0047912389;Sloane Stephens;170;USA;20,8952772074
Doha;2014-02-10;Kemény;6-3 6-3;Karolina Pliskova;184;CZE;21,8918548939;Cagla Buyukakcay;;TUR;24,3696098563
Doha;2014-02-10;Kemény;6-2 6-2;Venus Williams;185;USA;33,6509240246;Petra Martic;181;CRO;23,06091718
Doha;2014-02-10;Kemény;7-6(5) 7-5;Shuai Peng;173;CHN;28,090349076;Nadia Petrova;178;RUS;31,6769336071
Doha;2014-02-10;Kemény;5-7 6-4 6-4;Lucie Safarova;177;CZE;27,0171115674;Kirsten Flipkens;165;BEL;28,0848733744
Doha;2014-02-10;Kemény;7-6(6) 7-5;Stefanie Voegele;170;SUI;23,923340178;Alize Cornet;173;FRA;24,052019165
Doha;2014-02-10;Kemény;6-4 6-1;Karin Knapp;180;ITA;26,6228610541;Caroline Garcia;;FRA;20,3203285421
Doha;2014-02-10;Kemény;6-3 6-4;Kaia Kanepi;181;EST;28,6707734428;Varvara Lepchenko;180;USA;27,7262149213
Doha;2014-02-10;Kemény;7-6(5) 6-2;Annika Beck;170;GER;19,9835728953;Mona Barthel;185;GER;23,5865845311
Doha;2014-02-10;Kemény;6-3 6-3;Tsvetana Pironkova;180;BUL;26,4120465435;Roberta Vinci;163;ITA;30,9787816564
Doha;2014-02-10;Kemény;7-5 6-1;Bethanie Mattek Sands;168;USA;28,887063655;Eugenie BoucKemény;;CAN;19,9589322382
Doha;2014-02-10;Kemény;6-1 6-0;Monica Niculescu;168;ROU;26,379192334;Fatma Al Nabhani;;OMA;22,7296372348
Doha;2014-02-10;Kemény;7-5 6-3;Su Wei Hsieh;169;TPE;28,1013004791;Flavia Pennetta;172;ITA;31,9589322382
Doha;2014-02-10;Kemény;6-4 6-4;Yanina Wickmayer;182;BEL;24,3093771389;Andrea Petkovic;180;GER;26,4229979466
Doha;2014-02-10;Kemény;6-4 7-6(5);Jana Cepelova;168;SVK;20,7036276523;Kristina Mladenovic;184;FRA;20,7446954141
Doha;2014-02-10;Kemény;6-4 6-2;Samantha Stosur;172;AUS;29,8672142368;Marina Erakovic;174;NZL;25,9329226557
Doha;2014-02-10;Kemény;5-7 6-2 6-3;Anastasia Pavlyuchenkova;177;RUS;22,6091718001;Tadeja Majeric;;SLO;23,446954141
Doha;2014-02-10;Kemény;4-6 6-2 6-3;Mirjana Lucic;;CRO;31,9260780287;Yvonne Meusburger;;AUT;30,3572895277
Doha;2014-02-10;Kemény;2-6 6-1 7-5;Sorana Cirstea;176;ROU;23,8466803559;Alla Kudryavtseva;;RUS;26,2724161533
Doha;2014-02-10;Kemény;6-1 5-7 6-2;Na Li;172;CHN;31,9561943874;Magdalena Rybarikova;180;SVK;25,3524982888
Doha;2014-02-10;Kemény;6-3 4-6 6-3;Petra Cetkovska;172;CZE;29,0047912389;Shuai Zhang;;CHN;25,054072553
Doha;2014-02-10;Kemény;7-6(2) 6-4;Angelique Kerber;173;GER;26,0643394935;Karolina Pliskova;184;CZE;21,8918548939
Doha;2014-02-10;Kemény;6-2 2-6 7-6(7);Petra Kvitova;183;CZE;23,9288158795;Venus Williams;185;USA;33,6509240246
Doha;2014-02-10;Kemény;6-2 5-7 6-4;Lucie Safarova;177;CZE;27,0171115674;Shuai Peng;173;CHN;28,090349076
Doha;2014-02-10;Kemény;6-3 6-2;Alisa Kleybanova;181;RUS;24,5749486653;Stefanie Voegele;170;SUI;23,923340178
Doha;2014-02-10;Kemény;6-0 6-2;Jelena Jankovic;177;SRB;28,9500342231;Karin Knapp;180;ITA;26,6228610541
Doha;2014-02-10;Kemény;6-4 3-6 7-6(5);Simona Halep;168;ROU;22,3737166324;Kaia Kanepi;181;EST;28,6707734428
Doha;2014-02-10;Kemény;6-7(5) 6-2 6-2;Annika Beck;170;GER;19,9835728953;Tsvetana Pironkova;180;BUL;26,4120465435
Doha;2014-02-10;Kemény;6-1 3-6 6-3;Monica Niculescu;168;ROU;26,379192334;Bethanie Mattek Sands;168;USA;28,887063655
Doha;2014-02-10;Kemény;6-0 6-4;Sara Errani;164;ITA;26,7871321013;Su Wei Hsieh;169;TPE;28,1013004791
Doha;2014-02-10;Kemény;6-4 7-5;Yanina Wickmayer;182;BEL;24,3093771389;Caroline Wozniacki;177;DEN;23,5865845311
Doha;2014-02-10;Kemény;6-4 4-6 6-1;Jana Cepelova;168;SVK;20,7036276523;Samantha Stosur;172;AUS;29,8672142368
Doha;2014-02-10;Kemény;6-4 6-1;Mirjana Lucic;;CRO;31,9260780287;Anastasia Pavlyuchenkova;177;RUS;22,6091718001
Doha;2014-02-10;Kemény;7-5 6-0;Agnieszka Radwanska;170;POL;24,9336071184;Sorana Cirstea;176;ROU;23,8466803559
Doha;2014-02-10;Kemény;7-6(2) 2-6 6-4;Petra Cetkovska;172;CZE;29,0047912389;Na Li;172;CHN;31,9561943874
Doha;2014-02-10;Kemény;7-6(2) 5-7 6-2;Petra Kvitova;183;CZE;23,9288158795;Lucie Safarova;177;CZE;27,0171115674
Doha;2014-02-10;Kemény;6-1 6-2;Jelena Jankovic;177;SRB;28,9500342231;Alisa Kleybanova;181;RUS;24,5749486653
Doha;2014-02-10;Kemény;6-4 6-1;Simona Halep;168;ROU;22,3737166324;Annika Beck;170;GER;19,9835728953
Doha;2014-02-10;Kemény;2-6 7-5 6-1;Sara Errani;164;ITA;26,7871321013;Monica Niculescu;168;ROU;26,379192334
Doha;2014-02-10;Kemény;1-6 6-2 6-0;Yanina Wickmayer;182;BEL;24,3093771389;Jana Cepelova;168;SVK;20,7036276523
Doha;2014-02-10;Kemény;6-1 6-0;Angelique Kerber;173;GER;26,0643394935;Petra Cetkovska;172;CZE;29,0047912389
Doha;2014-02-10;Kemény;6-1 6-3;Jelena Jankovic;177;SRB;28,9500342231;Petra Kvitova;183;CZE;23,9288158795
Doha;2014-02-10;Kemény;6-2 6-0;Simona Halep;168;ROU;22,3737166324;Sara Errani;164;ITA;26,7871321013
Doha;2014-02-10;Kemény;6-2 6-1;Agnieszka Radwanska;170;POL;24,9336071184;Yanina Wickmayer;182;BEL;24,3093771389
Doha;2014-02-10;Kemény;6-1 7-6(6);Angelique Kerber;173;GER;26,0643394935;Jelena Jankovic;177;SRB;28,9500342231
Doha;2014-02-10;Kemény;7-5 6-2;Simona Halep;168;ROU;22,3737166324;Agnieszka Radwanska;170;POL;24,9336071184
Doha;2014-02-10;Kemény;6-2 6-3;Simona Halep;168;ROU;22,3737166324;Angelique Kerber;173;GER;26,0643394935
Dubai Open;2014-02-17;Kemény;6-4 6-7(3) 6-4;Ekaterina Makarova;178;RUS;25,697467488;Alisa Kleybanova;181;RUS;24,5941136208
Dubai Open;2014-02-17;Kemény;6-3 7-5;Lucie Safarova;177;CZE;27,0362765229;Sloane Stephens;170;USA;20,9144421629
Dubai Open;2014-02-17;Kemény;6-4 6-3;Jelena Jankovic;177;SRB;28,9691991786;Maryna Zanevska;;UKR;20,4845995893
Dubai Open;2014-02-17;Kemény;6-3 6-2;Carla Suarez Navarro;162;ESP;25,4565366188;Nadia Petrova;178;RUS;31,6960985626
Dubai Open;2014-02-17;Kemény;6-1 7-5;Kirsten Flipkens;165;BEL;28,1040383299;Karolina Pliskova;184;CZE;21,9110198494
Dubai Open;2014-02-17;Kemény;2-6 6-3 6-3;Caroline Wozniacki;177;DEN;23,6057494867;Sabine Lisicki;178;GER;24,4052019165
Dubai Open;2014-02-17;Kemény;1-6 6-1 6-4;Annika Beck;170;GER;20,0027378508;Samantha Stosur;172;AUS;29,8863791923
Dubai Open;2014-02-17;Kemény;6-4 6-3;Sorana Cirstea;176;ROU;23,8658453114;Roberta Vinci;163;ITA;30,9979466119
Dubai Open;2014-02-17;Kemény;3-6 6-3 7-6(6);Ana Ivanovic;183;SRB;26,2833675565;Angelique Kerber;173;GER;26,083504449
Dubai Open;2014-02-17;Kemény;6-3 6-2;Venus Williams;185;USA;33,6700889802;Elena Vesnina;176;RUS;27,5482546201
Dubai Open;2014-02-17;Kemény;7-5 6-4;Flavia Pennetta;172;ITA;31,9780971937;Kaia Kanepi;181;EST;28,6899383984
Dubai Open;2014-02-17;Kemény;7-6(8) 6-0;Serena Williams;175;USA;32,3942505133;Ekaterina Makarova;178;RUS;25,697467488
Dubai Open;2014-02-17;Kemény;7-5 6-4;Jelena Jankovic;177;SRB;28,9691991786;Lucie Safarova;177;CZE;27,0362765229
Dubai Open;2014-02-17;Kemény;1-6 6-4 7-6(4);Carla Suarez Navarro;162;ESP;25,4565366188;Petra Kvitova;183;CZE;23,947980835
Dubai Open;2014-02-17;Kemény;6-3 6-4;Alize Cornet;173;FRA;24,0711841205;Kirsten Flipkens;165;BEL;28,1040383299
Dubai Open;2014-02-17;Kemény;6-4 6-4;Caroline Wozniacki;177;DEN;23,6057494867;Annika Beck;170;GER;20,0027378508
Dubai Open;2014-02-17;Kemény;6-2 5-7 6-1;Sorana Cirstea;176;ROU;23,8658453114;Sara Errani;164;ITA;26,8062970568
Dubai Open;2014-02-17;Kemény;6-2 6-1;Venus Williams;185;USA;33,6700889802;Ana Ivanovic;183;SRB;26,2833675565
Dubai Open;2014-02-17;Kemény;6-4 6-1;Flavia Pennetta;172;ITA;31,9780971937;Agnieszka Radwanska;170;POL;24,9527720739
Dubai Open;2014-02-17;Kemény;6-2 6-2;Serena Williams;175;USA;32,3942505133;Jelena Jankovic;177;SRB;28,9691991786
Dubai Open;2014-02-17;Kemény;7-5 6-3;Alize Cornet;173;FRA;24,0711841205;Carla Suarez Navarro;162;ESP;25,4565366188
Dubai Open;2014-02-17;Kemény;6-1 6-2;Caroline Wozniacki;177;DEN;23,6057494867;Sorana Cirstea;176;ROU;23,8658453114
Dubai Open;2014-02-17;Kemény;6-3 7-5;Venus Williams;185;USA;33,6700889802;Flavia Pennetta;172;ITA;31,9780971937
Dubai Open;2014-02-17;Kemény;6-4 6-4;Alize Cornet;173;FRA;24,0711841205;Serena Williams;175;USA;32,3942505133
Dubai Open;2014-02-17;Kemény;6-3 6-2;Venus Williams;185;USA;33,6700889802;Caroline Wozniacki;177;DEN;23,6057494867
Dubai Open;2014-02-17;Kemény;6-3 6-0;Venus Williams;185;USA;33,6700889802;Alize Cornet;173;FRA;24,0711841205
Rio Open;2014-02-17;Salak;6-0 6-1;Silvia Soler Espinosa;;ESP;26,2477754962;Laura Pigossi;;BRA;19,5455167693
Rio Open;2014-02-17;Salak;6-3 6-3;Katarzyna Piter;;POL;23,0034223135;Beatriz Haddad Maia;;BRA;17,7193702943
Rio Open;2014-02-17;Salak;2-6 6-4 6-3;Dinah Pfizenmaier;;GER;22,0971937029;Barbora Zahlavova Strycova;164;CZE;27,8932238193
Rio Open;2014-02-17;Salak;6-3 6-4;Teliana Pereira;;BRA;25,5797399042;Alexandra Cadantu;170;ROU;23,794661191
Rio Open;2014-02-17;Salak;6-4 6-3;Patricia Mayr Achleitner;;AUT;27,2772073922;Yaroslava Shvedova;180;KAZ;26,4339493498
Rio Open;2014-02-17;Salak;7-5 7-6(8);Veronica Cepede Royg;;PAR;22,0752908966;Paula Cristina Goncalves;;BRA;23,5208761123
Rio Open;2014-02-17;Salak;6-4 6-0;Irina Camelia Begu;181;ROU;23,4798083504;Vania King;165;USA;24,9609856263
Rio Open;2014-02-17;Salak;7-5 6-4;Nastassja Burnett;;ITA;21,993155373;Maria Teresa Torro Flor;173;ESP;21,7960301164
Rio Open;2014-02-17;Salak;6-4 6-3;Alison Van Uytvanck;;BEL;19,8986995209;Johanna Larsson;174;SWE;25,5030800821
Rio Open;2014-02-17;Salak;7-5 6-0;Kiki Bertens;182;NED;22,1902806297;Danka Kovinic;;MNE;19,2498288843
Rio Open;2014-02-17;Salak;6-2 6-1;Paula Ormaechea;;ARG;21,3880903491;Nicole Gibbs;;USA;20,9609856263
Rio Open;2014-02-17;Salak;6-3 6-2;Kurumi Nara;;JPN;22,135523614;Su Wei Hsieh;169;TPE;28,1204654346
Rio Open;2014-02-17;Salak;6-2 6-3;Anna Lena Friedsam;;GER;20,0438056126;Nadiya Kichenok;;UKR;21,5797399042
Rio Open;2014-02-17;Salak;2-6 6-3 6-2;Chanelle Scheepers;;RSA;29,9329226557;Timea Babos;179;HUN;20,7748117728
Rio Open;2014-02-17;Salak;5-7 6-3 6-1;Katarzyna Piter;;POL;23,0034223135;Dinah Pfizenmaier;;GER;22,0971937029
Rio Open;2014-02-17;Salak;6-2 7-6(5);Teliana Pereira;;BRA;25,5797399042;Patricia Mayr Achleitner;;AUT;27,2772073922
Rio Open;2014-02-17;Salak;6-3 5-7 6-1;Irina Camelia Begu;181;ROU;23,4798083504;Veronica Cepede Royg;;PAR;22,0752908966
Rio Open;2014-02-17;Salak;0-6 6-3 6-2;Nastassja Burnett;;ITA;21,993155373;Alison Van Uytvanck;;BEL;19,8986995209
Rio Open;2014-02-17;Salak;7-5 7-5;Paula Ormaechea;;ARG;21,3880903491;Kiki Bertens;182;NED;22,1902806297
Rio Open;2014-02-17;Salak;6-0 7-6(3);Kurumi Nara;;JPN;22,135523614;Anna Lena Friedsam;;GER;20,0438056126
Rio Open;2014-02-17;Salak;6-4 6-4;Teliana Pereira;;BRA;25,5797399042;Irina Camelia Begu;181;ROU;23,4798083504
Rio Open;2014-02-17;Salak;5-7 6-2 7-5;Nastassja Burnett;;ITA;21,993155373;Paula Ormaechea;;ARG;21,3880903491
Rio Open;2014-02-17;Salak;6-4 3-6 6-2;Kurumi Nara;;JPN;22,135523614;Nastassja Burnett;;ITA;21,993155373
Florianopolis;2014-02-24;Kemény;6-2 6-2;Carla Suarez Navarro;162;ESP;25,4757015743;Timea Babos;179;HUN;20,7939767283
Florianopolis;2014-02-24;Kemény;6-4 1-6 6-2;Kiki Bertens;182;NED;22,2094455852;Sesil Karatantcheva;171;KAZ;24,5475701574
Florianopolis;2014-02-24;Kemény;6-3 6-1;Danka Kovinic;;MNE;19,2689938398;Paula Cristina Goncalves;;BRA;23,5400410678
Florianopolis;2014-02-24;Kemény;6-0 4-6 6-2;Monica Niculescu;168;ROU;26,417522245;Anna Karolina Schmiedlova;;SVK;19,4496919918
Florianopolis;2014-02-24;Kemény;6-1 7-6(5);Alexandra Dulgheru;;ROU;24,7392197125;Mariana Duque Marino;;COL;24,5366187543
Florianopolis;2014-02-24;Kemény;6-4 6-3;Teliana Pereira;;BRA;25,5989048597;Maria Teresa Torro Flor;173;ESP;21,8151950719
Florianopolis;2014-02-24;Kemény;6-1 6-3;Alexandra Cadantu;170;ROU;23,8138261465;Gabriela Ce;;BRA;20,9801505818
Florianopolis;2014-02-24;Kemény;6-4 3-6 7-5;Dinah Pfizenmaier;;GER;22,1163586585;Patricia Mayr Achleitner;;AUT;27,2963723477
Florianopolis;2014-02-24;Kemény;7-6(1) 7-6(1);Yaroslava Shvedova;180;KAZ;26,4531143053;Silvia Soler Espinosa;;ESP;26,2669404517
Florianopolis;2014-02-24;Kemény;6-4 1-6 7-5;Barbora Zahlavova Strycova;164;CZE;27,9123887748;Francesca Schiavone;166;ITA;33,6728268309
Florianopolis;2014-02-24;Kemény;6-1 6-2;Paula Ormaechea;;ARG;21,4072553046;Beatriz Haddad Maia;;BRA;17,7385352498
Florianopolis;2014-02-24;Kemény;6-3 6-2;Alison Van Uytvanck;;BEL;19,9178644764;Su Wei Hsieh;169;TPE;28,1396303901
Florianopolis;2014-02-24;Kemény;4-6 6-0 6-3;Chanelle Scheepers;;RSA;29,9520876112;Julia Glushko;;ISR;24,1478439425
Florianopolis;2014-02-24;Kemény;6-2 3-6 7-5;Garbine Muguruza;182;ESP;20,3805612594;Vania King;165;USA;24,9801505818
Florianopolis;2014-02-24;Kemény;6-3 7-6(2);Carla Suarez Navarro;162;ESP;25,4757015743;Kiki Bertens;182;NED;22,2094455852
Florianopolis;2014-02-24;Kemény;6-3 6-1;Monica Niculescu;168;ROU;26,417522245;Danka Kovinic;;MNE;19,2689938398
Florianopolis;2014-02-24;Kemény;7-5 6-2;Alexandra Dulgheru;;ROU;24,7392197125;Teliana Pereira;;BRA;25,5989048597
Florianopolis;2014-02-24;Kemény;6-2 6-3;Alexandra Cadantu;170;ROU;23,8138261465;Dinah Pfizenmaier;;GER;22,1163586585
Florianopolis;2014-02-24;Kemény;6-2 7-5;Yaroslava Shvedova;180;KAZ;26,4531143053;Barbora Zahlavova Strycova;164;CZE;27,9123887748
Florianopolis;2014-02-24;Kemény;6-2 6-2;Alison Van Uytvanck;;BEL;19,9178644764;Paula Ormaechea;;ARG;21,4072553046
Florianopolis;2014-02-24;Kemény;6-2 6-1;Garbine Muguruza;182;ESP;20,3805612594;Chanelle Scheepers;;RSA;29,9520876112
Florianopolis;2014-02-24;Kemény;6-3 6-3;Yaroslava Shvedova;180;KAZ;26,4531143053;Alexandra Cadantu;170;ROU;23,8138261465
Florianopolis;2014-02-24;Kemény;6-2 6-7(1) 6-3;Garbine Muguruza;182;ESP;20,3805612594;Alison Van Uytvanck;;BEL;19,9178644764
Florianopolis;2014-02-24;Kemény;6-2 6-3;Garbine Muguruza;182;ESP;20,3805612594;Yaroslava Shvedova;180;KAZ;26,4531143053
Acapulco;2014-02-24;Kemény;6-3 6-4;Dominika Cibulkova;161;SVK;24,8049281314;Urszula Radwanska;177;POL;23,2169746749
Acapulco;2014-02-24;Kemény;7-6(4) 6-4;Yanina Wickmayer;182;BEL;24,34770705;Lesia Tsurenko;174;UKR;24,7392197125
Acapulco;2014-02-24;Kemény;6-2 6-2;Marina Erakovic;174;NZL;25,9712525667;Ana Sofia Sanchez;;MEX;19,8685831622
Acapulco;2014-02-24;Kemény;6-4 7-5;Bojana Jovanovski;175;SRB;22,1519507187;Tornado Alicia Black;;USA;15,7891854894
Acapulco;2014-02-24;Kemény;6-1 6-3;Ajla Tomljanovic;;CRO;20,8021902806;Magdalena Rybarikova;180;SVK;25,3908281999
Acapulco;2014-02-24;Kemény;6-2 6-4;Victoria Duval;;USA;18,2368240931;Iveta Benesova;170;CZE;31,0636550308
Acapulco;2014-02-24;Kemény;7-6(5) 5-7 6-2;Aleksandra Wozniak;175;CAN;26,4668035592;Ashleigh Barty;;AUS;17,8370978782
Acapulco;2014-02-24;Kemény;4-6 6-1 6-4;Shuai Zhang;;CHN;25,0924024641;Madison Keys;178;USA;19,0198494182
Acapulco;2014-02-24;Kemény;3-6 7-6(5) 6-4;Kimiko Date Krumm;163;JPN;43,40862423;Stefanie Voegele;170;SUI;23,961670089
Acapulco;2014-02-24;Kemény;6-4 6-2;Christina Mchale;170;USA;21,7905544148;Kristina Mladenovic;184;FRA;20,7830253251
Acapulco;2014-02-24;Kemény;6-0 6-1;Julia Goerges;180;GER;25,311430527;Marcela Zacarias;;MEX;19,9178644764
Acapulco;2014-02-24;Kemény;6-1 3-6 6-2;Kaia Kanepi;181;EST;28,7091033539;Jana Cepelova;168;SVK;20,7419575633
Acapulco;2014-02-24;Kemény;6-1 6-3;Sharon Fichman;;CAN;23,227926078;Yvonne Meusburger;;AUT;30,3956194387
Acapulco;2014-02-24;Kemény;6-2 6-4;Lara Arruabarrena;166;ESP;21,9329226557;Galina Voskoboeva;183;KAZ;29,1854893908
Acapulco;2014-02-24;Kemény;6-2 6-2;Eugenie BoucKemény;;CAN;19,9972621492;Shahar Peer;170;ISR;26,8199863107
Acapulco;2014-02-24;Kemény;7-5 6-2;Dominika Cibulkova;161;SVK;24,8049281314;Yanina Wickmayer;182;BEL;24,34770705
Acapulco;2014-02-24;Kemény;6-1 6-4;Marina Erakovic;174;NZL;25,9712525667;Bojana Jovanovski;175;SRB;22,1519507187
Acapulco;2014-02-24;Kemény;6-3 6-0;Ajla Tomljanovic;;CRO;20,8021902806;Victoria Duval;;USA;18,2368240931
Acapulco;2014-02-24;Kemény;6-1 6-4;Shuai Zhang;;CHN;25,0924024641;Aleksandra Wozniak;175;CAN;26,4668035592
Acapulco;2014-02-24;Kemény;7-5 6-1;Christina Mchale;170;USA;21,7905544148;Kimiko Date Krumm;163;JPN;43,40862423
Acapulco;2014-02-24;Kemény;6-7(4) 6-4 7-6(6);Kaia Kanepi;181;EST;28,7091033539;Julia Goerges;180;GER;25,311430527
Acapulco;2014-02-24;Kemény;6-2 7-5;Caroline Garcia;;FRA;20,3586584531;Sharon Fichman;;CAN;23,227926078
Acapulco;2014-02-24;Kemény;7-5 6-2;Eugenie BoucKemény;;CAN;19,9972621492;Lara Arruabarrena;166;ESP;21,9329226557
Acapulco;2014-02-24;Kemény;6-4 7-5;Dominika Cibulkova;161;SVK;24,8049281314;Marina Erakovic;174;NZL;25,9712525667
Acapulco;2014-02-24;Kemény;6-1 5-7 6-2;Shuai Zhang;;CHN;25,0924024641;Ajla Tomljanovic;;CRO;20,8021902806
Acapulco;2014-02-24;Kemény;6-1 2-6 6-4;Christina Mchale;170;USA;21,7905544148;Kaia Kanepi;181;EST;28,7091033539
Acapulco;2014-02-24;Kemény;3-6 6-4 6-1;Caroline Garcia;;FRA;20,3586584531;Eugenie BoucKemény;;CAN;19,9972621492
Acapulco;2014-02-24;Kemény;3-6 6-2 7-5;Christina Mchale;170;USA;21,7905544148;Caroline Garcia;;FRA;20,3586584531
Acapulco;2014-02-24;Kemény;7-6(3) 4-6 6-4;Dominika Cibulkova;161;SVK;24,8049281314;Christina Mchale;170;USA;21,7905544148
Indian Wells;2014-03-03;Kemény;3-6 6-3 7-6(5);Jie Zheng;164;CHN;30,6611909651;Paula Ormaechea;;ARG;21,4264202601
Indian Wells;2014-03-03;Kemény;6-2 3-6 6-2;Karolina Pliskova;184;CZE;21,9493497604;Michelle Larcher De Brito;165;POR;21,0896646133
Indian Wells;2014-03-03;Kemény;6-3 7-5;Caroline Garcia;;FRA;20,3778234086;Bethanie Mattek Sands;168;USA;28,9445585216
Indian Wells;2014-03-03;Kemény;6-2 6-0;Aleksandra Wozniak;175;CAN;26,4859685147;Urszula Radwanska;177;POL;23,2361396304
Indian Wells;2014-03-03;Kemény;6-0 7-5;Donna Vekic;;CRO;17,6783025325;Olivia Rogowska;;AUS;22,7378507871
Indian Wells;2014-03-03;Kemény;6-2 6-2;Monica Niculescu;168;ROU;26,4366872005;Marina Erakovic;174;NZL;25,9904175222
Indian Wells;2014-03-03;Kemény;6-0 3-6 6-2;Barbora Zahlavova Strycova;164;CZE;27,9315537303;Vania King;165;USA;24,9993155373
Indian Wells;2014-03-03;Kemény;6-4 6-0;Coco Vandeweghe;185;USA;22,2395619439;Alexandra Cadantu;170;ROU;23,832991102
Indian Wells;2014-03-03;Kemény;6-1 2-6 6-3;Julia Goerges;180;GER;25,3305954825;Jana Cepelova;168;SVK;20,7611225188
Indian Wells;2014-03-03;Kemény;6-7(5) 6-3 6-3;Camila Giorgi;168;ITA;22,173853525;Andrea Petkovic;180;GER;26,4804928131
Indian Wells;2014-03-03;Kemény;7-6(1) 6-1;Taylor Townsend;;USA;17,87816564;Karin Knapp;180;ITA;26,6803559206
Indian Wells;2014-03-03;Kemény;3-6 6-2 6-2;Francesca Schiavone;166;ITA;33,6919917864;Mona Barthel;185;GER;23,6440793977
Indian Wells;2014-03-03;Kemény;6-4 7-5;Elina Svitolina;174;UKR;19,4715947981;Monica Puig;;PUR;20,4298425736
Indian Wells;2014-03-03;Kemény;5-7 6-4 6-4;Alisa Kleybanova;181;RUS;24,6324435318;Victoria Duval;;USA;18,2559890486
Indian Wells;2014-03-03;Kemény;6-4 6-0;Kurumi Nara;;JPN;22,173853525;Allie Kiick;;USA;18,674880219
Indian Wells;2014-03-03;Kemény;3-6 6-2 6-4;Yanina Wickmayer;182;BEL;24,3668720055;Anna Karolina Schmiedlova;;SVK;19,4688569473
Indian Wells;2014-03-03;Kemény;4-6 6-0 7-5;Shuai Peng;173;CHN;28,1478439425;Vera Zvonareva;172;RUS;29,4839151266
Indian Wells;2014-03-03;Kemény;4-6 6-3 6-4;Sharon Fichman;;CAN;23,2470910335;Shahar Peer;170;ISR;26,8391512663
Indian Wells;2014-03-03;Kemény;6-2 6-1;Madison Keys;178;USA;19,0390143737;Tsvetana Pironkova;180;BUL;26,46954141
Indian Wells;2014-03-03;Kemény;7-6(4) 6-4;Casey Dellacqua;;AUS;29,054072553;Christina Mchale;170;USA;21,8097193703
Indian Wells;2014-03-03;Kemény;6-2 6-2;Varvara Lepchenko;180;USA;27,7837097878;Alison Van Uytvanck;;BEL;19,9370294319
Indian Wells;2014-03-03;Kemény;6-4 6-3;Lauren Davis;157;USA;20,3969883641;Yung Jan Chan;170;TPE;24,5420944559
Indian Wells;2014-03-03;Kemény;6-4 6-2;Yvonne Meusburger;;AUT;30,4147843943;Iveta Benesova;170;CZE;31,0828199863
Indian Wells;2014-03-03;Kemény;6-0 6-4;Shelby Rogers;;USA;21,3853524983;Petra Cetkovska;172;CZE;29,0622861054
Indian Wells;2014-03-03;Kemény;4-6 6-4 6-3;Yaroslava Shvedova;180;KAZ;26,4722792608;Chanelle Scheepers;;RSA;29,9712525667
Indian Wells;2014-03-03;Kemény;3-6 6-3 6-3;Bojana Jovanovski;175;SRB;22,1711156742;Alison Riske;;USA;23,665982204
Indian Wells;2014-03-03;Kemény;6-2 6-1;Kristina Mladenovic;184;FRA;20,8021902806;Shuai Zhang;;CHN;25,1115674196
Indian Wells;2014-03-03;Kemény;6-2 2-6 7-5;Annika Beck;170;GER;20,0410677618;Stefanie Voegele;170;SUI;23,9808350445
Indian Wells;2014-03-03;Kemény;7-5 6-4;Heather Watson;170;GBR;21,787816564;Belinda Bencic;;SUI;16,9801505818
Indian Wells;2014-03-03;Kemény;6-1 7-5;Na Li;172;CHN;32,0136892539;Jie Zheng;164;CHN;30,6611909651
Indian Wells;2014-03-03;Kemény;6-4 7-5;Anastasia Pavlyuchenkova;177;RUS;22,6666666667;Caroline Garcia;;FRA;20,3778234086
Indian Wells;2014-03-03;Kemény;7-5 1-6 7-6(5);Aleksandra Wozniak;175;CAN;26,4859685147;Sabine Lisicki;178;GER;24,4435318275
Indian Wells;2014-03-03;Kemény;6-3 6-2;Dominika Cibulkova;161;SVK;24,8240930869;Donna Vekic;;CRO;17,6783025325
Indian Wells;2014-03-03;Kemény;5-7 7-6(3) 6-3;Ekaterina Makarova;178;RUS;25,735797399;Monica Niculescu;168;ROU;26,4366872005
Indian Wells;2014-03-03;Kemény;6-3 6-3;Svetlana Kuznetsova;174;RUS;28,681724846;Barbora Zahlavova Strycova;164;CZE;27,9315537303
Indian Wells;2014-03-03;Kemény;6-1 6-3;Petra Kvitova;183;CZE;23,9863107461;Coco Vandeweghe;185;USA;22,2395619439
Indian Wells;2014-03-03;Kemény;6-1 6-4;Maria Sharapova;;RUS;26,8720054757;Julia Goerges;180;GER;25,3305954825
Indian Wells;2014-03-03;Kemény;7-6(3) 6-3;Camila Giorgi;168;ITA;22,173853525;Sorana Cirstea;176;ROU;23,9041752225
Indian Wells;2014-03-03;Kemény;6-3 6-7(4) 6-3;Flavia Pennetta;172;ITA;32,0164271047;Taylor Townsend;;USA;17,87816564
Indian Wells;2014-03-03;Kemény;6-2 6-3;Samantha Stosur;172;AUS;29,9247091034;Francesca Schiavone;166;ITA;33,6919917864
Indian Wells;2014-03-03;Kemény;4-6 7-5 7-6(1);Ana Ivanovic;183;SRB;26,3216974675;Elina Svitolina;174;UKR;19,4715947981
Indian Wells;2014-03-03;Kemény;6-4 6-0;Sloane Stephens;170;USA;20,9527720739;Ajla Tomljanovic;;CRO;20,8213552361
Indian Wells;2014-03-03;Kemény;6-3 6-2;Alisa Kleybanova;181;RUS;24,6324435318;Garbine Muguruza;182;ESP;20,3997262149
Indian Wells;2014-03-03;Kemény;2-6 7-6(5) 6-4;Maria Teresa Torro Flor;173;ESP;21,8343600274;Angelique Kerber;173;GER;26,12183436
Indian Wells;2014-03-03;Kemény;6-2 6-2;Simona Halep;168;ROU;22,431211499;Kurumi Nara;;JPN;22,173853525
Indian Wells;2014-03-03;Kemény;6-3 6-4;Lucie Safarova;177;CZE;27,0746064339;Yanina Wickmayer;182;BEL;24,3668720055
Indian Wells;2014-03-03;Kemény;6-2 6-2;Eugenie BoucKemény;;CAN;20,0164271047;Shuai Peng;173;CHN;28,1478439425
Indian Wells;2014-03-03;Kemény;6-1 6-1;Sara Errani;164;ITA;26,8446269678;Sharon Fichman;;CAN;23,2470910335
Indian Wells;2014-03-03;Kemény;6-3 6-3;Roberta Vinci;163;ITA;31,0362765229;Madison Keys;178;USA;19,0390143737
Indian Wells;2014-03-03;Kemény;1-6 6-3 6-1;Casey Dellacqua;;AUS;29,054072553;Kirsten Flipkens;165;BEL;28,1423682409
Indian Wells;2014-03-03;Kemény;6-3 6-2;Varvara Lepchenko;180;USA;27,7837097878;Daniela Hantuchova;181;SVK;30,8610540726
Indian Wells;2014-03-03;Kemény;6-0 7-6(2);Lauren Davis;157;USA;20,3969883641;Victoria Azarenka;180;BLR;24,5886379192
Indian Wells;2014-03-03;Kemény;6-3 6-1;Jelena Jankovic;177;SRB;29,0075290897;Yvonne Meusburger;;AUT;30,4147843943
Indian Wells;2014-03-03;Kemény;6-4 6-3;Magdalena Rybarikova;180;SVK;25,4099931554;Shelby Rogers;;USA;21,3853524983
Indian Wells;2014-03-03;Kemény;6-3 6-2;Yaroslava Shvedova;180;KAZ;26,4722792608;Kaia Kanepi;181;EST;28,7282683094
Indian Wells;2014-03-03;Kemény;6-1 6-3;Caroline Wozniacki;177;DEN;23,6440793977;Bojana Jovanovski;175;SRB;22,1711156742
Indian Wells;2014-03-03;Kemény;6-3 6-3;Carla Suarez Navarro;162;ESP;25,4948665298;Kristina Mladenovic;184;FRA;20,8021902806
Indian Wells;2014-03-03;Kemény;6-3 4-6 6-2;Alize Cornet;173;FRA;24,1095140315;Silvia Soler Espinosa;;ESP;26,2861054073
Indian Wells;2014-03-03;Kemény;6-2 3-6 6-3;Annika Beck;170;GER;20,0410677618;Elena Vesnina;176;RUS;27,5865845311
Indian Wells;2014-03-03;Kemény;6-4 6-3;Agnieszka Radwanska;170;POL;24,9911019849;Heather Watson;170;GBR;21,787816564
Indian Wells;2014-03-03;Kemény;6-3 6-4;Na Li;172;CHN;32,0136892539;Karolina Pliskova;184;CZE;21,9493497604
Indian Wells;2014-03-03;Kemény;6-1 6-7(3) 6-0;Aleksandra Wozniak;175;CAN;26,4859685147;Anastasia Pavlyuchenkova;177;RUS;22,6666666667
Indian Wells;2014-03-03;Kemény;6-4 7-5;Dominika Cibulkova;161;SVK;24,8240930869;Ekaterina Makarova;178;RUS;25,735797399
Indian Wells;2014-03-03;Kemény;6-3 2-6 6-0;Petra Kvitova;183;CZE;23,9863107461;Svetlana Kuznetsova;174;RUS;28,681724846
Indian Wells;2014-03-03;Kemény;6-3 4-6 7-5;Camila Giorgi;168;ITA;22,173853525;Maria Sharapova;;RUS;26,8720054757
Indian Wells;2014-03-03;Kemény;6-4 3-6 6-1;Flavia Pennetta;172;ITA;32,0164271047;Samantha Stosur;172;AUS;29,9247091034
Indian Wells;2014-03-03;Kemény;7-6(3) 6-4;Sloane Stephens;170;USA;20,9527720739;Ana Ivanovic;183;SRB;26,3216974675
Indian Wells;2014-03-03;Kemény;6-1 6-3;Alisa Kleybanova;181;RUS;24,6324435318;Maria Teresa Torro Flor;173;ESP;21,8343600274
Indian Wells;2014-03-03;Kemény;6-2 4-6 6-4;Simona Halep;168;ROU;22,431211499;Lucie Safarova;177;CZE;27,0746064339
Indian Wells;2014-03-03;Kemény;6-3 6-3;Eugenie BoucKemény;;CAN;20,0164271047;Sara Errani;164;ITA;26,8446269678
Indian Wells;2014-03-03;Kemény;4-6 6-4 6-3;Casey Dellacqua;;AUS;29,054072553;Roberta Vinci;163;ITA;31,0362765229
Indian Wells;2014-03-03;Kemény;6-3 6-2;Lauren Davis;157;USA;20,3969883641;Varvara Lepchenko;180;USA;27,7837097878
Indian Wells;2014-03-03;Kemény;6-3 6-2;Jelena Jankovic;177;SRB;29,0075290897;Magdalena Rybarikova;180;SVK;25,4099931554
Indian Wells;2014-03-03;Kemény;7-6(7) 3-6 6-1;Caroline Wozniacki;177;DEN;23,6440793977;Yaroslava Shvedova;180;KAZ;26,4722792608
Indian Wells;2014-03-03;Kemény;6-7(4) 7-5 6-3;Alize Cornet;173;FRA;24,1095140315;Carla Suarez Navarro;162;ESP;25,4948665298
Indian Wells;2014-03-03;Kemény;6-0 6-0;Agnieszka Radwanska;170;POL;24,9911019849;Annika Beck;170;GER;20,0410677618
Indian Wells;2014-03-03;Kemény;6-1 6-4;Na Li;172;CHN;32,0136892539;Aleksandra Wozniak;175;CAN;26,4859685147
Indian Wells;2014-03-03;Kemény;6-3 6-2;Dominika Cibulkova;161;SVK;24,8240930869;Petra Kvitova;183;CZE;23,9863107461
Indian Wells;2014-03-03;Kemény;6-2 6-1;Flavia Pennetta;172;ITA;32,0164271047;Camila Giorgi;168;ITA;22,173853525
Indian Wells;2014-03-03;Kemény;6-3 7-5;Sloane Stephens;170;USA;20,9527720739;Alisa Kleybanova;181;RUS;24,6324435318
Indian Wells;2014-03-03;Kemény;6-2 1-6 6-4;Simona Halep;168;ROU;22,431211499;Eugenie BoucKemény;;CAN;20,0164271047
Indian Wells;2014-03-03;Kemény;6-3 6-1;Jelena Jankovic;177;SRB;29,0075290897;Caroline Wozniacki;177;DEN;23,6440793977
Indian Wells;2014-03-03;Kemény;7-5 6-3;Agnieszka Radwanska;170;POL;24,9911019849;Alize Cornet;173;FRA;24,1095140315
Indian Wells;2014-03-03;Kemény;6-3 4-6 6-3;Na Li;172;CHN;32,0136892539;Dominika Cibulkova;161;SVK;24,8240930869
Indian Wells;2014-03-03;Kemény;6-4 5-7 6-4;Flavia Pennetta;172;ITA;32,0164271047;Sloane Stephens;170;USA;20,9527720739
Indian Wells;2014-03-03;Kemény;6-2 6-2;Simona Halep;168;ROU;22,431211499;Casey Dellacqua;;AUS;29,054072553
Indian Wells;2014-03-03;Kemény;7-5 2-6 6-4;Agnieszka Radwanska;170;POL;24,9911019849;Jelena Jankovic;177;SRB;29,0075290897
Indian Wells;2014-03-03;Kemény;7-6(5) 6-3;Flavia Pennetta;172;ITA;32,0164271047;Na Li;172;CHN;32,0136892539
Indian Wells;2014-03-03;Kemény;6-3 6-4;Agnieszka Radwanska;170;POL;24,9911019849;Simona Halep;168;ROU;22,431211499
Indian Wells;2014-03-03;Kemény;6-2 6-1;Flavia Pennetta;172;ITA;32,0164271047;Agnieszka Radwanska;170;POL;24,9911019849
Miami;2014-03-17;Kemény;6-4 6-2;Yaroslava Shvedova;180;KAZ;26,5106091718;Francesca Schiavone;166;ITA;33,7303216975
Miami;2014-03-17;Kemény;6-3 7-5;Caroline Garcia;;FRA;20,4161533196;Aleksandra Wozniak;175;CAN;26,5242984257
Miami;2014-03-17;Kemény;6-4 7-6(6);Coco Vandeweghe;185;USA;22,2778918549;Marina Erakovic;174;NZL;26,0287474333
Miami;2014-03-17;Kemény;7-6(5) 6-1;Kiki Bertens;182;NED;22,2669404517;Victoria Duval;;USA;18,2943189596
Miami;2014-03-17;Kemény;3-6 6-1 6-4;Patricia Mayr Achleitner;;AUT;27,3538672142;Karin Knapp;180;ITA;26,7186858316
Miami;2014-03-17;Kemény;6-2 7-5;Tsvetana Pironkova;180;BUL;26,507871321;Galina Voskoboeva;183;KAZ;29,2429842574
Miami;2014-03-17;Kemény;7-5 6-0;Shuai Peng;173;CHN;28,1861738535;Karolina Pliskova;184;CZE;21,9876796715
Miami;2014-03-17;Kemény;7-6(2) 6-4;Kurumi Nara;;JPN;22,212183436;Annika Beck;170;GER;20,0793976728
Miami;2014-03-17;Kemény;6-4 6-0;Virginie Razzano;173;FRA;30,8473648186;Heather Watson;170;GBR;21,826146475
Miami;2014-03-17;Kemény;7-5 1-6 6-4;Nadia Petrova;178;RUS;31,7727583847;Urszula Radwanska;177;POL;23,2744695414
Miami;2014-03-17;Kemény;6-2 6-3;Lauren Davis;157;USA;20,4353182752;Shuai Zhang;;CHN;25,1498973306
Miami;2014-03-17;Kemény;2-6 6-0 6-3;Olga Govortsova;182;BLR;25,5633127995;Shahar Peer;170;ISR;26,8774811773
Miami;2014-03-17;Kemény;7-6(2) 6-2;Donna Vekic;;CRO;17,7166324435;Kimiko Date Krumm;163;JPN;43,4661190965
Miami;2014-03-17;Kemény;7-6(0) 6-1;Paula Ormaechea;;ARG;21,4647501711;Katarzyna Piter;;POL;23,0800821355
Miami;2014-03-17;Kemény;6-3 6-2;Casey Dellacqua;;AUS;29,0924024641;Stefanie Voegele;170;SUI;24,0191649555
Miami;2014-03-17;Kemény;7-5 5-7 6-2;Anna Karolina Schmiedlova;;SVK;19,5071868583;Indy De Vroome;;NED;17,8206707734
Miami;2014-03-17;Kemény;6-3 6-4;Andrea Petkovic;180;GER;26,5188227242;Maria Teresa Torro Flor;173;ESP;21,8726899384
Miami;2014-03-17;Kemény;6-3 6-4;Barbora Zahlavova Strycova;164;CZE;27,9698836413;Monica Niculescu;168;ROU;26,4750171116
Miami;2014-03-17;Kemény;6-3 3-6 6-3;Elina Svitolina;174;UKR;19,5099247091;Bethanie Mattek Sands;168;USA;28,9828884326
Miami;2014-03-17;Kemény;1-6 7-5 6-2;Alison Riske;;USA;23,704312115;Nadiya Kichenok;;UKR;21,6563997262
Miami;2014-03-17;Kemény;6-2 6-4;Romina Oprandi;;SUI;27,9671457906;Bojana Jovanovski;175;SRB;22,2094455852
Miami;2014-03-17;Kemény;7-5 6-1;Varvara Lepchenko;180;USA;27,8220396988;Yanina Wickmayer;182;BEL;24,4052019165
Miami;2014-03-17;Kemény;7-6(4) 6-4;Ajla Tomljanovic;;CRO;20,8596851472;Kristina Mladenovic;184;FRA;20,8405201916
Miami;2014-03-17;Kemény;6-4 3-6 6-2;Zarina Diyas;;KAZ;20,4106776181;Alexandra Cadantu;170;ROU;23,871321013
Miami;2014-03-17;Kemény;6-1 7-6(7);Monica Puig;;PUR;20,4681724846;Magdalena Rybarikova;180;SVK;25,4483230664
Miami;2014-03-17;Kemény;6-3 6-0;Chanelle Scheepers;;RSA;30,0095824778;Silvia Soler Espinosa;;ESP;26,3244353183
Miami;2014-03-17;Kemény;6-4 6-2;Christina Mchale;170;USA;21,8480492813;Jie Zheng;164;CHN;30,6995208761
Miami;2014-03-17;Kemény;6-3 6-2;Madison Keys;178;USA;19,0773442847;Anett Kontaveit;;EST;18,2286105407
Miami;2014-03-17;Kemény;7-6(3) 6-1;Alisa Kleybanova;181;RUS;24,6707734428;Iveta Benesova;170;CZE;31,1211498973
Miami;2014-03-17;Kemény;7-6(7) 6-2;Serena Williams;175;USA;32,4709103354;Yaroslava Shvedova;180;KAZ;26,5106091718
Miami;2014-03-17;Kemény;7-6(7) 7-5;Coco Vandeweghe;185;USA;22,2778918549;Anastasia Pavlyuchenkova;177;RUS;22,7049965777
Miami;2014-03-17;Kemény;6-3 6-2;Samantha Stosur;172;AUS;29,9630390144;Kiki Bertens;182;NED;22,2669404517
Miami;2014-03-17;Kemény;6-1 6-4;Sara Errani;164;ITA;26,8829568789;Patricia Mayr Achleitner;;AUT;27,3538672142
Miami;2014-03-17;Kemény;6-1 6-1;Ekaterina Makarova;178;RUS;25,7741273101;Rebecca Peterson;;SWE;18,6119096509
Miami;2014-03-17;Kemény;6-3 6-3;Tsvetana Pironkova;180;BUL;26,507871321;Sorana Cirstea;176;ROU;23,9425051335
Miami;2014-03-17;Kemény;6-3 1-6 7-6(5);Angelique Kerber;173;GER;26,160164271;Shuai Peng;173;CHN;28,1861738535
Miami;2014-03-17;Kemény;6-3 6-4;Maria Sharapova;;RUS;26,9103353867;Kurumi Nara;;JPN;22,212183436
Miami;2014-03-17;Kemény;6-3 7-6(2);Lucie Safarova;177;CZE;27,112936345;Vania King;165;USA;25,0376454483
Miami;2014-03-17;Kemény;6-1 3-6 6-3;Kirsten Flipkens;165;BEL;28,180698152;Virginie Razzano;173;FRA;30,8473648186
Miami;2014-03-17;Kemény;3-6 6-4 6-4;Sabine Lisicki;178;GER;24,4818617385;Nadia Petrova;178;RUS;31,7727583847
Miami;2014-03-17;Kemény;6-1 6-1;Ana Ivanovic;183;SRB;26,3600273785;Lauren Davis;157;USA;20,4353182752
Miami;2014-03-17;Kemény;6-3 6-3;Flavia Pennetta;172;ITA;32,0547570157;Olga Govortsova;182;BLR;25,5633127995
Miami;2014-03-17;Kemény;7-6(5) 7-5;Donna Vekic;;CRO;17,7166324435;Svetlana Kuznetsova;174;RUS;28,720054757
Miami;2014-03-17;Kemény;6-3 6-4;Petra Kvitova;183;CZE;24,0246406571;Paula Ormaechea;;ARG;21,4647501711
Miami;2014-03-17;Kemény;6-4 1-6 6-4;Casey Dellacqua;;AUS;29,0924024641;Jana Cepelova;168;SVK;20,7994524298
Miami;2014-03-17;Kemény;6-3 6-3;Venus Williams;185;USA;33,7467488022;Anna Karolina Schmiedlova;;SVK;19,5071868583
Miami;2014-03-17;Kemény;6-2 6-7(0) 6-4;Alize Cornet;173;FRA;24,1478439425;Andrea Petkovic;180;GER;26,5188227242
Miami;2014-03-17;Kemény;6-1 6-2;Dominika Cibulkova;161;SVK;24,8624229979;Yvonne Meusburger;;AUT;30,4531143053
Miami;2014-03-17;Kemény;6-4 2-6 7-5;Barbora Zahlavova Strycova;164;CZE;27,9698836413;Roberta Vinci;163;ITA;31,0746064339
Miami;2014-03-17;Kemény;1-6 6-1 6-2;Elina Svitolina;174;UKR;19,5099247091;Eugenie BoucKemény;;CAN;20,0547570157
Miami;2014-03-17;Kemény;6-2 6-2;Elena Vesnina;176;RUS;27,6249144422;Alison Riske;;USA;23,704312115
Miami;2014-03-17;Kemény;6-0 6-4;Agnieszka Radwanska;170;POL;25,029431896;Romina Oprandi;;SUI;27,9671457906
Miami;2014-03-17;Kemény;6-3 2-6 7-6(2);Varvara Lepchenko;180;USA;27,8220396988;Jelena Jankovic;177;SRB;29,0458590007
Miami;2014-03-17;Kemény;3-6 7-6(6) 6-1;Ajla Tomljanovic;;CRO;20,8596851472;Garbine Muguruza;182;ESP;20,4380561259
Miami;2014-03-17;Kemény;7-5 6-3;Sloane Stephens;170;USA;20,9911019849;Zarina Diyas;;KAZ;20,4106776181
Miami;2014-03-17;Kemény;6-1 1-6 6-3;Caroline Wozniacki;177;DEN;23,6824093087;Monica Puig;;PUR;20,4681724846
Miami;2014-03-17;Kemény;6-4 6-1;Carla Suarez Navarro;162;ESP;25,5331964408;Chanelle Scheepers;;RSA;30,0095824778
Miami;2014-03-17;Kemény;7-6(5) 7-6(0);Kaia Kanepi;181;EST;28,7665982204;Christina Mchale;170;USA;21,8480492813
Miami;2014-03-17;Kemény;6-4 6-2;Madison Keys;178;USA;19,0773442847;Daniela Hantuchova;181;SVK;30,8993839836
Miami;2014-03-17;Kemény;6-4 4-6 6-4;Serena Williams;175;USA;32,4709103354;Caroline Garcia;;FRA;20,4161533196
Miami;2014-03-17;Kemény;5-7 7-5 7-5;Coco Vandeweghe;185;USA;22,2778918549;Samantha Stosur;172;AUS;29,9630390144
Miami;2014-03-17;Kemény;6-3 2-6 6-4;Ekaterina Makarova;178;RUS;25,7741273101;Sara Errani;164;ITA;26,8829568789
Miami;2014-03-17;Kemény;6-0 6-2;Angelique Kerber;173;GER;26,160164271;Tsvetana Pironkova;180;BUL;26,507871321
Miami;2014-03-17;Kemény;6-4 6-7(7) 6-2;Maria Sharapova;;RUS;26,9103353867;Lucie Safarova;177;CZE;27,112936345
Miami;2014-03-17;Kemény;6-4 6-3;Ana Ivanovic;183;SRB;26,3600273785;Flavia Pennetta;172;ITA;32,0547570157
Miami;2014-03-17;Kemény;6-3 6-4;Petra Kvitova;183;CZE;24,0246406571;Donna Vekic;;CRO;17,7166324435
Miami;2014-03-17;Kemény;6-4 5-7 6-4;Venus Williams;185;USA;33,7467488022;Casey Dellacqua;;AUS;29,0924024641
Miami;2014-03-17;Kemény;7-6(6) 6-4;Dominika Cibulkova;161;SVK;24,8624229979;Alize Cornet;173;FRA;24,1478439425
Miami;2014-03-17;Kemény;4-6 6-4 6-1;Elina Svitolina;174;UKR;19,5099247091;Barbora Zahlavova Strycova;164;CZE;27,9698836413
Miami;2014-03-17;Kemény;7-5 6-3;Agnieszka Radwanska;170;POL;25,029431896;Elena Vesnina;176;RUS;27,6249144422
Miami;2014-03-17;Kemény;6-4 6-7(4) 7-6(2);Varvara Lepchenko;180;USA;27,8220396988;Ajla Tomljanovic;;CRO;20,8596851472
Miami;2014-03-17;Kemény;6-1 6-0;Caroline Wozniacki;177;DEN;23,6824093087;Sloane Stephens;170;USA;20,9911019849
Miami;2014-03-17;Kemény;6-2 6-1;Carla Suarez Navarro;162;ESP;25,5331964408;Kaia Kanepi;181;EST;28,7665982204
Miami;2014-03-17;Kemény;7-6(3) 6-3;Na Li;172;CHN;32,052019165;Madison Keys;178;USA;19,0773442847
Miami;2014-03-17;Kemény;6-3 6-1;Serena Williams;175;USA;32,4709103354;Coco Vandeweghe;185;USA;22,2778918549
Miami;2014-03-17;Kemény;6-4 1-6 6-3;Angelique Kerber;173;GER;26,160164271;Ekaterina Makarova;178;RUS;25,7741273101
Miami;2014-03-17;Kemény;3-6 6-4 6-1;Maria Sharapova;;RUS;26,9103353867;Kirsten Flipkens;165;BEL;28,180698152
Miami;2014-03-17;Kemény;3-6 6-0 6-0;Petra Kvitova;183;CZE;24,0246406571;Ana Ivanovic;183;SRB;26,3600273785
Miami;2014-03-17;Kemény;6-1 5-7 6-3;Dominika Cibulkova;161;SVK;24,8624229979;Venus Williams;185;USA;33,7467488022
Miami;2014-03-17;Kemény;7-6(5) 5-7 6-2;Agnieszka Radwanska;170;POL;25,029431896;Elina Svitolina;174;UKR;19,5099247091
Miami;2014-03-17;Kemény;6-0 6-1;Caroline Wozniacki;177;DEN;23,6824093087;Varvara Lepchenko;180;USA;27,8220396988
Miami;2014-03-17;Kemény;6-0 6-2;Na Li;172;CHN;32,052019165;Carla Suarez Navarro;162;ESP;25,5331964408
Miami;2014-03-17;Kemény;6-2 6-2;Serena Williams;175;USA;32,4709103354;Angelique Kerber;173;GER;26,160164271
Miami;2014-03-17;Kemény;7-5 6-1;Maria Sharapova;;RUS;26,9103353867;Petra Kvitova;183;CZE;24,0246406571
Miami;2014-03-17;Kemény;3-6 7-6(5) 6-3;Dominika Cibulkova;161;SVK;24,8624229979;Agnieszka Radwanska;170;POL;25,029431896
Miami;2014-03-17;Kemény;7-5 7-5;Na Li;172;CHN;32,052019165;Caroline Wozniacki;177;DEN;23,6824093087
Miami;2014-03-17;Kemény;6-4 6-3;Serena Williams;175;USA;32,4709103354;Maria Sharapova;;RUS;26,9103353867
Miami;2014-03-17;Kemény;7-5 2-6 6-3;Na Li;172;CHN;32,052019165;Dominika Cibulkova;161;SVK;24,8624229979
Miami;2014-03-17;Kemény;7-5 6-1;Serena Williams;175;USA;32,4709103354;Na Li;172;CHN;32,052019165
Monterrey;2014-03-31;Kemény;7-5 6-2;Kimiko Date Krumm;163;JPN;43,5044490075;Flavia Pennetta;172;ITA;32,0930869268
Monterrey;2014-03-31;Kemény;6-1 6-2;Timea Babos;179;HUN;20,8898015058;Ximena Hermoso;;MEX;22,9240246407
Monterrey;2014-03-31;Kemény;6-3 6-4;Nicole Gibbs;;USA;21,0759753593;Andrea Hlavackova;174;CZE;27,6386036961
Monterrey;2014-03-31;Kemény;6-0 6-3;Monica Puig;;PUR;20,5065023956;Olga Puchkova;;RUS;26,507871321
Monterrey;2014-03-31;Kemény;6-4 1-6 6-2;Julia Boserup;;USA;22,5571526352;Kirsten Flipkens;165;BEL;28,219028063
Monterrey;2014-03-31;Kemény;6-4 6-3;Allie Kiick;;USA;18,7515400411;Tadeja Majeric;;SLO;23,5811088296
Monterrey;2014-03-31;Kemény;7-5 6-0;Luksika Kumkhum;;THA;20,6926762491;Dalila Jakupovic;;SLO;23,0198494182
Monterrey;2014-03-31;Kemény;6-3 6-4;Jovana Jaksic;;SRB;20,4982888433;Karin Knapp;180;ITA;26,7570157426
Monterrey;2014-03-31;Kemény;7-6(5) 7-6(2);Donna Vekic;;CRO;17,7549623546;Garbine Muguruza;182;ESP;20,476386037
Monterrey;2014-03-31;Kemény;6-3 6-3;Karolina Pliskova;184;CZE;22,0260095825;Shahar Peer;170;ISR;26,9158110883
Monterrey;2014-03-31;Kemény;6-4 6-2;Kristina Mladenovic;184;FRA;20,8788501027;Johanna Konta;;GBR;22,8720054757
Monterrey;2014-03-31;Kemény;6-3 7-6(4);Caroline Wozniacki;177;DEN;23,7207392197;Coco Vandeweghe;185;USA;22,3162217659
Monterrey;2014-03-31;Kemény;6-3 3-6 6-2;Magdalena Rybarikova;180;SVK;25,4866529774;Olga Govortsova;182;BLR;25,6016427105
Monterrey;2014-03-31;Kemény;6-4 3-6 7-6(1);Ayumi Morita;163;JPN;24,0547570157;Monica Niculescu;168;ROU;26,5133470226
Monterrey;2014-03-31;Kemény;3-6 6-0 6-1;Aleksandra Wozniak;175;CAN;26,5626283368;Marcela Zacarias;;MEX;20,0136892539
Monterrey;2014-03-31;Kemény;4-6 6-3 6-3;Ana Ivanovic;183;SRB;26,3983572895;Urszula Radwanska;177;POL;23,3127994524
Monterrey;2014-03-31;Kemény;6-4 6-7(4) 6-4;Kimiko Date Krumm;163;JPN;43,5044490075;Timea Babos;179;HUN;20,8898015058
Monterrey;2014-03-31;Kemény;6-4 6-2;Monica Puig;;PUR;20,5065023956;Nicole Gibbs;;USA;21,0759753593
Monterrey;2014-03-31;Kemény;2-6 6-2 6-1;Julia Boserup;;USA;22,5571526352;Allie Kiick;;USA;18,7515400411
Monterrey;2014-03-31;Kemény;3-6 7-6(5) 7-6(2);Jovana Jaksic;;SRB;20,4982888433;Luksika Kumkhum;;THA;20,6926762491
Monterrey;2014-03-31;Kemény;4-6 6-2 6-3;Karolina Pliskova;184;CZE;22,0260095825;Donna Vekic;;CRO;17,7549623546
Monterrey;2014-03-31;Kemény;6-3 6-4;Caroline Wozniacki;177;DEN;23,7207392197;Kristina Mladenovic;184;FRA;20,8788501027
Monterrey;2014-03-31;Kemény;6-4 6-2;Ana Ivanovic;183;SRB;26,3983572895;Aleksandra Wozniak;175;CAN;26,5626283368
Monterrey;2014-03-31;Kemény;6-4 6-7(2) 6-4;Kimiko Date Krumm;163;JPN;43,5044490075;Monica Puig;;PUR;20,5065023956
Monterrey;2014-03-31;Kemény;6-3 6-0;Jovana Jaksic;;SRB;20,4982888433;Julia Boserup;;USA;22,5571526352
Monterrey;2014-03-31;Kemény;6-7(3) 6-3 6-3;Caroline Wozniacki;177;DEN;23,7207392197;Karolina Pliskova;184;CZE;22,0260095825
Monterrey;2014-03-31;Kemény;6-1 0-6 6-2;Ana Ivanovic;183;SRB;26,3983572895;Magdalena Rybarikova;180;SVK;25,4866529774
Monterrey;2014-03-31;Kemény;6-7(5) 6-4 6-4;Jovana Jaksic;;SRB;20,4982888433;Kimiko Date Krumm;163;JPN;43,5044490075
Monterrey;2014-03-31;Kemény;7-6(5) 6-4;Ana Ivanovic;183;SRB;26,3983572895;Caroline Wozniacki;177;DEN;23,7207392197
Monterrey;2014-03-31;Kemény;6-2 6-1;Ana Ivanovic;183;SRB;26,3983572895;Jovana Jaksic;;SRB;20,4982888433
Charleston;2014-03-31;Salak;7-6(2) 6-2;Jana Cepelova;168;SVK;20,8377823409;Melanie Oudin;168;USA;22,5188227242
Charleston;2014-03-31;Salak;6-1 2-6 6-0;Petra Cetkovska;172;CZE;29,1389459274;Varvara Lepchenko;180;USA;27,8603696099
Charleston;2014-03-31;Salak;6-2 6-1;Elena Vesnina;176;RUS;27,6632443532;Anna Karolina Schmiedlova;;SVK;19,5455167693
Charleston;2014-03-31;Salak;7-5 7-5;Daniela Hantuchova;181;SVK;30,9377138946;Shelby Rogers;;USA;21,4620123203
Charleston;2014-03-31;Salak;6-3 1-6 6-3;Grace Min;;USA;19,9014373717;Michelle Larcher De Brito;165;POR;21,1663244353
Charleston;2014-03-31;Salak;6-1 7-6(5);Teliana Pereira;;BRA;25,6947296372;Patricia Mayr Achleitner;;AUT;27,3921971253
Charleston;2014-03-31;Salak;7-5 3-6 6-3;Kiki Bertens;182;NED;22,3052703628;Paula Ormaechea;;ARG;21,5030800821
Charleston;2014-03-31;Salak;6-2 6-3;Shuai Peng;173;CHN;28,2245037645;Caroline Garcia;;FRA;20,4544832307
Charleston;2014-03-31;Salak;7-6(0) 7-6(3);Madison Keys;178;USA;19,1156741958;Mirjana Lucic;;CRO;32,0602327173
Charleston;2014-03-31;Salak;6-1 7-5;Belinda Bencic;;SUI;17,0568104038;Maria Kirilenko;173;RUS;27,1786447639
Charleston;2014-03-31;Salak;4-6 6-3 6-4;Marina Erakovic;174;NZL;26,0670773443;Nadia Petrova;178;RUS;31,8110882957
Charleston;2014-03-31;Salak;6-1 5-7 7-6(5);Elina Svitolina;174;UKR;19,5482546201;Jarmila Gajdosova;174;AUS;26,9295003422
Charleston;2014-03-31;Salak;6-2 3-6 7-5;Yaroslava Shvedova;180;KAZ;26,5489390828;Saisai Zheng;;CHN;20,1478439425
Charleston;2014-03-31;Salak;6-0 5-7 6-2;Virginie Razzano;173;FRA;30,8856947296;Julia Goerges;180;GER;25,4072553046
Charleston;2014-03-31;Salak;6-2 6-3;Lucie Safarova;177;CZE;27,151266256;Johanna Larsson;174;SWE;25,6180698152
Charleston;2014-03-31;Salak;6-7(2) 6-4 6-1;Andrea Petkovic;180;GER;26,5571526352;Lesia Tsurenko;174;UKR;24,8350444901
Charleston;2014-03-31;Salak;4-6 7-5 6-3;Vania King;165;USA;25,0759753593;Julia Glushko;;ISR;24,2436687201
Charleston;2014-03-31;Salak;6-3 7-5;Alla Kudryavtseva;;RUS;26,4065708419;Christina Mchale;170;USA;21,8863791923
Charleston;2014-03-31;Salak;4-6 6-2 6-3;Chanelle Scheepers;;RSA;30,0479123888;Alison Riske;;USA;23,742642026
Charleston;2014-03-31;Salak;6-3 0-6 7-5;Venus Williams;185;USA;33,7850787132;Barbora Zahlavova Strycova;164;CZE;28,0082135524
Charleston;2014-03-31;Salak;3-6 7-6(5) 7-6(0);Shuai Zhang;;CHN;25,1882272416;Su Wei Hsieh;169;TPE;28,2354551677
Charleston;2014-03-31;Salak;6-7(4) 6-1 7-5;Ajla Tomljanovic;;CRO;20,8980150582;Stefanie Voegele;170;SUI;24,0574948665
Charleston;2014-03-31;Salak;6-1 6-4;Lauren Davis;157;USA;20,4736481862;Dinah Pfizenmaier;;GER;22,212183436
Charleston;2014-03-31;Salak;6-4 6-4;Jana Cepelova;168;SVK;20,8377823409;Serena Williams;175;USA;32,5092402464
Charleston;2014-03-31;Salak;3-6 6-2 6-4;Elena Vesnina;176;RUS;27,6632443532;Petra Cetkovska;172;CZE;29,1389459274
Charleston;2014-03-31;Salak;6-2 6-3;Daniela Hantuchova;181;SVK;30,9377138946;Grace Min;;USA;19,9014373717
Charleston;2014-03-31;Salak;3-6 6-3 7-6(0);Teliana Pereira;;BRA;25,6947296372;Sorana Cirstea;176;ROU;23,9808350445
Charleston;2014-03-31;Salak;6-1 6-7(3) 7-6(4);Shuai Peng;173;CHN;28,2245037645;Madison Keys;178;USA;19,1156741958
Charleston;2014-03-31;Salak;6-2 6-1;Belinda Bencic;;SUI;17,0568104038;Marina Erakovic;174;NZL;26,0670773443
Charleston;2014-03-31;Salak;6-4 6-4;Elina Svitolina;174;UKR;19,5482546201;Sloane Stephens;170;USA;21,029431896
Charleston;2014-03-31;Salak;6-3 5-7 6-1;Samantha Stosur;172;AUS;30,0013689254;Yaroslava Shvedova;180;KAZ;26,5489390828
Charleston;2014-03-31;Salak;2-6 6-4 6-4;Lucie Safarova;177;CZE;27,151266256;Virginie Razzano;173;FRA;30,8856947296
Charleston;2014-03-31;Salak;7-5 4-6 6-3;Sabine Lisicki;178;GER;24,5201916496;Vania King;165;USA;25,0759753593
Charleston;2014-03-31;Salak;6-2 6-0;Eugenie BoucKemény;;CAN;20,0930869268;Alla Kudryavtseva;;RUS;26,4065708419
Charleston;2014-03-31;Salak;7-5 7-5;Venus Williams;185;USA;33,7850787132;Chanelle Scheepers;;RSA;30,0479123888
Charleston;2014-03-31;Salak;4-6 7-6(4) 6-3;Ajla Tomljanovic;;CRO;20,8980150582;Shuai Zhang;;CHN;25,1882272416
Charleston;2014-03-31;Salak;6-0 6-3;Jelena Jankovic;177;SRB;29,0841889117;Lauren Davis;157;USA;20,4736481862
Charleston;2014-03-31;Salak;7-6(4) 3-6 6-3;Jana Cepelova;168;SVK;20,8377823409;Elena Vesnina;176;RUS;27,6632443532
Charleston;2014-03-31;Salak;6-2 6-3;Daniela Hantuchova;181;SVK;30,9377138946;Teliana Pereira;;BRA;25,6947296372
Charleston;2014-03-31;Salak;7-6(6) 7-6(5);Sara Errani;164;ITA;26,9212867899;Shuai Peng;173;CHN;28,2245037645
Charleston;2014-03-31;Salak;6-7(4) 6-4 6-1;Belinda Bencic;;SUI;17,0568104038;Elina Svitolina;174;UKR;19,5482546201
Charleston;2014-03-31;Salak;3-6 6-4 6-4;Lucie Safarova;177;CZE;27,151266256;Samantha Stosur;172;AUS;30,0013689254
Charleston;2014-03-31;Salak;6-1 6-0;Andrea Petkovic;180;GER;26,5571526352;Sabine Lisicki;178;GER;24,5201916496
Charleston;2014-03-31;Salak;7-6(6) 2-6 6-4;Eugenie BoucKemény;;CAN;20,0930869268;Venus Williams;185;USA;33,7850787132
Charleston;2014-03-31;Salak;7-5 6-1;Jelena Jankovic;177;SRB;29,0841889117;Ajla Tomljanovic;;CRO;20,8980150582
Charleston;2014-03-31;Salak;6-2 6-1;Jana Cepelova;168;SVK;20,8377823409;Daniela Hantuchova;181;SVK;30,9377138946
Charleston;2014-03-31;Salak;4-6 6-2 6-1;Belinda Bencic;;SUI;17,0568104038;Sara Errani;164;ITA;26,9212867899
Charleston;2014-03-31;Salak;6-3 1-6 6-1;Andrea Petkovic;180;GER;26,5571526352;Lucie Safarova;177;CZE;27,151266256
Charleston;2014-03-31;Salak;6-3 4-6 6-3;Eugenie BoucKemény;;CAN;20,0930869268;Jelena Jankovic;177;SRB;29,0841889117
Charleston;2014-03-31;Salak;6-4 5-7 7-6(7);Jana Cepelova;168;SVK;20,8377823409;Belinda Bencic;;SUI;17,0568104038
Charleston;2014-03-31;Salak;1-6 6-3 7-5;Andrea Petkovic;180;GER;26,5571526352;Eugenie BoucKemény;;CAN;20,0930869268
Charleston;2014-03-31;Salak;7-5 6-2;Andrea Petkovic;180;GER;26,5571526352;Jana Cepelova;168;SVK;20,8377823409
Katowice Open;2014-04-07;Kemény;6-3 6-2;Agnieszka Radwanska;170;POL;25,0869267625;Kristyna Pliskova;;CZE;22,045174538
Katowice Open;2014-04-07;Kemény;6-0 6-2;Francesca Schiavone;166;ITA;33,787816564;Vera Dushevina;180;RUS;27,5017111567
Katowice Open;2014-04-07;Kemény;6-3 6-4;Mirjana Lucic;;CRO;32,0793976728;Jovana Jaksic;;SRB;20,5174537988
Katowice Open;2014-04-07;Kemény;6-3 6-1;Yvonne Meusburger;;AUT;30,5106091718;Magdalena Frech;;POL;16,3093771389
Katowice Open;2014-04-07;Kemény;6-3 6-2;Alize Cornet;173;FRA;24,205338809;Vesna Dolonc;170;SRB;24,7118412047
Katowice Open;2014-04-07;Kemény;6-1 6-1;Kristina Kucova;;SVK;23,8740588638;Monica Niculescu;168;ROU;26,5325119781
Katowice Open;2014-04-07;Kemény;6-1 6-4;Annika Beck;170;GER;20,1368925394;Mona Barthel;185;GER;23,7399041752
Katowice Open;2014-04-07;Kemény;6-4 6-3;Klara Koukalova;166;CZE;32,1149897331;Magda Linette;;POL;22,1492128679
Katowice Open;2014-04-07;Kemény;6-2 7-5;Magdalena Rybarikova;180;SVK;25,5058179329;Claire Feuerstein;;FRA;28,1040383299
Katowice Open;2014-04-07;Kemény;6-1 7-5;Silvia Soler Espinosa;;ESP;26,3819301848;Misaki Doi;159;JPN;22,9404517454
Katowice Open;2014-04-07;Kemény;3-6 6-1 6-1;Alexandra Cadantu;170;ROU;23,9288158795;Yanina Wickmayer;182;BEL;24,462696783
Katowice Open;2014-04-07;Kemény;6-4 6-0;Carla Suarez Navarro;162;ESP;25,5906913073;Alison Van Uytvanck;;BEL;20,0328542094
Katowice Open;2014-04-07;Kemény;4-6 7-5 6-1;Tsvetana Pironkova;180;BUL;26,5653661875;Andrea Hlavackova;174;CZE;27,6577686516
Katowice Open;2014-04-07;Kemény;6-4 6-4;Shahar Peer;170;ISR;26,9349760438;Petra Martic;181;CRO;23,2142368241
Katowice Open;2014-04-07;Kemény;6-0 6-1;Camila Giorgi;168;ITA;22,2696783025;Katarzyna Piter;;POL;23,1375770021
Katowice Open;2014-04-07;Kemény;6-3 6-3;Roberta Vinci;163;ITA;31,1321013005;Ksenia Pervak;170;KAZ;22,8637919233
Katowice Open;2014-04-07;Kemény;6-4 6-3;Agnieszka Radwanska;170;POL;25,0869267625;Francesca Schiavone;166;ITA;33,787816564
Katowice Open;2014-04-07;Kemény;6-2 6-3;Yvonne Meusburger;;AUT;30,5106091718;Mirjana Lucic;;CRO;32,0793976728
Katowice Open;2014-04-07;Kemény;6-3 4-6 6-3;Alize Cornet;173;FRA;24,205338809;Kristina Kucova;;SVK;23,8740588638
Katowice Open;2014-04-07;Kemény;4-6 6-3 6-1;Klara Koukalova;166;CZE;32,1149897331;Annika Beck;170;GER;20,1368925394
Katowice Open;2014-04-07;Kemény;6-2 6-0;Magdalena Rybarikova;180;SVK;25,5058179329;Silvia Soler Espinosa;;ESP;26,3819301848
Katowice Open;2014-04-07;Kemény;2-6 6-4 6-4;Carla Suarez Navarro;162;ESP;25,5906913073;Alexandra Cadantu;170;ROU;23,9288158795
Katowice Open;2014-04-07;Kemény;6-2 6-1;Shahar Peer;170;ISR;26,9349760438;Tsvetana Pironkova;180;BUL;26,5653661875
Katowice Open;2014-04-07;Kemény;6-3 6-7(7) 6-0;Camila Giorgi;168;ITA;22,2696783025;Roberta Vinci;163;ITA;31,1321013005
Katowice Open;2014-04-07;Kemény;6-4 6-1;Agnieszka Radwanska;170;POL;25,0869267625;Yvonne Meusburger;;AUT;30,5106091718
Katowice Open;2014-04-07;Kemény;6-2 0-6 6-2;Alize Cornet;173;FRA;24,205338809;Klara Koukalova;166;CZE;32,1149897331
Katowice Open;2014-04-07;Kemény;6-2 6-3;Carla Suarez Navarro;162;ESP;25,5906913073;Magdalena Rybarikova;180;SVK;25,5058179329
Katowice Open;2014-04-07;Kemény;6-1 6-4;Camila Giorgi;168;ITA;22,2696783025;Shahar Peer;170;ISR;26,9349760438
Katowice Open;2014-04-07;Kemény;0-6 6-2 6-4;Alize Cornet;173;FRA;24,205338809;Agnieszka Radwanska;170;POL;25,0869267625
Katowice Open;2014-04-07;Kemény;7-6(2) 6-4;Camila Giorgi;168;ITA;22,2696783025;Carla Suarez Navarro;162;ESP;25,5906913073
Bogota;2014-04-07;Salak;7-5 7-5;Jelena Jankovic;177;SRB;29,1033538672;Mathilde Johansson;173;FRA;28,9418206708
Bogota;2014-04-07;Salak;6-4 2-6 6-2;Sofia Shapatava;;GEO;25,2320328542;Dinah Pfizenmaier;;GER;22,2313483915
Bogota;2014-04-07;Salak;6-1 6-0;Lara Arruabarrena;166;ESP;22,0479123888;Maria Fernanda Herazo Gonzalez;;COL;17,0431211499
Bogota;2014-04-07;Salak;7-5 6-1;Paula Ormaechea;;ARG;21,5222450376;Patricia Mayr Achleitner;;AUT;27,4113620808
Bogota;2014-04-07;Salak;6-3 7-6(4);Chanelle Scheepers;;RSA;30,0670773443;Karin Knapp;180;ITA;26,7761806982
Bogota;2014-04-07;Salak;6-1 4-6 6-2;Alexandra Panova;;RUS;25,0978781656;Kristina Mladenovic;184;FRA;20,8980150582
Bogota;2014-04-07;Salak;7-5 6-4;Yuliana Lizarazo;;COL;20,8733744011;Sachia Vickery;;USA;18,9075975359
Bogota;2014-04-07;Salak;6-3 6-4;Caroline Garcia;;FRA;20,4736481862;Florencia Molinero;;ARG;25,3552361396
Bogota;2014-04-07;Salak;4-6 6-3 6-0;Danka Kovinic;;MNE;19,3839835729;Nicole Gibbs;;USA;21,0951403149
Bogota;2014-04-07;Salak;7-6(7) 6-1;Romina Oprandi;;SUI;28,0246406571;Tatjana Maria;;GER;26,6639288159
Bogota;2014-04-07;Salak;6-3 6-1;Irina Camelia Begu;181;ROU;23,613963039;Anna Karolina Schmiedlova;;SVK;19,5646817248
Bogota;2014-04-07;Salak;6-1 7-5;Vania King;165;USA;25,0951403149;Tadeja Majeric;;SLO;23,6002737851
Bogota;2014-04-07;Salak;6-2 4-6 6-3;Maria Irigoyen;;ARG;26,7871321013;Alla Kudryavtseva;;RUS;26,4257357974
Bogota;2014-04-07;Salak;6-2 6-2;Irina Khromacheva;;RUS;18,9048596851;Olivia Rogowska;;AUS;22,8336755647
Bogota;2014-04-07;Salak;6-3 6-3;Mariana Duque Marino;;COL;24,6516084873;Sloane Stephens;170;USA;21,0485968515
Bogota;2014-04-07;Salak;6-4 6-3;Jelena Jankovic;177;SRB;29,1033538672;Sofia Shapatava;;GEO;25,2320328542
Bogota;2014-04-07;Salak;6-4 7-6(3);Lara Arruabarrena;166;ESP;22,0479123888;Paula Ormaechea;;ARG;21,5222450376
Bogota;2014-04-07;Salak;6-3 6-2;Chanelle Scheepers;;RSA;30,0670773443;Alexandra Panova;;RUS;25,0978781656
Bogota;2014-04-07;Salak;2-6 6-3 6-4;Caroline Garcia;;FRA;20,4736481862;Danka Kovinic;;MNE;19,3839835729
Bogota;2014-04-07;Salak;6-4 6-1;Romina Oprandi;;SUI;28,0246406571;Irina Camelia Begu;181;ROU;23,613963039
Bogota;2014-04-07;Salak;6-4 3-6 6-0;Vania King;165;USA;25,0951403149;Maria Irigoyen;;ARG;26,7871321013
Bogota;2014-04-07;Salak;6-2 6-4;Mariana Duque Marino;;COL;24,6516084873;Irina Khromacheva;;RUS;18,9048596851
Bogota;2014-04-07;Salak;6-4 6-4;Jelena Jankovic;177;SRB;29,1033538672;Lara Arruabarrena;166;ESP;22,0479123888
Bogota;2014-04-07;Salak;6-1 7-5;Caroline Garcia;;FRA;20,4736481862;Romina Oprandi;;SUI;28,0246406571
Bogota;2014-04-07;Salak;7-6(4) 7-5;Vania King;165;USA;25,0951403149;Mariana Duque Marino;;COL;24,6516084873
Bogota;2014-04-07;Salak;6-1 7-5;Jelena Jankovic;177;SRB;29,1033538672;Chanelle Scheepers;;RSA;30,0670773443
Bogota;2014-04-07;Salak;6-2 6-4;Caroline Garcia;;FRA;20,4736481862;Vania King;165;USA;25,0951403149
Bogota;2014-04-07;Salak;6-3 6-4;Caroline Garcia;;FRA;20,4736481862;Jelena Jankovic;177;SRB;29,1033538672
Kuala Lumpur;2014-04-14;Kemény;6-1 6-3;Dominika Cibulkova;161;SVK;24,93908282;Pemra Ozgen;;TUR;27,9342915811
Kuala Lumpur;2014-04-14;Kemény;2-6 6-4 6-3;Su Wei Hsieh;169;TPE;28,2737850787;Jarmila Gajdosova;174;AUS;26,9678302533
Kuala Lumpur;2014-04-14;Kemény;6-2 6-2;Zarina Diyas;;KAZ;20,4873374401;Eleni Daniilidou;182;GRE;31,5674195756
Kuala Lumpur;2014-04-14;Kemény;6-2 6-2;Karolina Pliskova;184;CZE;22,0643394935;Aleksandra Krunic;;SRB;21,0814510609
Kuala Lumpur;2014-04-14;Kemény;6-3 6-2;Ying Ying Duan;;CHN;24,8624229979;Ana Vrljic;;CRO;29,7002053388
Kuala Lumpur;2014-04-14;Kemény;4-6 6-2 6-0;Tadeja Majeric;;SLO;23,6194387406;Akgul Amanmuradova;;UZB;29,8069815195
Kuala Lumpur;2014-04-14;Kemény;3-6 6-4 6-1;Donna Vekic;;CRO;17,7932922656;Yung Jan Chan;170;TPE;24,6570841889
Kuala Lumpur;2014-04-14;Kemény;7-6(6) 3-6 6-4;Kristyna Pliskova;;CZE;22,0643394935;Timea Babos;179;HUN;20,9281314168
Kuala Lumpur;2014-04-14;Kemény;6-4 6-2;Danka Kovinic;;MNE;19,4031485284;An Sophie Mestach;;BEL;20,1040383299
Kuala Lumpur;2014-04-14;Kemény;6-4 2-6 6-3;Patricia Mayr Achleitner;;AUT;27,4305270363;Eri Hozumi;;JPN;20,1533196441
Kuala Lumpur;2014-04-14;Kemény;6-4 6-2;Lyudmyla Kichenok;;UKR;21,7330595483;Ayumi Morita;163;JPN;24,0930869268
Kuala Lumpur;2014-04-14;Kemény;6-3 6-2;Ling Zhang;;HKG;24,4599589322;Olga Savchuk;175;UKR;26,5653661875
Kuala Lumpur;2014-04-14;Kemény;2-6 6-2 6-2;Shuai Zhang;;CHN;25,2265571526;Saisai Zheng;;CHN;20,1861738535
Kuala Lumpur;2014-04-14;Kemény;6-1 6-2;Dominika Cibulkova;161;SVK;24,93908282;Su Wei Hsieh;169;TPE;28,2737850787
Kuala Lumpur;2014-04-14;Kemény;6-1 6-4;Zarina Diyas;;KAZ;20,4873374401;Giulia Gatto Monticone;;ITA;26,4038329911
Kuala Lumpur;2014-04-14;Kemény;6-1 6-3;Karolina Pliskova;184;CZE;22,0643394935;Ying Ying Duan;;CHN;24,8624229979
Kuala Lumpur;2014-04-14;Kemény;6-4 6-4;Cagla Buyukakcay;;TUR;24,5420944559;Tadeja Majeric;;SLO;23,6194387406
Kuala Lumpur;2014-04-14;Kemény;1-6 6-3 7-5;Donna Vekic;;CRO;17,7932922656;Kristyna Pliskova;;CZE;22,0643394935
Kuala Lumpur;2014-04-14;Kemény;6-4 3-6 6-1;Patricia Mayr Achleitner;;AUT;27,4305270363;Danka Kovinic;;MNE;19,4031485284
Kuala Lumpur;2014-04-14;Kemény;6-1 6-2;Magda Linette;;POL;22,1683778234;Lyudmyla Kichenok;;UKR;21,7330595483
Kuala Lumpur;2014-04-14;Kemény;6-3 4-6 6-0;Shuai Zhang;;CHN;25,2265571526;Ling Zhang;;HKG;24,4599589322
Kuala Lumpur;2014-04-14;Kemény;4-6 6-2 6-4;Dominika Cibulkova;161;SVK;24,93908282;Zarina Diyas;;KAZ;20,4873374401
Kuala Lumpur;2014-04-14;Kemény;6-4 6-4;Karolina Pliskova;184;CZE;22,0643394935;Cagla Buyukakcay;;TUR;24,5420944559
Kuala Lumpur;2014-04-14;Kemény;6-4 7-5;Donna Vekic;;CRO;17,7932922656;Patricia Mayr Achleitner;;AUT;27,4305270363
Kuala Lumpur;2014-04-14;Kemény;6-2 2-6 6-1;Shuai Zhang;;CHN;25,2265571526;Magda Linette;;POL;22,1683778234
Kuala Lumpur;2014-04-14;Kemény;6-7(3) 6-3 6-3;Dominika Cibulkova;161;SVK;24,93908282;Karolina Pliskova;184;CZE;22,0643394935
Kuala Lumpur;2014-04-14;Kemény;1-6 6-3 6-4;Donna Vekic;;CRO;17,7932922656;Shuai Zhang;;CHN;25,2265571526
Kuala Lumpur;2014-04-14;Kemény;5-7 7-5 7-6(4);Donna Vekic;;CRO;17,7932922656;Dominika Cibulkova;161;SVK;24,93908282
Stuttgart;2014-04-21;Salak;6-3 6-2;Roberta Vinci;163;ITA;31,1704312115;Annika Beck;170;GER;20,1752224504
Stuttgart;2014-04-21;Salak;6-3 6-2;Anastasia Pavlyuchenkova;177;RUS;22,8008213552;Diana Marcinkevica;;LAT;21,7138945927
Stuttgart;2014-04-21;Salak;7-6(5) 6-7(5) 7-6(2);Maria Sharapova;;RUS;27,0061601643;Lucie Safarova;177;CZE;27,2087611225
Stuttgart;2014-04-21;Salak;6-0 6-4;Carla Suarez Navarro;162;ESP;25,6290212183;Ekaterina Makarova;178;RUS;25,8699520876
Stuttgart;2014-04-21;Salak;7-6(4) 6-4;Kaia Kanepi;181;EST;28,8624229979;Johanna Konta;;GBR;22,9295003422
Stuttgart;2014-04-21;Salak;6-3 6-4;Sara Errani;164;ITA;26,9787816564;Klara Koukalova;166;CZE;32,1533196441
Stuttgart;2014-04-21;Salak;2-6 7-6(8) 6-3;Jelena Jankovic;177;SRB;29,1416837782;Mona Barthel;185;GER;23,7782340862
Stuttgart;2014-04-21;Salak;7-5 3-6 6-1;Flavia Pennetta;172;ITA;32,1505817933;Andrea Petkovic;180;GER;26,6146475017
Stuttgart;2014-04-21;Salak;6-2 6-4;Alisa Kleybanova;181;RUS;24,7665982204;Ajla Tomljanovic;;CRO;20,9555099247
Stuttgart;2014-04-21;Salak;6-1 6-3;Ana Ivanovic;183;SRB;26,4558521561;Sabine Lisicki;178;GER;24,5776865161
Stuttgart;2014-04-21;Salak;6-1 7-5;Julia Goerges;180;GER;25,4647501711;Sorana Cirstea;176;ROU;24,038329911
Stuttgart;2014-04-21;Salak;6-2 6-3;Svetlana Kuznetsova;174;RUS;28,8158795346;Gioia Barbieri;;ITA;22,7843942505
Stuttgart;2014-04-21;Salak;6-3 6-2;Agnieszka Radwanska;170;POL;25,1252566735;Roberta Vinci;163;ITA;31,1704312115
Stuttgart;2014-04-21;Salak;6-4 6-3;Maria Sharapova;;RUS;27,0061601643;Anastasia Pavlyuchenkova;177;RUS;22,8008213552
Stuttgart;2014-04-21;Salak;7-5 6-4;Carla Suarez Navarro;162;ESP;25,6290212183;Angelique Kerber;173;GER;26,2559890486
Stuttgart;2014-04-21;Salak;6-3 6-3;Sara Errani;164;ITA;26,9787816564;Kaia Kanepi;181;EST;28,8624229979
Stuttgart;2014-04-21;Salak;3-6 6-2 6-3;Jelena Jankovic;177;SRB;29,1416837782;Flavia Pennetta;172;ITA;32,1505817933
Stuttgart;2014-04-21;Salak;6-2 7-6(3);Alisa Kleybanova;181;RUS;24,7665982204;Petra Kvitova;183;CZE;24,1204654346
Stuttgart;2014-04-21;Salak;1-6 6-2 6-3;Ana Ivanovic;183;SRB;26,4558521561;Julia Goerges;180;GER;25,4647501711
Stuttgart;2014-04-21;Salak;7-5 7-6(4);Svetlana Kuznetsova;174;RUS;28,8158795346;Simona Halep;168;ROU;22,5653661875
Stuttgart;2014-04-21;Salak;6-4 6-3;Maria Sharapova;;RUS;27,0061601643;Agnieszka Radwanska;170;POL;25,1252566735
Stuttgart;2014-04-21;Salak;6-4 6-3;Jelena Jankovic;177;SRB;29,1416837782;Alisa Kleybanova;181;RUS;24,7665982204
Stuttgart;2014-04-21;Salak;6-3 2-6 6-4;Ana Ivanovic;183;SRB;26,4558521561;Svetlana Kuznetsova;174;RUS;28,8158795346
Stuttgart;2014-04-21;Salak;6-1 6-2;Maria Sharapova;;RUS;27,0061601643;Sara Errani;164;ITA;26,9787816564
Stuttgart;2014-04-21;Salak;6-3 7-5;Ana Ivanovic;183;SRB;26,4558521561;Jelena Jankovic;177;SRB;29,1416837782
Stuttgart;2014-04-21;Salak;3-6 6-4 6-1;Maria Sharapova;;RUS;27,0061601643;Ana Ivanovic;183;SRB;26,4558521561
Marrakech;2014-04-21;Salak;3-6 6-2 7-5;Daniela Hantuchova;181;SVK;30,9952087611;Renata Voracova;;CZE;30,5407255305
Marrakech;2014-04-21;Salak;6-2 6-0;Maryna Zanevska;;UKR;20,6570841889;Rita Atik;;MAR;16,4955509925
Marrakech;2014-04-21;Salak;6-4 2-6 6-1;Shuai Peng;173;CHN;28,2819986311;Ons Jabeur;;TUN;19,6468172485
Marrakech;2014-04-21;Salak;6-3 6-3;Yvonne Meusburger;;AUT;30,5489390828;Petra Cetkovska;172;CZE;29,196440794
Marrakech;2014-04-21;Salak;5-7 6-1 6-4;Romina Oprandi;;SUI;28,0629705681;Anastasia Grymalska;;ITA;23,7754962355
Marrakech;2014-04-21;Salak;6-2 6-2;Polona Hercog;182;SLO;23,2498288843;Shuai Zhang;;CHN;25,2457221081
Marrakech;2014-04-21;Salak;6-4 6-1;Alison Van Uytvanck;;BEL;20,0711841205;Alexandra Cadantu;170;ROU;23,9671457906
Marrakech;2014-04-21;Salak;6-1 6-3;Lara Arruabarrena;166;ESP;22,0862422998;Urszula Radwanska;177;POL;23,370294319
Marrakech;2014-04-21;Salak;6-2 6-2;Maria Teresa Torro Flor;173;ESP;21,9685147159;Bojana Jovanovski;175;SRB;22,3052703628
Marrakech;2014-04-21;Salak;6-2 6-2;Garbine Muguruza;182;ESP;20,5338809035;Julia Glushko;;ISR;24,3011635866
Marrakech;2014-04-21;Salak;6-3 6-2;Stefanie Voegele;170;SUI;24,1149897331;Silvia Soler Espinosa;;ESP;26,4202600958
Marrakech;2014-04-21;Salak;6-2 6-3;Shahar Peer;170;ISR;26,9733059548;Petra Martic;181;CRO;23,2525667351
Marrakech;2014-04-21;Salak;7-6(2) 3-6 6-2;Patricia Mayr Achleitner;;AUT;27,4496919918;Elina Svitolina;174;UKR;19,6057494867
Marrakech;2014-04-21;Salak;6-4 7-6(5);Shuai Peng;173;CHN;28,2819986311;Maryna Zanevska;;UKR;20,6570841889
Marrakech;2014-04-21;Salak;6-1 6-4;Polona Hercog;182;SLO;23,2498288843;Alison Van Uytvanck;;BEL;20,0711841205
Marrakech;2014-04-21;Salak;6-1 6-2;Maria Teresa Torro Flor;173;ESP;21,9685147159;Lara Arruabarrena;166;ESP;22,0862422998
Marrakech;2014-04-21;Salak;6-3 6-2;Garbine Muguruza;182;ESP;20,5338809035;Stefanie Voegele;170;SUI;24,1149897331
Marrakech;2014-04-21;Salak;7-6(4) 4-6 7-6(3);Shahar Peer;170;ISR;26,9733059548;Patricia Mayr Achleitner;;AUT;27,4496919918
Marrakech;2014-04-21;Salak;6-4 6-4;Romina Oprandi;;SUI;28,0629705681;Yvonne Meusburger;;AUT;30,5489390828
Marrakech;2014-04-21;Salak;7-6(3) 7-6(5);Maria Teresa Torro Flor;173;ESP;21,9685147159;Polona Hercog;182;SLO;23,2498288843
Marrakech;2014-04-21;Salak;6-3 6-1;Garbine Muguruza;182;ESP;20,5338809035;Shahar Peer;170;ISR;26,9733059548
Marrakech;2014-04-21;Salak;7-5 3-6 6-3;Romina Oprandi;;SUI;28,0629705681;Daniela Hantuchova;181;SVK;30,9952087611
Marrakech;2014-04-21;Salak;6-0 6-3;Maria Teresa Torro Flor;173;ESP;21,9685147159;Garbine Muguruza;182;ESP;20,5338809035
Marrakech;2014-04-21;Salak;6-3 3-6 6-3;Maria Teresa Torro Flor;173;ESP;21,9685147159;Romina Oprandi;;SUI;28,0629705681
Oeiras;2014-04-28;Salak;6-1 6-2;Carla Suarez Navarro;162;ESP;25,6481861739;Alla Kudryavtseva;;RUS;26,4832306639
Oeiras;2014-04-28;Salak;4-6 6-1 6-4;Barbora Zahlavova Strycova;164;CZE;28,0848733744;Romina Oprandi;;SUI;28,0821355236
Oeiras;2014-04-28;Salak;2-6 6-2 6-4;Polona Hercog;182;SLO;23,2689938398;Stefanie Voegele;170;SUI;24,1341546886
Oeiras;2014-04-28;Salak;4-6 6-0 6-0;Lucie Safarova;177;CZE;27,227926078;Magdalena Rybarikova;180;SVK;25,5633127995
Oeiras;2014-04-28;Salak;6-4 6-0;Timea Bacsinszky;;SUI;24,887063655;Samantha Stosur;172;AUS;30,0780287474
Oeiras;2014-04-28;Salak;6-3 6-1;Ons Jabeur;;TUN;19,665982204;Maria Joao Koehler;;POR;21,5523613963
Oeiras;2014-04-28;Salak;6-1 7-6(5);Irina Camelia Begu;181;ROU;23,6714579055;Kurumi Nara;;JPN;22,3271731691
Oeiras;2014-04-28;Salak;6-2 6-1;Kaia Kanepi;181;EST;28,8815879535;Yvonne Meusburger;;AUT;30,5681040383
Oeiras;2014-04-28;Salak;6-4 6-1;Elena Vesnina;176;RUS;27,7399041752;Kristina Mladenovic;184;FRA;20,9555099247
Oeiras;2014-04-28;Salak;6-4 4-6 6-4;Bojana Jovanovski;175;SRB;22,3244353183;Monica Puig;;PUR;20,5831622177
Oeiras;2014-04-28;Salak;6-4 7-5;Yanina Wickmayer;182;BEL;24,5201916496;Urszula Radwanska;177;POL;23,3894592745
Oeiras;2014-04-28;Salak;6-2 4-6 6-1;Roberta Vinci;163;ITA;31,189596167;Alexandra Cadantu;170;ROU;23,9863107461
Oeiras;2014-04-28;Salak;6-4 6-0;Svetlana Kuznetsova;174;RUS;28,8350444901;Shuai Zhang;;CHN;25,2648870637
Oeiras;2014-04-28;Salak;6-1 6-4;Maria Teresa Torro Flor;173;ESP;21,9876796715;Shuai Peng;173;CHN;28,3011635866
Oeiras;2014-04-28;Salak;6-2 6-4;Yaroslava Shvedova;180;KAZ;26,6255989049;Karin Knapp;180;ITA;26,8336755647
Oeiras;2014-04-28;Salak;6-4 6-1;Eugenie BoucKemény;;CAN;20,1697467488;Alisa Kleybanova;181;RUS;24,7857631759
Oeiras;2014-04-28;Salak;6-0 6-0;Carla Suarez Navarro;162;ESP;25,6481861739;Barbora Zahlavova Strycova;164;CZE;28,0848733744
Oeiras;2014-04-28;Salak;6-3 4-6 6-2;Polona Hercog;182;SLO;23,2689938398;Lucie Safarova;177;CZE;27,227926078
Oeiras;2014-04-28;Salak;7-5 6-0;Timea Bacsinszky;;SUI;24,887063655;Ons Jabeur;;TUN;19,665982204
Oeiras;2014-04-28;Salak;6-4 7-5;Irina Camelia Begu;181;ROU;23,6714579055;Kaia Kanepi;181;EST;28,8815879535
Oeiras;2014-04-28;Salak;5-7 7-5 7-6(7);Elena Vesnina;176;RUS;27,7399041752;Bojana Jovanovski;175;SRB;22,3244353183
Oeiras;2014-04-28;Salak;6-0 6-2;Roberta Vinci;163;ITA;31,189596167;Yanina Wickmayer;182;BEL;24,5201916496
Oeiras;2014-04-28;Salak;5-7 6-4 6-1;Svetlana Kuznetsova;174;RUS;28,8350444901;Maria Teresa Torro Flor;173;ESP;21,9876796715
Oeiras;2014-04-28;Salak;6-4 6-2;Eugenie BoucKemény;;CAN;20,1697467488;Yaroslava Shvedova;180;KAZ;26,6255989049
Oeiras;2014-04-28;Salak;6-1 6-3;Carla Suarez Navarro;162;ESP;25,6481861739;Polona Hercog;182;SLO;23,2689938398
Oeiras;2014-04-28;Salak;6-3 7-6(6);Irina Camelia Begu;181;ROU;23,6714579055;Timea Bacsinszky;;SUI;24,887063655
Oeiras;2014-04-28;Salak;7-6(5) 4-6 7-5;Elena Vesnina;176;RUS;27,7399041752;Roberta Vinci;163;ITA;31,189596167
Oeiras;2014-04-28;Salak;6-4 6-1;Svetlana Kuznetsova;174;RUS;28,8350444901;Eugenie BoucKemény;;CAN;20,1697467488
Oeiras;2014-04-28;Salak;7-6(3) 6-1;Carla Suarez Navarro;162;ESP;25,6481861739;Irina Camelia Begu;181;ROU;23,6714579055
Oeiras;2014-04-28;Salak;6-3 6-1;Svetlana Kuznetsova;174;RUS;28,8350444901;Elena Vesnina;176;RUS;27,7399041752
Oeiras;2014-04-28;Salak;6-4 3-6 6-4;Carla Suarez Navarro;162;ESP;25,6481861739;Svetlana Kuznetsova;174;RUS;28,8350444901
Madrid;2014-05-05;Salak;6-2 6-1;Serena Williams;175;USA;32,605065024;Belinda Bencic;;SUI;17,1526351814
Madrid;2014-05-05;Salak;6-2 6-3;Shuai Peng;173;CHN;28,3203285421;Kurumi Nara;;JPN;22,3463381246
Madrid;2014-05-05;Salak;6-7(7) 6-1 6-2;Alison Riske;;USA;23,8384668036;Kaia Kanepi;181;EST;28,900752909
Madrid;2014-05-05;Salak;7-6(6) 6-4;Carla Suarez Navarro;162;ESP;25,6673511294;Yvonne Meusburger;;AUT;30,5872689938
Madrid;2014-05-05;Salak;1-6 6-0 6-3;Lucie Safarova;177;CZE;27,2470910335;Flavia Pennetta;172;ITA;32,1889117043
Madrid;2014-05-05;Salak;6-2 7-5;Magdalena Rybarikova;180;SVK;25,582477755;Annika Beck;170;GER;20,2135523614
Madrid;2014-05-05;Salak;6-4 4-6 6-4;Varvara Lepchenko;180;USA;27,9561943874;Anabel Medina Garrigues;169;ESP;31,7618069815
Madrid;2014-05-05;Salak;6-1 5-7 7-6(4);Petra Kvitova;183;CZE;24,1587953457;Sorana Cirstea;176;ROU;24,076659822
Madrid;2014-05-05;Salak;6-2 6-0;Simona Halep;168;ROU;22,6036960986;Julia Goerges;180;GER;25,5030800821
Madrid;2014-05-05;Salak;6-3 6-4;Lara Arruabarrena;166;ESP;22,1245722108;Tsvetana Pironkova;180;BUL;26,6420260096
Madrid;2014-05-05;Salak;6-4 7-5;Irina Camelia Begu;181;ROU;23,6906228611;Shuai Zhang;;CHN;25,2840520192
Madrid;2014-05-05;Salak;6-2 6-7(5) 6-3;Sabine Lisicki;178;GER;24,6160164271;Karolina Pliskova;184;CZE;22,12183436
Madrid;2014-05-05;Salak;6-1 7-6(4);Ana Ivanovic;183;SRB;26,4941820671;Madison Keys;178;USA;19,2114989733
Madrid;2014-05-05;Salak;6-1 6-1;Bojana Jovanovski;175;SRB;22,3436002738;Karin Knapp;180;ITA;26,8528405202
Madrid;2014-05-05;Salak;6-4 4-6 6-1;Anastasia Pavlyuchenkova;177;RUS;22,8391512663;Maria Teresa Torro Flor;173;ESP;22,006844627
Madrid;2014-05-05;Salak;6-4 6-3;Jelena Jankovic;177;SRB;29,1800136893;Elina Svitolina;174;UKR;19,6440793977
Madrid;2014-05-05;Salak;6-4 7-5;Maria Kirilenko;173;RUS;27,2744695414;Kristina Mladenovic;184;FRA;20,9746748802
Madrid;2014-05-05;Salak;6-4 6-7(3) 6-4;Francesca Schiavone;166;ITA;33,864476386;Elena Vesnina;176;RUS;27,7590691307
Madrid;2014-05-05;Salak;7-5 6-1;Sara Errani;164;ITA;27,0171115674;Andrea Petkovic;180;GER;26,6529774127
Madrid;2014-05-05;Salak;6-2 6-2;Caroline Wozniacki;177;DEN;23,8165639973;Ekaterina Makarova;178;RUS;25,9082819986
Madrid;2014-05-05;Salak;6-4 6-4;Roberta Vinci;163;ITA;31,2087611225;Daniela Hantuchova;181;SVK;31,0335386721
Madrid;2014-05-05;Salak;6-3 4-6 6-1;Svetlana Kuznetsova;174;RUS;28,8542094456;Alize Cornet;173;FRA;24,2819986311
Madrid;2014-05-05;Salak;7-6(3) 6-2;Agnieszka Radwanska;170;POL;25,1635865845;Eugenie BoucKemény;;CAN;20,1889117043
Madrid;2014-05-05;Salak;6-1 6-2;Maria Sharapova;;RUS;27,0444900753;Klara Koukalova;166;CZE;32,1916495551
Madrid;2014-05-05;Salak;7-6(2) 6-3;Christina Mchale;170;USA;21,9822039699;Lauren Davis;157;USA;20,5694729637
Madrid;2014-05-05;Salak;6-7(4) 6-3 7-6(2);Garbine Muguruza;182;ESP;20,5722108145;Silvia Soler Espinosa;;ESP;26,4585900068
Madrid;2014-05-05;Salak;6-4 6-0;Samantha Stosur;172;AUS;30,0971937029;Dominika Cibulkova;161;SVK;24,9965776865
Madrid;2014-05-05;Salak;2-6 6-3 6-2;Sloane Stephens;170;USA;21,1252566735;Monica Niculescu;168;ROU;26,6091718001
Madrid;2014-05-05;Salak;6-1 6-3;Petra Cetkovska;172;CZE;29,234770705;Stefanie Voegele;170;SUI;24,1533196441
Madrid;2014-05-05;Salak;7-6(5) 6-2;Jie Zheng;164;CHN;30,8336755647;Mariana Duque Marino;;COL;24,7282683094
Madrid;2014-05-05;Salak;6-1 7-6(7);Na Li;172;CHN;32,1861738535;Kirsten Flipkens;165;BEL;28,3148528405
Madrid;2014-05-05;Salak;6-2 6-3;Serena Williams;175;USA;32,605065024;Shuai Peng;173;CHN;28,3203285421
Madrid;2014-05-05;Salak;6-2 6-4;Carla Suarez Navarro;162;ESP;25,6673511294;Alison Riske;;USA;23,8384668036
Madrid;2014-05-05;Salak;6-1 6-2;Lucie Safarova;177;CZE;27,2470910335;Magdalena Rybarikova;180;SVK;25,582477755
Madrid;2014-05-05;Salak;2-6 6-2 6-1;Petra Kvitova;183;CZE;24,1587953457;Varvara Lepchenko;180;USA;27,9561943874
Madrid;2014-05-05;Salak;6-4 6-4;Simona Halep;168;ROU;22,6036960986;Lara Arruabarrena;166;ESP;22,1245722108
Madrid;2014-05-05;Salak;6-3 6-4;Sabine Lisicki;178;GER;24,6160164271;Irina Camelia Begu;181;ROU;23,6906228611
Madrid;2014-05-05;Salak;6-4 6-2;Ana Ivanovic;183;SRB;26,4941820671;Bojana Jovanovski;175;SRB;22,3436002738
Madrid;2014-05-05;Salak;6-2 5-7 7-6(3);Anastasia Pavlyuchenkova;177;RUS;22,8391512663;Jelena Jankovic;177;SRB;29,1800136893
Madrid;2014-05-05;Salak;6-3 6-1;Sara Errani;164;ITA;27,0171115674;Francesca Schiavone;166;ITA;33,864476386
Madrid;2014-05-05;Salak;6-3 6-3;Roberta Vinci;163;ITA;31,2087611225;Caroline Wozniacki;177;DEN;23,8165639973
Madrid;2014-05-05;Salak;6-3 4-6 7-6(6);Agnieszka Radwanska;170;POL;25,1635865845;Svetlana Kuznetsova;174;RUS;28,8542094456
Madrid;2014-05-05;Salak;6-1 4-6 6-4;Maria Sharapova;;RUS;27,0444900753;Christina Mchale;170;USA;21,9822039699
Madrid;2014-05-05;Salak;7-5 3-6 6-1;Samantha Stosur;172;AUS;30,0971937029;Garbine Muguruza;182;ESP;20,5722108145
Madrid;2014-05-05;Salak;6-4 2-6 6-3;Sloane Stephens;170;USA;21,1252566735;Petra Cetkovska;172;CZE;29,234770705
Madrid;2014-05-05;Salak;6-2 6-3;Na Li;172;CHN;32,1861738535;Jie Zheng;164;CHN;30,8336755647
Madrid;2014-05-05;Salak;6-2 6-3;Serena Williams;175;USA;32,605065024;Carla Suarez Navarro;162;ESP;25,6673511294
Madrid;2014-05-05;Salak;6-4 6-3;Petra Kvitova;183;CZE;24,1587953457;Lucie Safarova;177;CZE;27,2470910335
Madrid;2014-05-05;Salak;5-7 6-3 6-2;Simona Halep;168;ROU;22,6036960986;Sabine Lisicki;178;GER;24,6160164271
Madrid;2014-05-05;Salak;6-1 6-2;Ana Ivanovic;183;SRB;26,4941820671;Anastasia Pavlyuchenkova;177;RUS;22,8391512663
Madrid;2014-05-05;Salak;6-2 4-6 6-3;Caroline Garcia;;FRA;20,5503080082;Sara Errani;164;ITA;27,0171115674
Madrid;2014-05-05;Salak;6-1 6-1;Agnieszka Radwanska;170;POL;25,1635865845;Roberta Vinci;163;ITA;31,2087611225
Madrid;2014-05-05;Salak;6-4 6-3;Maria Sharapova;;RUS;27,0444900753;Samantha Stosur;172;AUS;30,0971937029
Madrid;2014-05-05;Salak;2-6 6-3 6-2;Na Li;172;CHN;32,1861738535;Sloane Stephens;170;USA;21,1252566735
Madrid;2014-05-05;Salak;6-2 6-2;Simona Halep;168;ROU;22,6036960986;Ana Ivanovic;183;SRB;26,4941820671
Madrid;2014-05-05;Salak;6-4 4-6 6-4;Agnieszka Radwanska;170;POL;25,1635865845;Caroline Garcia;;FRA;20,5503080082
Madrid;2014-05-05;Salak;2-6 7-6(5) 6-3;Maria Sharapova;;RUS;27,0444900753;Na Li;172;CHN;32,1861738535
Madrid;2014-05-05;Salak;6-7(4) 6-3 6-2;Simona Halep;168;ROU;22,6036960986;Petra Kvitova;183;CZE;24,1587953457
Madrid;2014-05-05;Salak;6-1 6-4;Maria Sharapova;;RUS;27,0444900753;Agnieszka Radwanska;170;POL;25,1635865845
Madrid;2014-05-05;Salak;1-6 6-2 6-3;Maria Sharapova;;RUS;27,0444900753;Simona Halep;168;ROU;22,6036960986
Rome Italian Open;2014-05-12;Salak;6-3 6-0;Andrea Petkovic;180;GER;26,6721423682;Romina Oprandi;;SUI;28,1204654346
Rome Italian Open;2014-05-12;Salak;6-1 6-0;Varvara Lepchenko;180;USA;27,9753593429;Shuai Peng;173;CHN;28,3394934976
Rome Italian Open;2014-05-12;Salak;3-6 6-3 6-3;Sloane Stephens;170;USA;21,144421629;Bojana Jovanovski;175;SRB;22,3627652293
Rome Italian Open;2014-05-12;Salak;6-4 7-6(2);Camila Giorgi;168;ITA;22,3655030801;Dominika Cibulkova;161;SVK;25,015742642
Rome Italian Open;2014-05-12;Salak;6-3 4-6 6-1;Christina Mchale;170;USA;22,0013689254;Sorana Cirstea;176;ROU;24,0958247775
Rome Italian Open;2014-05-12;Salak;6-4 6-0;Shuai Zhang;;CHN;25,3032169747;Lauren Davis;157;USA;20,5886379192
Rome Italian Open;2014-05-12;Salak;6-2 6-2;Madison Keys;178;USA;19,2306639288;Alison Riske;;USA;23,8576317591
Rome Italian Open;2014-05-12;Salak;6-3 6-1;Venus Williams;185;USA;33,9000684463;Annika Beck;170;GER;20,2327173169
Rome Italian Open;2014-05-12;Salak;6-2 6-2;Carla Suarez Navarro;162;ESP;25,6865160849;Mona Barthel;185;GER;23,8357289528
Rome Italian Open;2014-05-12;Salak;6-1 6-1;Ana Ivanovic;183;SRB;26,5133470226;Karin Knapp;180;ITA;26,8720054757
Rome Italian Open;2014-05-12;Salak;6-3 6-2;Alize Cornet;173;FRA;24,3011635866;Kirsten Flipkens;165;BEL;28,334017796
Rome Italian Open;2014-05-12;Salak;6-0 4-6 6-0;Monica Puig;;PUR;20,6214921287;Daniela Hantuchova;181;SVK;31,0527036277
Rome Italian Open;2014-05-12;Salak;7-5 6-0;Svetlana Kuznetsova;174;RUS;28,8733744011;Maria Kirilenko;173;RUS;27,2936344969
Rome Italian Open;2014-05-12;Salak;6-3 3-6 6-3;Belinda Bencic;;SUI;17,1718001369;Anastasia Pavlyuchenkova;177;RUS;22,8583162218
Rome Italian Open;2014-05-12;Salak;6-2 6-3;Flavia Pennetta;172;ITA;32,2080766598;Yvonne Meusburger;;AUT;30,6064339493
Rome Italian Open;2014-05-12;Salak;6-4 6-2;Francesca Schiavone;166;ITA;33,8836413415;Eugenie BoucKemény;;CAN;20,2080766598
Rome Italian Open;2014-05-12;Salak;6-1 6-3;Garbine Muguruza;182;ESP;20,59137577;Nastassja Burnett;;ITA;22,2231348392
Rome Italian Open;2014-05-12;Salak;6-4 6-3;Paula Ormaechea;;ARG;21,6180698152;Kurumi Nara;;JPN;22,3655030801
Rome Italian Open;2014-05-12;Salak;1-6 6-1 6-4;Petra Cetkovska;172;CZE;29,2539356605;Tsvetana Pironkova;180;BUL;26,6611909651
Rome Italian Open;2014-05-12;Salak;6-2 7-6(6);Ekaterina Makarova;178;RUS;25,9274469541;Roberta Vinci;163;ITA;31,227926078
Rome Italian Open;2014-05-12;Salak;7-5 6-3;Sara Errani;164;ITA;27,0362765229;Chanelle Scheepers;;RSA;30,1629021218
Rome Italian Open;2014-05-12;Salak;6-3 6-3;Samantha Stosur;172;AUS;30,1163586585;Sabine Lisicki;178;GER;24,6351813826
Rome Italian Open;2014-05-12;Salak;6-2 6-3;Elena Vesnina;176;RUS;27,7782340862;Elina Svitolina;174;UKR;19,6632443532
Rome Italian Open;2014-05-12;Salak;4-6 6-1 6-4;Casey Dellacqua;;AUS;29,2457221081;Magdalena Rybarikova;180;SVK;25,6016427105
Rome Italian Open;2014-05-12;Salak;6-2 6-2;Serena Williams;175;USA;32,6242299795;Andrea Petkovic;180;GER;26,6721423682
Rome Italian Open;2014-05-12;Salak;6-2 6-2;Varvara Lepchenko;180;USA;27,9753593429;Sloane Stephens;170;USA;21,144421629
Rome Italian Open;2014-05-12;Salak;1-6 6-3 6-1;Christina Mchale;170;USA;22,0013689254;Camila Giorgi;168;ITA;22,3655030801
Rome Italian Open;2014-05-12;Salak;7-6(6) 5-7 6-3;Shuai Zhang;;CHN;25,3032169747;Petra Kvitova;183;CZE;24,1779603012
Rome Italian Open;2014-05-12;Salak;5-7 6-0 6-1;Simona Halep;168;ROU;22,6228610541;Madison Keys;178;USA;19,2306639288
Rome Italian Open;2014-05-12;Salak;6-4 6-2;Carla Suarez Navarro;162;ESP;25,6865160849;Venus Williams;185;USA;33,9000684463
Rome Italian Open;2014-05-12;Salak;7-6(1) 7-5;Ana Ivanovic;183;SRB;26,5133470226;Alize Cornet;173;FRA;24,3011635866
Rome Italian Open;2014-05-12;Salak;6-3 7-5;Maria Sharapova;;RUS;27,0636550308;Monica Puig;;PUR;20,6214921287
Rome Italian Open;2014-05-12;Salak;6-2 2-6 6-3;Flavia Pennetta;172;ITA;32,2080766598;Belinda Bencic;;SUI;17,1718001369
Rome Italian Open;2014-05-12;Salak;3-6 6-1 7-6(5);Francesca Schiavone;166;ITA;33,8836413415;Garbine Muguruza;182;ESP;20,59137577
Rome Italian Open;2014-05-12;Salak;6-3 6-2;Agnieszka Radwanska;170;POL;25,18275154;Paula Ormaechea;;ARG;21,6180698152
Rome Italian Open;2014-05-12;Salak;4-6 6-3 6-4;Petra Cetkovska;172;CZE;29,2539356605;Angelique Kerber;173;GER;26,3134839151
Rome Italian Open;2014-05-12;Salak;6-2 6-3;Sara Errani;164;ITA;27,0362765229;Ekaterina Makarova;178;RUS;25,9274469541
Rome Italian Open;2014-05-12;Salak;6-2 6-3;Samantha Stosur;172;AUS;30,1163586585;Elena Vesnina;176;RUS;27,7782340862
Rome Italian Open;2014-05-12;Salak;6-1 6-4;Na Li;172;CHN;32,205338809;Casey Dellacqua;;AUS;29,2457221081
Rome Italian Open;2014-05-12;Salak;6-1 6-2;Serena Williams;175;USA;32,6242299795;Varvara Lepchenko;180;USA;27,9753593429
Rome Italian Open;2014-05-12;Salak;6-2 4-6 6-2;Shuai Zhang;;CHN;25,3032169747;Christina Mchale;170;USA;22,0013689254
Rome Italian Open;2014-05-12;Salak;6-1 6-4;Ana Ivanovic;183;SRB;26,5133470226;Maria Sharapova;;RUS;27,0636550308
Rome Italian Open;2014-05-12;Salak;6-2 6-3;Jelena Jankovic;177;SRB;29,1991786448;Flavia Pennetta;172;ITA;32,2080766598
Rome Italian Open;2014-05-12;Salak;6-4 6-1;Agnieszka Radwanska;170;POL;25,18275154;Francesca Schiavone;166;ITA;33,8836413415
Rome Italian Open;2014-05-12;Salak;6-4 7-6(3);Sara Errani;164;ITA;27,0362765229;Petra Cetkovska;172;CZE;29,2539356605
Rome Italian Open;2014-05-12;Salak;6-3 6-1;Na Li;172;CHN;32,205338809;Samantha Stosur;172;AUS;30,1163586585
Rome Italian Open;2014-05-12;Salak;6-1 6-3;Serena Williams;175;USA;32,6242299795;Shuai Zhang;;CHN;25,3032169747
Rome Italian Open;2014-05-12;Salak;6-4 3-6 6-4;Ana Ivanovic;183;SRB;26,5133470226;Carla Suarez Navarro;162;ESP;25,6865160849
Rome Italian Open;2014-05-12;Salak;6-4 6-4;Jelena Jankovic;177;SRB;29,1991786448;Agnieszka Radwanska;170;POL;25,18275154
Rome Italian Open;2014-05-12;Salak;6-3 4-6 6-2;Sara Errani;164;ITA;27,0362765229;Na Li;172;CHN;32,205338809
Rome Italian Open;2014-05-12;Salak;6-1 3-6 6-1;Serena Williams;175;USA;32,6242299795;Ana Ivanovic;183;SRB;26,5133470226
Rome Italian Open;2014-05-12;Salak;6-3 7-5;Sara Errani;164;ITA;27,0362765229;Jelena Jankovic;177;SRB;29,1991786448
Rome Italian Open;2014-05-12;Salak;6-3 6-0;Serena Williams;175;USA;32,6242299795;Sara Errani;164;ITA;27,0362765229
Nuremberg;2014-05-19;Salak;6-4 6-2;Angelique Kerber;173;GER;26,3326488706;Marina Erakovic;174;NZL;26,2012320329
Nuremberg;2014-05-19;Salak;3-6 6-0 6-1;Anna Lena Friedsam;;GER;20,2929500342;Lisa Maria Moser;;AUT;23,1430527036
Nuremberg;2014-05-19;Salak;6-1 6-2;Alison Van Uytvanck;;BEL;20,1478439425;Antonia Lottner;;GER;17,7631759069
Nuremberg;2014-05-19;Salak;6-3 6-4;Karolina Pliskova;184;CZE;22,160164271;Yvonne Meusburger;;AUT;30,6255989049
Nuremberg;2014-05-19;Salak;7-5 6-4;Elina Svitolina;174;UKR;19,6824093087;Iveta Benesova;170;CZE;31,2936344969
Nuremberg;2014-05-19;Salak;7-6(4) 6-3;Mona Barthel;185;GER;23,8548939083;Belinda Bencic;;SUI;17,1909650924
Nuremberg;2014-05-19;Salak;6-2 6-3;Annika Beck;170;GER;20,2518822724;Jana Cepelova;168;SVK;20,9719370294
Nuremberg;2014-05-19;Salak;6-4 5-7 7-5;Caroline Garcia;;FRA;20,5886379192;Julia Glushko;;ISR;24,3778234086
Nuremberg;2014-05-19;Salak;6-2 6-4;Dinah Pfizenmaier;;GER;22,3463381246;Montserrat Gonzalez;;PAR;19,8822724162
Nuremberg;2014-05-19;Salak;6-3 6-2;Karin Knapp;180;ITA;26,8911704312;Shahar Peer;170;ISR;27,0499657769
Nuremberg;2014-05-19;Salak;1-6 6-2 6-1;Polona Hercog;182;SLO;23,3264887064;Klara Koukalova;166;CZE;32,2299794661
Nuremberg;2014-05-19;Salak;6-3 6-4;Kurumi Nara;;JPN;22,3846680356;Monica Niculescu;168;ROU;26,6475017112
Nuremberg;2014-05-19;Salak;7-5 6-3;Yaroslava Shvedova;180;KAZ;26,6830937714;Patricia Mayr Achleitner;;AUT;27,5263518138
Nuremberg;2014-05-19;Salak;6-0 6-3;Eugenie BoucKemény;;CAN;20,2272416153;Barbora Zahlavova Strycova;164;CZE;28,1423682409
Nuremberg;2014-05-19;Salak;6-2 7-6(0);Angelique Kerber;173;GER;26,3326488706;Anna Lena Friedsam;;GER;20,2929500342
Nuremberg;2014-05-19;Salak;7-6(5) 6-3;Karolina Pliskova;184;CZE;22,160164271;Alison Van Uytvanck;;BEL;20,1478439425
Nuremberg;2014-05-19;Salak;6-2 6-4;Mona Barthel;185;GER;23,8548939083;Annika Beck;170;GER;20,2518822724
Nuremberg;2014-05-19;Salak;7-5 5-7 6-3;Caroline Garcia;;FRA;20,5886379192;Dinah Pfizenmaier;;GER;22,3463381246
Nuremberg;2014-05-19;Salak;6-3 6-3;Karin Knapp;180;ITA;26,8911704312;Polona Hercog;182;SLO;23,3264887064
Nuremberg;2014-05-19;Salak;6-4 6-2;Yaroslava Shvedova;180;KAZ;26,6830937714;Kurumi Nara;;JPN;22,3846680356
Nuremberg;2014-05-19;Salak;6-0 6-1;Eugenie BoucKemény;;CAN;20,2272416153;Anastasia Rodionova;167;AUS;32,0191649555
Nuremberg;2014-05-19;Salak;7-6(5) 6-4;Karolina Pliskova;184;CZE;22,160164271;Angelique Kerber;173;GER;26,3326488706
Nuremberg;2014-05-19;Salak;6-4 6-4;Elina Svitolina;174;UKR;19,6824093087;Mona Barthel;185;GER;23,8548939083
Nuremberg;2014-05-19;Salak;6-7(9) 6-4 6-4;Karin Knapp;180;ITA;26,8911704312;Caroline Garcia;;FRA;20,5886379192
Nuremberg;2014-05-19;Salak;7-6(3) 7-6(6);Eugenie BoucKemény;;CAN;20,2272416153;Yaroslava Shvedova;180;KAZ;26,6830937714
Nuremberg;2014-05-19;Salak;2-6 6-1 6-2;Karolina Pliskova;184;CZE;22,160164271;Elina Svitolina;174;UKR;19,6824093087
Nuremberg;2014-05-19;Salak;6-4 6-3;Eugenie BoucKemény;;CAN;20,2272416153;Karin Knapp;180;ITA;26,8911704312
Nuremberg;2014-05-19;Salak;6-2 4-6 6-3;Eugenie BoucKemény;;CAN;20,2272416153;Karolina Pliskova;184;CZE;22,160164271
Strasbourg;2014-05-19;Salak;6-3 6-2;Julia Goerges;180;GER;25,5414099932;Sloane Stephens;170;USA;21,1635865845
Strasbourg;2014-05-19;Salak;6-2 6-4;Lauren Davis;157;USA;20,6078028747;Olga Govortsova;182;BLR;25,735797399
Strasbourg;2014-05-19;Salak;7-6(2) 6-2;Madison Keys;178;USA;19,2498288843;Maria Teresa Torro Flor;173;ESP;22,045174538
Strasbourg;2014-05-19;Salak;6-3 6-3;Alison Riske;;USA;23,8767967146;Teliana Pereira;;BRA;25,8288843258
Strasbourg;2014-05-19;Salak;6-3 6-4;Andrea Petkovic;180;GER;26,6913073238;Pauline Parmentier;175;FRA;28,295687885
Strasbourg;2014-05-19;Salak;5-7 6-2 6-1;Vania King;165;USA;25,2101300479;Paula Ormaechea;;ARG;21,6372347707
Strasbourg;2014-05-19;Salak;7-5 7-6(5);Monica Puig;;PUR;20,6406570842;Johanna Larsson;174;SWE;25,7522245038
Strasbourg;2014-05-19;Salak;6-4 6-0;Mirjana Lucic;;CRO;32,1943874059;Bojana Jovanovski;175;SRB;22,3819301848
Strasbourg;2014-05-19;Salak;7-5 3-6 6-3;Casey Dellacqua;;AUS;29,2648870637;Elena Vesnina;176;RUS;27,7973990418
Strasbourg;2014-05-19;Salak;6-1 6-2;Christina Mchale;170;USA;22,0205338809;Alexandra Cadantu;170;ROU;24,0438056126
Strasbourg;2014-05-19;Salak;6-4 6-0;Ajla Tomljanovic;;CRO;21,0321697467;Kristina Mladenovic;184;FRA;21,0130047912
Strasbourg;2014-05-19;Salak;6-2 6-7(3) 6-3;Zarina Diyas;;KAZ;20,5831622177;Kirsten Flipkens;165;BEL;28,3531827515
Strasbourg;2014-05-19;Salak;7-5 7-5;Shuai Peng;173;CHN;28,3586584531;Ashleigh Barty;;AUS;18,0670773443
Strasbourg;2014-05-19;Salak;6-0 7-6(5);Silvia Soler Espinosa;;ESP;26,4969199179;Stefanie Voegele;170;SUI;24,1916495551
Strasbourg;2014-05-19;Salak;6-2 6-4;Claire Feuerstein;;FRA;28,219028063;Sharon Fichman;;CAN;23,4579055441
Strasbourg;2014-05-19;Salak;6-4 1-6 6-3;Camila Giorgi;168;ITA;22,3846680356;Alize Cornet;173;FRA;24,3203285421
Strasbourg;2014-05-19;Salak;7-5 6-4;Julia Goerges;180;GER;25,5414099932;Lauren Davis;157;USA;20,6078028747
Strasbourg;2014-05-19;Salak;6-4 6-4;Madison Keys;178;USA;19,2498288843;Alison Riske;;USA;23,8767967146
Strasbourg;2014-05-19;Salak;6-3 6-2;Andrea Petkovic;180;GER;26,6913073238;Vania King;165;USA;25,2101300479
Strasbourg;2014-05-19;Salak;6-3 6-1;Monica Puig;;PUR;20,6406570842;Mirjana Lucic;;CRO;32,1943874059
Strasbourg;2014-05-19;Salak;6-3 7-5;Christina Mchale;170;USA;22,0205338809;Casey Dellacqua;;AUS;29,2648870637
Strasbourg;2014-05-19;Salak;6-4 7-6(4);Zarina Diyas;;KAZ;20,5831622177;Ajla Tomljanovic;;CRO;21,0321697467
Strasbourg;2014-05-19;Salak;6-4 4-6 6-2;Silvia Soler Espinosa;;ESP;26,4969199179;Shuai Peng;173;CHN;28,3586584531
Strasbourg;2014-05-19;Salak;5-7 7-5 7-6(2);Camila Giorgi;168;ITA;22,3846680356;Claire Feuerstein;;FRA;28,219028063
Strasbourg;2014-05-19;Salak;6-2 2-6 6-2;Madison Keys;178;USA;19,2498288843;Julia Goerges;180;GER;25,5414099932
Strasbourg;2014-05-19;Salak;6-4 6-4;Monica Puig;;PUR;20,6406570842;Andrea Petkovic;180;GER;26,6913073238
Strasbourg;2014-05-19;Salak;3-6 6-4 7-5;Silvia Soler Espinosa;;ESP;26,4969199179;Camila Giorgi;168;ITA;22,3846680356
Strasbourg;2014-05-19;Salak;7-5 6-3;Monica Puig;;PUR;20,6406570842;Madison Keys;178;USA;19,2498288843
Strasbourg;2014-05-19;Salak;5-7 7-6(7) 6-3;Silvia Soler Espinosa;;ESP;26,4969199179;Christina Mchale;170;USA;22,0205338809
Strasbourg;2014-05-19;Salak;6-4 6-3;Monica Puig;;PUR;20,6406570842;Silvia Soler Espinosa;;ESP;26,4969199179
French Open;2014-05-26;Salak;6-2 6-1;Serena Williams;175;USA;32,6625598905;Alize Lim;;FRA;23,8685831622
French Open;2014-05-26;Salak;7-5 7-6(6);Garbine Muguruza;182;ESP;20,629705681;Grace Min;;USA;20,0547570157
French Open;2014-05-26;Salak;6-4 6-1;Venus Williams;185;USA;33,9383983573;Belinda Bencic;;SUI;17,2101300479
French Open;2014-05-26;Salak;3-6 6-3 6-2;Pauline Parmentier;175;FRA;28,3148528405;Roberta Vinci;163;ITA;31,266255989
French Open;2014-05-26;Salak;3-6 7-5 6-4;Yaroslava Shvedova;180;KAZ;26,7022587269;Lauren Davis;157;USA;20,6269678303
French Open;2014-05-26;Salak;6-4 6-0;Mona Barthel;185;GER;23,8740588638;Karin Knapp;180;ITA;26,9103353867
French Open;2014-05-26;Salak;6-1 7-5;Sabine Lisicki;178;GER;24,6735112936;Fiona Ferro;;FRA;17,2046543463
French Open;2014-05-26;Salak;7-5 6-0;Dominika Cibulkova;161;SVK;25,054072553;Virginie Razzano;173;FRA;31,0390143737
French Open;2014-05-26;Salak;6-2 7-6(5);Tamira Paszek;165;AUT;23,4688569473;Alison Van Uytvanck;;BEL;20,167008898
French Open;2014-05-26;Salak;3-6 6-3 6-4;Yvonne Meusburger;;AUT;30,6447638604;Amandine Hesse;;FRA;21,3552361396
French Open;2014-05-26;Salak;6-1 6-1;Samantha Stosur;172;AUS;30,1546885695;Monica Puig;;PUR;20,6598220397
French Open;2014-05-26;Salak;5-7 6-3 6-1;Monica Niculescu;168;ROU;26,6666666667;Kaia Kanepi;181;EST;28,9582477755
French Open;2014-05-26;Salak;7-5 6-2;Paula Ormaechea;;ARG;21,6563997262;Romina Oprandi;;SUI;28,1587953457
French Open;2014-05-26;Salak;6-7(5) 6-3 6-2;Tsvetana Pironkova;180;BUL;26,6995208761;Annika Beck;170;GER;20,2710472279
French Open;2014-05-26;Salak;6-1 6-2;Maria Sharapova;;RUS;27,1019849418;Ksenia Pervak;170;KAZ;22,9979466119
French Open;2014-05-26;Salak;6-3 6-0;Agnieszka Radwanska;170;POL;25,2210814511;Shuai Zhang;;CHN;25,3415468857
French Open;2014-05-26;Salak;6-1 7-6(5);Karolina Pliskova;184;CZE;22,1793292266;Mathilde Johansson;173;FRA;29,0759753593
French Open;2014-05-26;Salak;6-3 6-3;Ajla Tomljanovic;;CRO;21,0513347023;Francesca Schiavone;166;ITA;33,9219712526
French Open;2014-05-26;Salak;7-6(0) 4-6 6-3;Elena Vesnina;176;RUS;27,8165639973;Christina Mchale;170;USA;22,0396988364
French Open;2014-05-26;Salak;7-5 6-1;Taylor Townsend;;USA;18,1081451061;Vania King;165;USA;25,2292950034
French Open;2014-05-26;Salak;6-1 6-4;Timea Bacsinszky;;SUI;24,9637234771;Maryna Zanevska;;UKR;20,7529089665
French Open;2014-05-26;Salak;7-5 7-5;Carla Suarez Navarro;162;ESP;25,7248459959;Yuliya Beygelzimer;174;UKR;30,598220397
French Open;2014-05-26;Salak;6-1 6-2;Johanna Larsson;174;SWE;25,7713894593;Maria Kirilenko;173;RUS;27,3319644079
French Open;2014-05-26;Salak;6-0 6-2;Eugenie BoucKemény;;CAN;20,2464065708;Shahar Peer;170;ISR;27,0691307324
French Open;2014-05-26;Salak;2-6 6-2 6-4;Daniela Hantuchova;181;SVK;31,0910335387;Jovana Jaksic;;SRB;20,6516084873
French Open;2014-05-26;Salak;6-1 7-5;Claire Feuerstein;;FRA;28,2381930185;Olga Govortsova;182;BLR;25,7549623546
French Open;2014-05-26;Salak;6-4 6-1;Varvara Lepchenko;180;USA;28,0136892539;Petra Cetkovska;172;CZE;29,2922655715
French Open;2014-05-26;Salak;7-5 6-2;Petra Kvitova;183;CZE;24,2162902122;Zarina Diyas;;KAZ;20,6023271732
French Open;2014-05-26;Salak;6-2 6-1;Marina Erakovic;174;NZL;26,2203969884;Nadiya Kichenok;;UKR;21,8480492813
French Open;2014-05-26;Salak;6-4 6-3;Camila Giorgi;168;ITA;22,4038329911;Bojana Jovanovski;175;SRB;22,4010951403
French Open;2014-05-26;Salak;6-3 6-1;Svetlana Kuznetsova;174;RUS;28,9117043121;Sofia Shapatava;;GEO;25,3661875428
French Open;2014-05-26;Salak;6-3 7-5;Lucie Safarova;177;CZE;27,3045859001;Mandy Minella;;LUX;28,5065023956
French Open;2014-05-26;Salak;6-1 6-3;Ana Ivanovic;183;SRB;26,5516769336;Caroline Garcia;;FRA;20,6078028747
French Open;2014-05-26;Salak;6-4 7-6(8);Sloane Stephens;170;USA;21,18275154;Shuai Peng;173;CHN;28,3778234086
French Open;2014-05-26;Salak;6-2 6-3;Polona Hercog;182;SLO;23,3456536619;Jana Cepelova;168;SVK;20,9911019849
French Open;2014-05-26;Salak;7-6(6) 6-2;Coco Vandeweghe;185;USA;22,46954141;Iveta Benesova;170;CZE;31,3127994524
French Open;2014-05-26;Salak;6-2 6-3;Ekaterina Makarova;178;RUS;25,9657768652;Shelby Rogers;;USA;21,6153319644
French Open;2014-05-26;Salak;6-0 6-2;Simona Halep;168;ROU;22,6611909651;Alisa Kleybanova;181;RUS;24,8624229979
French Open;2014-05-26;Salak;5-7 6-1 6-3;Jelena Jankovic;177;SRB;29,2375085558;Sharon Fichman;;CAN;23,4770704997
French Open;2014-05-26;Salak;6-1 6-4;Kurumi Nara;;JPN;22,4038329911;Anna Tatishvili;171;GEO;24,3066392882
French Open;2014-05-26;Salak;4-6 6-1 6-1;Teliana Pereira;;BRA;25,8480492813;Luksika Kumkhum;;THA;20,8459958932
French Open;2014-05-26;Salak;6-7(3) 7-5 6-2;Sorana Cirstea;176;ROU;24,1341546886;Aleksandra Wozniak;175;CAN;26,7159479808
French Open;2014-05-26;Salak;7-6(6) 6-2;Kirsten Flipkens;165;BEL;28,372347707;Danka Kovinic;;MNE;19,5181382615
French Open;2014-05-26;Salak;7-5 2-6 6-4;Julia Glushko;;ISR;24,3969883641;Donna Vekic;;CRO;17,9082819986
French Open;2014-05-26;Salak;7-5 3-6 6-1;Sara Errani;164;ITA;27,0746064339;Madison Keys;178;USA;19,2689938398
French Open;2014-05-26;Salak;7-6(5) 4-6 6-2;Yanina Wickmayer;182;BEL;24,5968514716;Caroline Wozniacki;177;DEN;23,8740588638
French Open;2014-05-26;Salak;6-2 6-3;Silvia Soler Espinosa;;ESP;26,5160848734;Chanelle Scheepers;;RSA;30,2012320329
French Open;2014-05-26;Salak;7-6(5) 6-1;Kiki Bertens;182;NED;22,4585900068;Alexandra Cadantu;170;ROU;24,0629705681
French Open;2014-05-26;Salak;6-3 6-3;Andrea Petkovic;180;GER;26,7104722793;Misaki Doi;159;JPN;23,0746064339
French Open;2014-05-26;Salak;6-7(3) 7-5 6-2;Stefanie Voegele;170;SUI;24,2108145106;Anna Lena Friedsam;;GER;20,3121149897
French Open;2014-05-26;Salak;7-6(2) 6-3;Alison Riske;;USA;23,8959616701;Mirjana Lucic;;CRO;32,2135523614
French Open;2014-05-26;Salak;7-5 3-6 6-1;Kristina Mladenovic;184;FRA;21,0321697467;Na Li;172;CHN;32,2436687201
French Open;2014-05-26;Salak;6-2 6-2;Garbine Muguruza;182;ESP;20,629705681;Serena Williams;175;USA;32,6625598905
French Open;2014-05-26;Salak;2-6 6-3 6-4;Anna Karolina Schmiedlova;;SVK;19,6988364134;Venus Williams;185;USA;33,9383983573
French Open;2014-05-26;Salak;1-6 6-3 6-3;Pauline Parmentier;175;FRA;28,3148528405;Yaroslava Shvedova;180;KAZ;26,7022587269
French Open;2014-05-26;Salak;6-3 6-4;Dominika Cibulkova;161;SVK;25,054072553;Tamira Paszek;165;AUT;23,4688569473
French Open;2014-05-26;Salak;6-1 6-3;Samantha Stosur;172;AUS;30,1546885695;Yvonne Meusburger;;AUT;30,6447638604
French Open;2014-05-26;Salak;7-5 6-2;Maria Sharapova;;RUS;27,1019849418;Tsvetana Pironkova;180;BUL;26,6995208761
French Open;2014-05-26;Salak;6-3 6-4;Agnieszka Radwanska;170;POL;25,2210814511;Karolina Pliskova;184;CZE;22,1793292266
French Open;2014-05-26;Salak;7-6(6) 6-2;Ajla Tomljanovic;;CRO;21,0513347023;Elena Vesnina;176;RUS;27,8165639973
French Open;2014-05-26;Salak;6-4 4-6 6-4;Taylor Townsend;;USA;18,1081451061;Alize Cornet;173;FRA;24,3394934976
French Open;2014-05-26;Salak;5-7 6-4 6-2;Johanna Larsson;174;SWE;25,7713894593;Flavia Pennetta;172;ITA;32,2464065708
French Open;2014-05-26;Salak;2-6 6-2 6-1;Eugenie BoucKemény;;CAN;20,2464065708;Julia Goerges;180;GER;25,5605749487
French Open;2014-05-26;Salak;6-1 6-4;Daniela Hantuchova;181;SVK;31,0910335387;Claire Feuerstein;;FRA;28,2381930185
French Open;2014-05-26;Salak;6-2 7-5;Angelique Kerber;173;GER;26,3518138261;Varvara Lepchenko;180;USA;28,0136892539
French Open;2014-05-26;Salak;6-4 6-4;Petra Kvitova;183;CZE;24,2162902122;Marina Erakovic;174;NZL;26,2203969884
French Open;2014-05-26;Salak;7-6(5) 6-3;Svetlana Kuznetsova;174;RUS;28,9117043121;Camila Giorgi;168;ITA;22,4038329911
French Open;2014-05-26;Salak;6-1 5-7 6-3;Lucie Safarova;177;CZE;27,3045859001;Casey Dellacqua;;AUS;29,2840520192
French Open;2014-05-26;Salak;6-1 6-3;Sloane Stephens;170;USA;21,18275154;Polona Hercog;182;SLO;23,3456536619
French Open;2014-05-26;Salak;6-4 6-3;Ekaterina Makarova;178;RUS;25,9657768652;Coco Vandeweghe;185;USA;22,46954141
French Open;2014-05-26;Salak;6-2 6-4;Simona Halep;168;ROU;22,6611909651;Heather Watson;170;GBR;22,0177960301
French Open;2014-05-26;Salak;7-5 6-0;Jelena Jankovic;177;SRB;29,2375085558;Kurumi Nara;;JPN;22,4038329911
French Open;2014-05-26;Salak;6-2 7-5;Sorana Cirstea;176;ROU;24,1341546886;Teliana Pereira;;BRA;25,8480492813
French Open;2014-05-26;Salak;6-4 3-6 6-4;Julia Glushko;;ISR;24,3969883641;Kirsten Flipkens;165;BEL;28,372347707
French Open;2014-05-26;Salak;6-2 6-4;Sara Errani;164;ITA;27,0746064339;Dinah Pfizenmaier;;GER;22,3655030801
French Open;2014-05-26;Salak;6-2 6-4;Silvia Soler Espinosa;;ESP;26,5160848734;Yanina Wickmayer;182;BEL;24,5968514716
French Open;2014-05-26;Salak;6-2 4-6 6-2;Andrea Petkovic;180;GER;26,7104722793;Stefanie Voegele;170;SUI;24,2108145106
French Open;2014-05-26;Salak;7-6(5) 3-6 6-3;Kristina Mladenovic;184;FRA;21,0321697467;Alison Riske;;USA;23,8959616701
French Open;2014-05-26;Salak;6-2 6-4;Garbine Muguruza;182;ESP;20,629705681;Anna Karolina Schmiedlova;;SVK;19,6988364134
French Open;2014-05-26;Salak;1-6 6-1 7-5;Pauline Parmentier;175;FRA;28,3148528405;Mona Barthel;185;GER;23,8740588638
French Open;2014-05-26;Salak;6-4 6-4;Samantha Stosur;172;AUS;30,1546885695;Dominika Cibulkova;161;SVK;25,054072553
French Open;2014-05-26;Salak;6-0 6-0;Maria Sharapova;;RUS;27,1019849418;Paula Ormaechea;;ARG;21,6563997262
French Open;2014-05-26;Salak;6-4 6-4;Ajla Tomljanovic;;CRO;21,0513347023;Agnieszka Radwanska;170;POL;25,2210814511
French Open;2014-05-26;Salak;6-2 6-2;Carla Suarez Navarro;162;ESP;25,7248459959;Taylor Townsend;;USA;18,1081451061
French Open;2014-05-26;Salak;7-5 6-4;Eugenie BoucKemény;;CAN;20,2464065708;Johanna Larsson;174;SWE;25,7713894593
French Open;2014-05-26;Salak;7-5 6-3;Angelique Kerber;173;GER;26,3518138261;Daniela Hantuchova;181;SVK;31,0910335387
French Open;2014-05-26;Salak;6-7(3) 6-1 9-7;Svetlana Kuznetsova;174;RUS;28,9117043121;Petra Kvitova;183;CZE;24,2162902122
French Open;2014-05-26;Salak;6-3 6-3;Lucie Safarova;177;CZE;27,3045859001;Ana Ivanovic;183;SRB;26,5516769336
French Open;2014-05-26;Salak;6-1 6-2;Jelena Jankovic;177;SRB;29,2375085558;Sorana Cirstea;176;ROU;24,1341546886
French Open;2014-05-26;Salak;6-0 6-1;Sara Errani;164;ITA;27,0746064339;Julia Glushko;;ISR;24,3969883641
French Open;2014-05-26;Salak;6-2 6-1;Kiki Bertens;182;NED;22,4585900068;Silvia Soler Espinosa;;ESP;26,5160848734
French Open;2014-05-26;Salak;6-4 4-6 6-4;Andrea Petkovic;180;GER;26,7104722793;Kristina Mladenovic;184;FRA;21,0321697467
French Open;2014-05-26;Salak;6-4 6-2;Garbine Muguruza;182;ESP;20,629705681;Pauline Parmentier;175;FRA;28,3148528405
French Open;2014-05-26;Salak;3-6 6-4 6-0;Maria Sharapova;;RUS;27,1019849418;Samantha Stosur;172;AUS;30,1546885695
French Open;2014-05-26;Salak;6-3 6-3;Carla Suarez Navarro;162;ESP;25,7248459959;Ajla Tomljanovic;;CRO;21,0513347023
French Open;2014-05-26;Salak;6-1 6-2;Eugenie BoucKemény;;CAN;20,2464065708;Angelique Kerber;173;GER;26,3518138261
French Open;2014-05-26;Salak;6-3 6-4;Svetlana Kuznetsova;174;RUS;28,9117043121;Lucie Safarova;177;CZE;27,3045859001
French Open;2014-05-26;Salak;6-4 6-3;Simona Halep;168;ROU;22,6611909651;Sloane Stephens;170;USA;21,18275154
French Open;2014-05-26;Salak;1-6 6-2 7-5;Andrea Petkovic;180;GER;26,7104722793;Kiki Bertens;182;NED;22,4585900068
French Open;2014-05-26;Salak;1-6 7-5 6-1;Maria Sharapova;;RUS;27,1019849418;Garbine Muguruza;182;ESP;20,629705681
French Open;2014-05-26;Salak;7-6(4) 2-6 7-5;Eugenie BoucKemény;;CAN;20,2464065708;Carla Suarez Navarro;162;ESP;25,7248459959
French Open;2014-05-26;Salak;6-2 6-2;Simona Halep;168;ROU;22,6611909651;Svetlana Kuznetsova;174;RUS;28,9117043121
French Open;2014-05-26;Salak;4-6 7-5 6-2;Maria Sharapova;;RUS;27,1019849418;Eugenie BoucKemény;;CAN;20,2464065708
French Open;2014-05-26;Salak;6-2 7-6(4);Simona Halep;168;ROU;22,6611909651;Andrea Petkovic;180;GER;26,7104722793
French Open;2014-05-26;Salak;6-4 6-7(5) 6-4;Maria Sharapova;;RUS;27,1019849418;Simona Halep;168;ROU;22,6611909651
Birmingham;2014-06-09;Fű;6-1 6-4;Mona Barthel;185;GER;23,9123887748;Ajla Tomljanovic;;CRO;21,0896646133
Birmingham;2014-06-09;Fű;6-3 3-6 6-2;Lauren Davis;157;USA;20,6652977413;Tamira Paszek;165;AUT;23,5071868583
Birmingham;2014-06-09;Fű;6-2 6-4;Victoria Duval;;USA;18,5242984257;Caroline Garcia;;FRA;20,6461327858
Birmingham;2014-06-09;Fű;6-4 6-4;Yanina Wickmayer;182;BEL;24,6351813826;Bojana Jovanovski;175;SRB;22,4394250513
Birmingham;2014-06-09;Fű;6-4 7-5;Coco Vandeweghe;185;USA;22,507871321;Zarina Diyas;;KAZ;20,6406570842
Birmingham;2014-06-09;Fű;7-6(1) 6-3;Virginie Razzano;173;FRA;31,0773442847;Karolina Pliskova;184;CZE;22,2176591376
Birmingham;2014-06-09;Fű;6-3 6-4;Francesca Schiavone;166;ITA;33,9603011636;Jie Zheng;164;CHN;30,9295003422
Birmingham;2014-06-09;Fű;7-6(3) 6-3;Alison Riske;;USA;23,9342915811;Lyudmyla Kichenok;;UKR;21,8863791923
Birmingham;2014-06-09;Fű;7-5 6-4;Shuai Zhang;;CHN;25,3798767967;Eleni Daniilidou;182;GRE;31,7207392197
Birmingham;2014-06-09;Fű;4-6 6-2 6-2;Shahar Peer;170;ISR;27,1074606434;Kristina Mladenovic;184;FRA;21,0704996578
Birmingham;2014-06-09;Fű;6-3 6-4;Petra Cetkovska;172;CZE;29,3305954825;Alexandra Cadantu;170;ROU;24,1013004791
Birmingham;2014-06-09;Fű;5-7 6-4 6-3;Barbora Zahlavova Strycova;164;CZE;28,1998631075;Naomi Broady;;GBR;24,2765229295
Birmingham;2014-06-09;Fű;6-3 6-3;Madison Keys;178;USA;19,3073237509;Teliana Pereira;;BRA;25,8863791923
Birmingham;2014-06-09;Fű;6-3 6-1;Johanna Konta;;GBR;23,0636550308;Kurumi Nara;;JPN;22,4421629021
Birmingham;2014-06-09;Fű;2-6 7-5 6-4;Aleksandra Wozniak;175;CAN;26,7542778919;Heather Watson;170;GBR;22,0561259411
Birmingham;2014-06-09;Fű;6-4 6-4;Belinda Bencic;;SUI;17,2484599589;Donna Vekic;;CRO;17,9466119097
Birmingham;2014-06-09;Fű;6-3 6-1;Kimiko Date Krumm;163;JPN;43,6960985626;Paula Ormaechea;;ARG;21,6947296372
Birmingham;2014-06-09;Fű;6-7(3) 6-2 6-2;Monica Puig;;PUR;20,6981519507;Stefanie Voegele;170;SUI;24,2491444216
Birmingham;2014-06-09;Fű;6-1 6-3;Casey Dellacqua;;AUS;29,3223819302;Urszula Radwanska;177;POL;23,5044490075
Birmingham;2014-06-09;Fű;6-4 6-0;Varvara Lepchenko;180;USA;28,052019165;Alison Van Uytvanck;;BEL;20,205338809
Birmingham;2014-06-09;Fű;7-6(5) 6-4;Christina Mchale;170;USA;22,0780287474;Anna Karolina Schmiedlova;;SVK;19,7371663244
Birmingham;2014-06-09;Fű;6-4 6-1;Ana Ivanovic;183;SRB;26,5900068446;Mona Barthel;185;GER;23,9123887748
Birmingham;2014-06-09;Fű;6-2 2-6 6-2;Lauren Davis;157;USA;20,6652977413;Victoria Duval;;USA;18,5242984257
Birmingham;2014-06-09;Fű;5-7 7-5 6-1;Coco Vandeweghe;185;USA;22,507871321;Yanina Wickmayer;182;BEL;24,6351813826
Birmingham;2014-06-09;Fű;5-7 7-6(5) 7-6(0);Klara Koukalova;166;CZE;32,2874743326;Virginie Razzano;173;FRA;31,0773442847
Birmingham;2014-06-09;Fű;6-2 6-4;Sloane Stephens;170;USA;21,2210814511;Francesca Schiavone;166;ITA;33,9603011636
Birmingham;2014-06-09;Fű;6-3 3-6 6-2;Shuai Zhang;;CHN;25,3798767967;Shahar Peer;170;ISR;27,1074606434
Birmingham;2014-06-09;Fű;6-4 7-5;Petra Cetkovska;172;CZE;29,3305954825;Magdalena Rybarikova;180;SVK;25,6783025325
Birmingham;2014-06-09;Fű;6-3 3-6 7-5;Barbora Zahlavova Strycova;164;CZE;28,1998631075;Lucie Safarova;177;CZE;27,3429158111
Birmingham;2014-06-09;Fű;6-2 6-1;Timea Babos;179;HUN;21,0814510609;Madison Keys;178;USA;19,3073237509
Birmingham;2014-06-09;Fű;6-4 6-2;Aleksandra Wozniak;175;CAN;26,7542778919;Johanna Konta;;GBR;23,0636550308
Birmingham;2014-06-09;Fű;6-3 6-2;Kirsten Flipkens;165;BEL;28,4106776181;Camila Giorgi;168;ITA;22,4421629021
Birmingham;2014-06-09;Fű;6-1 6-4;Daniela Hantuchova;181;SVK;31,1293634497;Belinda Bencic;;SUI;17,2484599589
Birmingham;2014-06-09;Fű;2-6 6-4 7-6(7);Kimiko Date Krumm;163;JPN;43,6960985626;Monica Puig;;PUR;20,6981519507
Birmingham;2014-06-09;Fű;6-4 6-3;Casey Dellacqua;;AUS;29,3223819302;Varvara Lepchenko;180;USA;28,052019165
Birmingham;2014-06-09;Fű;6-1 6-3;Samantha Stosur;172;AUS;30,1930184805;Christina Mchale;170;USA;22,0780287474
Birmingham;2014-06-09;Fű;6-1 6-1;Ana Ivanovic;183;SRB;26,5900068446;Lauren Davis;157;USA;20,6652977413
Birmingham;2014-06-09;Fű;3-6 7-6(3) 6-4;Klara Koukalova;166;CZE;32,2874743326;Coco Vandeweghe;185;USA;22,507871321
Birmingham;2014-06-09;Fű;7-6(4) 2-6 6-1;Sloane Stephens;170;USA;21,2210814511;Alison Riske;;USA;23,9342915811
Birmingham;2014-06-09;Fű;6-0 7-6(6);Shuai Zhang;;CHN;25,3798767967;Petra Cetkovska;172;CZE;29,3305954825
Birmingham;2014-06-09;Fű;6-2 0-6 6-3;Barbora Zahlavova Strycova;164;CZE;28,1998631075;Timea Babos;179;HUN;21,0814510609
Birmingham;2014-06-09;Fű;1-6 7-5 6-4;Kirsten Flipkens;165;BEL;28,4106776181;Aleksandra Wozniak;175;CAN;26,7542778919
Birmingham;2014-06-09;Fű;6-4 6-0;Kimiko Date Krumm;163;JPN;43,6960985626;Daniela Hantuchova;181;SVK;31,1293634497
Birmingham;2014-06-09;Fű;2-6 6-2 6-2;Casey Dellacqua;;AUS;29,3223819302;Samantha Stosur;172;AUS;30,1930184805
Birmingham;2014-06-09;Fű;6-1 6-4;Ana Ivanovic;183;SRB;26,5900068446;Klara Koukalova;166;CZE;32,2874743326
Birmingham;2014-06-09;Fű;6-3 6-1;Shuai Zhang;;CHN;25,3798767967;Sloane Stephens;170;USA;21,2210814511
Birmingham;2014-06-09;Fű;6-4 6-2;Barbora Zahlavova Strycova;164;CZE;28,1998631075;Kirsten Flipkens;165;BEL;28,4106776181
Birmingham;2014-06-09;Fű;6-1 6-0;Casey Dellacqua;;AUS;29,3223819302;Kimiko Date Krumm;163;JPN;43,6960985626
Birmingham;2014-06-09;Fű;6-2 6-2;Ana Ivanovic;183;SRB;26,5900068446;Shuai Zhang;;CHN;25,3798767967
Birmingham;2014-06-09;Fű;7-6(5) 6-1;Barbora Zahlavova Strycova;164;CZE;28,1998631075;Casey Dellacqua;;AUS;29,3223819302
Birmingham;2014-06-09;Fű;6-3 6-2;Ana Ivanovic;183;SRB;26,5900068446;Barbora Zahlavova Strycova;164;CZE;28,1998631075
Wimbledon;2014-06-23;Fű;6-1 6-2;Serena Williams;175;USA;32,7392197125;Anna Tatishvili;171;GEO;24,3832991102
Wimbledon;2014-06-23;Fű;6-3 6-3;Chanelle Scheepers;;RSA;30,2778918549;Christina Mchale;170;USA;22,1163586585
Wimbledon;2014-06-23;Fű;6-2 4-6 7-5;Petra Cetkovska;172;CZE;29,3689253936;Jovana Jaksic;;SRB;20,7282683094
Wimbledon;2014-06-23;Fű;6-1 6-4;Andrea Petkovic;180;GER;26,7871321013;Katarzyna Piter;;POL;23,3483915127
Wimbledon;2014-06-23;Fű;1-6 6-4 7-5;Irina Camelia Begu;181;ROU;23,8247775496;Virginie Razzano;173;FRA;31,1156741958
Wimbledon;2014-06-23;Fű;6-2 6-3;Silvia Soler Espinosa;;ESP;26,5927446954;Olga Govortsova;182;BLR;25,8316221766
Wimbledon;2014-06-23;Fű;7-5 7-5;Eugenie BoucKemény;;CAN;20,3230663929;Daniela Hantuchova;181;SVK;31,1676933607
Wimbledon;2014-06-23;Fű;6-2 6-4;Angelique Kerber;173;GER;26,4284736482;Urszula Radwanska;177;POL;23,5427789185
Wimbledon;2014-06-23;Fű;6-3 6-2;Heather Watson;170;GBR;22,0944558522;Ajla Tomljanovic;;CRO;21,1279945243
Wimbledon;2014-06-23;Fű;6-4 6-7(3) 6-2;Kirsten Flipkens;165;BEL;28,4490075291;Tamira Paszek;165;AUT;23,5455167693
Wimbledon;2014-06-23;Fű;6-1 7-6(5);Camila Giorgi;168;ITA;22,4804928131;Alexandra Cadantu;170;ROU;24,1396303901
Wimbledon;2014-06-23;Fű;6-1 6-3;Timea Bacsinszky;;SUI;25,0403832991;Sharon Fichman;;CAN;23,5537303217
Wimbledon;2014-06-23;Fű;6-1 6-0;Maria Sharapova;;RUS;27,1786447639;Samantha Murray;;GBR;26,7049965777
Wimbledon;2014-06-23;Fű;6-2 6-2;Simona Halep;168;ROU;22,7378507871;Teliana Pereira;;BRA;25,9247091034
Wimbledon;2014-06-23;Fű;6-3 6-0;Lesia Tsurenko;174;UKR;25,0650239562;Dinah Pfizenmaier;;GER;22,4421629021
Wimbledon;2014-06-23;Fű;2-6 6-3 6-3;Belinda Bencic;;SUI;17,28678987;Magdalena Rybarikova;180;SVK;25,7166324435
Wimbledon;2014-06-23;Fű;6-4 3-6 6-1;Victoria Duval;;USA;18,5626283368;Sorana Cirstea;176;ROU;24,2108145106
Wimbledon;2014-06-23;Fű;6-4 4-6 6-4;Donna Vekic;;CRO;17,9849418207;Roberta Vinci;163;ITA;31,3429158111
Wimbledon;2014-06-23;Fű;6-4 6-7(3) 9-7;Vera Zvonareva;172;RUS;29,7905544148;Tara Moore;;GBR;21,87816564
Wimbledon;2014-06-23;Fű;7-6(4) 6-4;Zarina Diyas;;KAZ;20,6789869952;Kristina Mladenovic;184;FRA;21,1088295688
Wimbledon;2014-06-23;Fű;6-1 6-2;Carla Suarez Navarro;162;ESP;25,8015058179;Shuai Zhang;;CHN;25,4182067077
Wimbledon;2014-06-23;Fű;7-6(6) 6-4;Ana Ivanovic;183;SRB;26,6283367556;Francesca Schiavone;166;ITA;33,9986310746
Wimbledon;2014-06-23;Fű;6-1 6-3;Jie Zheng;164;CHN;30,9678302533;Annika Beck;170;GER;20,34770705
Wimbledon;2014-06-23;Fű;6-7(4) 6-4 10-8;Karolina Pliskova;184;CZE;22,2559890486;Karin Knapp;180;ITA;26,9869952088
Wimbledon;2014-06-23;Fű;6-2 6-1;Sabine Lisicki;178;GER;24,7501711157;Julia Glushko;;ISR;24,4736481862
Wimbledon;2014-06-23;Fű;7-5 6-2;Klara Koukalova;166;CZE;32,3258042437;Taylor Townsend;;USA;18,1848049281
Wimbledon;2014-06-23;Fű;6-3 6-3;Madison Keys;178;USA;19,3456536619;Monica Puig;;PUR;20,7364818617
Wimbledon;2014-06-23;Fű;3-6 6-4 8-6;Yaroslava Shvedova;180;KAZ;26,7789185489;Kristyna Pliskova;;CZE;22,2559890486
Wimbledon;2014-06-23;Fű;6-3 6-2;Kaia Kanepi;181;EST;29,0349075975;Jelena Jankovic;177;SRB;29,3141683778
Wimbledon;2014-06-23;Fű;6-3 7-5;Victoria Azarenka;180;BLR;24,8952772074;Mirjana Lucic;;CRO;32,2902121834
Wimbledon;2014-06-23;Fű;7-6(2) 6-0;Bojana Jovanovski;175;SRB;22,4777549624;Johanna Larsson;174;SWE;25,8480492813
Wimbledon;2014-06-23;Fű;6-3 6-3;Tereza Smitkova;;CZE;19,7015742642;Su Wei Hsieh;169;TPE;28,4654346338
Wimbledon;2014-06-23;Fű;6-3 3-6 7-5;Coco Vandeweghe;185;USA;22,546201232;Garbine Muguruza;182;ESP;20,7063655031
Wimbledon;2014-06-23;Fű;7-6(3) 7-6(3);Lucie Safarova;177;CZE;27,3812457221;Julia Goerges;180;GER;25,6372347707
Wimbledon;2014-06-23;Fű;6-4 6-4;Polona Hercog;182;SLO;23,4223134839;Paula Ormaechea;;ARG;21,7330595483
Wimbledon;2014-06-23;Fű;7-5 6-3;Alison Van Uytvanck;;BEL;20,2436687201;Monica Niculescu;168;ROU;26,7433264887
Wimbledon;2014-06-23;Fű;6-1 6-2;Dominika Cibulkova;161;SVK;25,1307323751;Aleksandra Wozniak;175;CAN;26,7926078029
Wimbledon;2014-06-23;Fű;2-6 7-6(3) 7-5;Caroline Garcia;;FRA;20,6844626968;Sara Errani;164;ITA;27,151266256
Wimbledon;2014-06-23;Fű;6-7(6) 6-2 6-2;Varvara Lepchenko;180;USA;28,090349076;Tsvetana Pironkova;180;BUL;26,7761806982
Wimbledon;2014-06-23;Fű;6-4 6-1;Misaki Doi;159;JPN;23,151266256;Elina Svitolina;174;UKR;19,7782340862
Wimbledon;2014-06-23;Fű;3-6 6-4 7-5;Ekaterina Makarova;178;RUS;26,0424366872;Kimiko Date Krumm;163;JPN;43,7344284736
Wimbledon;2014-06-23;Fű;6-3 7-6(6);Jarmila Gajdosova;174;AUS;27,1594798084;Stefanie Voegele;170;SUI;24,2874743326
Wimbledon;2014-06-23;Fű;3-6 7-6(4) 6-3;Casey Dellacqua;;AUS;29,3607118412;Anett Kontaveit;;EST;18,4969199179
Wimbledon;2014-06-23;Fű;6-2 6-1;Agnieszka Radwanska;170;POL;25,2977412731;Cristina Andreea Mitu;;ROU;22,7515400411
Wimbledon;2014-06-23;Fű;6-3 6-0;Petra Kvitova;183;CZE;24,2929500342;Andrea Hlavackova;174;CZE;27,8685831622
Wimbledon;2014-06-23;Fű;7-5 6-0;Mona Barthel;185;GER;23,9507186858;Romina Oprandi;;SUI;28,2354551677
Wimbledon;2014-06-23;Fű;6-4 6-4;Kurumi Nara;;JPN;22,4804928131;Anna Lena Friedsam;;GER;20,3887748118
Wimbledon;2014-06-23;Fű;6-2 7-6(6);Maria Kirilenko;173;RUS;27,40862423;Sloane Stephens;170;USA;21,2594113621
Wimbledon;2014-06-23;Fű;6-4 3-6 6-4;Shuai Peng;173;CHN;28,4544832307;Johanna Konta;;GBR;23,1019849418
Wimbledon;2014-06-23;Fű;6-2 6-3;Flavia Pennetta;172;ITA;32,3230663929;Jana Cepelova;168;SVK;21,067761807
Wimbledon;2014-06-23;Fű;2-6 7-6(7) 6-0;Naomi Broady;;GBR;24,3148528405;Timea Babos;179;HUN;21,1197809719
Wimbledon;2014-06-23;Fű;6-3 4-6 6-0;Ana Konjuh;;CRO;16,4873374401;Marina Erakovic;174;NZL;26,2970568104
Wimbledon;2014-06-23;Fű;6-3 6-4;Yanina Wickmayer;182;BEL;24,6735112936;Samantha Stosur;172;AUS;30,2313483915
Wimbledon;2014-06-23;Fű;7-5 6-3;Yvonne Meusburger;;AUT;30,7214236824;Vania King;165;USA;25,3059548255
Wimbledon;2014-06-23;Fű;7-5 6-2;Na Li;172;CHN;32,3203285421;Paula Kania;;POL;21,6262833676
Wimbledon;2014-06-23;Fű;6-1 6-1;Serena Williams;175;USA;32,7392197125;Chanelle Scheepers;;RSA;30,2778918549
Wimbledon;2014-06-23;Fű;6-4 5-7 6-3;Alize Cornet;173;FRA;24,4161533196;Petra Cetkovska;172;CZE;29,3689253936
Wimbledon;2014-06-23;Fű;6-4 3-6 6-1;Andrea Petkovic;180;GER;26,7871321013;Irina Camelia Begu;181;ROU;23,8247775496
Wimbledon;2014-06-23;Fű;7-5 6-1;Eugenie BoucKemény;;CAN;20,3230663929;Silvia Soler Espinosa;;ESP;26,5927446954
Wimbledon;2014-06-23;Fű;6-2 5-7 6-1;Angelique Kerber;173;GER;26,4284736482;Heather Watson;170;GBR;22,0944558522
Wimbledon;2014-06-23;Fű;7-5 6-2;Alison Riske;;USA;23,9726214921;Camila Giorgi;168;ITA;22,4804928131
Wimbledon;2014-06-23;Fű;6-2 6-1;Maria Sharapova;;RUS;27,1786447639;Timea Bacsinszky;;SUI;25,0403832991
Wimbledon;2014-06-23;Fű;6-3 4-6 6-4;Simona Halep;168;ROU;22,7378507871;Lesia Tsurenko;174;UKR;25,0650239562
Wimbledon;2014-06-23;Fű;6-4 7-5;Belinda Bencic;;SUI;17,28678987;Victoria Duval;;USA;18,5626283368
Wimbledon;2014-06-23;Fű;6-4 6-4;Vera Zvonareva;172;RUS;29,7905544148;Donna Vekic;;CRO;17,9849418207
Wimbledon;2014-06-23;Fű;7-6(12) 5-7 6-2;Zarina Diyas;;KAZ;20,6789869952;Carla Suarez Navarro;162;ESP;25,8015058179
Wimbledon;2014-06-23;Fű;6-4 6-0;Ana Ivanovic;183;SRB;26,6283367556;Jie Zheng;164;CHN;30,9678302533
Wimbledon;2014-06-23;Fű;6-3 7-5;Sabine Lisicki;178;GER;24,7501711157;Karolina Pliskova;184;CZE;22,2559890486
Wimbledon;2014-06-23;Fű;7-5 6-7(3) 6-2;Madison Keys;178;USA;19,3456536619;Klara Koukalova;166;CZE;32,3258042437
Wimbledon;2014-06-23;Fű;6-3 6-7(4) 6-2;Yaroslava Shvedova;180;KAZ;26,7789185489;Kaia Kanepi;181;EST;29,0349075975
Wimbledon;2014-06-23;Fű;6-3 3-6 7-5;Bojana Jovanovski;175;SRB;22,4777549624;Victoria Azarenka;180;BLR;24,8952772074
Wimbledon;2014-06-23;Fű;6-3 7-6(4);Tereza Smitkova;;CZE;19,7015742642;Coco Vandeweghe;185;USA;22,546201232
Wimbledon;2014-06-23;Fű;7-6(7) 7-5;Lucie Safarova;177;CZE;27,3812457221;Polona Hercog;182;SLO;23,4223134839
Wimbledon;2014-06-23;Fű;3-6 6-3 8-6;Dominika Cibulkova;161;SVK;25,1307323751;Alison Van Uytvanck;;BEL;20,2436687201
Wimbledon;2014-06-23;Fű;7-5 6-3;Caroline Garcia;;FRA;20,6844626968;Varvara Lepchenko;180;USA;28,090349076
Wimbledon;2014-06-23;Fű;7-5 6-4;Ekaterina Makarova;178;RUS;26,0424366872;Misaki Doi;159;JPN;23,151266256
Wimbledon;2014-06-23;Fű;6-4 6-0;Agnieszka Radwanska;170;POL;25,2977412731;Casey Dellacqua;;AUS;29,3607118412
Wimbledon;2014-06-23;Fű;6-2 6-0;Petra Kvitova;183;CZE;24,2929500342;Mona Barthel;185;GER;23,9507186858
Wimbledon;2014-06-23;Fű;7-6(4) 6-1;Venus Williams;185;USA;34,0150581793;Kurumi Nara;;JPN;22,4804928131
Wimbledon;2014-06-23;Fű;6-0 6-3;Shuai Peng;173;CHN;28,4544832307;Maria Kirilenko;173;RUS;27,40862423
Wimbledon;2014-06-23;Fű;6-4 7-6(4);Lauren Davis;157;USA;20,7036276523;Flavia Pennetta;172;ITA;32,3230663929
Wimbledon;2014-06-23;Fű;6-3 6-2;Caroline Wozniacki;177;DEN;23,9507186858;Naomi Broady;;GBR;24,3148528405
Wimbledon;2014-06-23;Fű;3-6 6-2 6-2;Ana Konjuh;;CRO;16,4873374401;Yanina Wickmayer;182;BEL;24,6735112936
Wimbledon;2014-06-23;Fű;6-2 6-2;Na Li;172;CHN;32,3203285421;Yvonne Meusburger;;AUT;30,7214236824
Wimbledon;2014-06-23;Fű;1-6 6-3 6-4;Alize Cornet;173;FRA;24,4161533196;Serena Williams;175;USA;32,7392197125
Wimbledon;2014-06-23;Fű;6-3 6-4;Eugenie BoucKemény;;CAN;20,3230663929;Andrea Petkovic;180;GER;26,7871321013
Wimbledon;2014-06-23;Fű;3-6 6-3 6-2;Angelique Kerber;173;GER;26,4284736482;Kirsten Flipkens;165;BEL;28,4490075291
Wimbledon;2014-06-23;Fű;6-3 6-0;Maria Sharapova;;RUS;27,1786447639;Alison Riske;;USA;23,9726214921
Wimbledon;2014-06-23;Fű;6-4 6-1;Simona Halep;168;ROU;22,7378507871;Belinda Bencic;;SUI;17,28678987
Wimbledon;2014-06-23;Fű;7-6(1) 3-6 6-3;Zarina Diyas;;KAZ;20,6789869952;Vera Zvonareva;172;RUS;29,7905544148
Wimbledon;2014-06-23;Fű;6-4 3-6 6-1;Sabine Lisicki;178;GER;24,7501711157;Ana Ivanovic;183;SRB;26,6283367556
Wimbledon;2014-06-23;Fű;4-6 7-6(5) 10-8;Tereza Smitkova;;CZE;19,7015742642;Bojana Jovanovski;175;SRB;22,4777549624
Wimbledon;2014-06-23;Fű;6-4 6-2;Lucie Safarova;177;CZE;27,3812457221;Dominika Cibulkova;161;SVK;25,1307323751
Wimbledon;2014-06-23;Fű;7-5 6-3;Ekaterina Makarova;178;RUS;26,0424366872;Caroline Garcia;;FRA;20,6844626968
Wimbledon;2014-06-23;Fű;5-7 7-6(2) 7-5;Petra Kvitova;183;CZE;24,2929500342;Venus Williams;185;USA;34,0150581793
Wimbledon;2014-06-23;Fű;0-6 6-3 6-3;Shuai Peng;173;CHN;28,4544832307;Lauren Davis;157;USA;20,7036276523
Wimbledon;2014-06-23;Fű;6-3 6-0;Caroline Wozniacki;177;DEN;23,9507186858;Ana Konjuh;;CRO;16,4873374401
Wimbledon;2014-06-23;Fű;7-6(5) 7-5;Eugenie BoucKemény;;CAN;20,3230663929;Alize Cornet;173;FRA;24,4161533196
Wimbledon;2014-06-23;Fű;7-6(4) 4-6 6-4;Angelique Kerber;173;GER;26,4284736482;Maria Sharapova;;RUS;27,1786447639
Wimbledon;2014-06-23;Fű;6-3 6-0;Simona Halep;168;ROU;22,7378507871;Zarina Diyas;;KAZ;20,6789869952
Wimbledon;2014-06-23;Fű;6-3 3-6 6-4;Sabine Lisicki;178;GER;24,7501711157;Yaroslava Shvedova;180;KAZ;26,7789185489
Wimbledon;2014-06-23;Fű;6-0 6-2;Lucie Safarova;177;CZE;27,3812457221;Tereza Smitkova;;CZE;19,7015742642
Wimbledon;2014-06-23;Fű;6-3 6-0;Ekaterina Makarova;178;RUS;26,0424366872;Agnieszka Radwanska;170;POL;25,2977412731
Wimbledon;2014-06-23;Fű;6-3 6-2;Petra Kvitova;183;CZE;24,2929500342;Shuai Peng;173;CHN;28,4544832307
Wimbledon;2014-06-23;Fű;6-3 6-4;Eugenie BoucKemény;;CAN;20,3230663929;Angelique Kerber;173;GER;26,4284736482
Wimbledon;2014-06-23;Fű;6-4 6-0;Simona Halep;168;ROU;22,7378507871;Sabine Lisicki;178;GER;24,7501711157
Wimbledon;2014-06-23;Fű;6-3 6-1;Lucie Safarova;177;CZE;27,3812457221;Ekaterina Makarova;178;RUS;26,0424366872
Wimbledon;2014-06-23;Fű;7-6(5) 6-2;Eugenie BoucKemény;;CAN;20,3230663929;Simona Halep;168;ROU;22,7378507871
Wimbledon;2014-06-23;Fű;7-6(6) 6-1;Petra Kvitova;183;CZE;24,2929500342;Lucie Safarova;177;CZE;27,3812457221
Wimbledon;2014-06-23;Fű;6-3 6-0;Petra Kvitova;183;CZE;24,2929500342;Eugenie BoucKemény;;CAN;20,3230663929
Eastbourne;2014-06-16;Fű;6-4 3-6 7-6(4);Anastasia Pavlyuchenkova;177;RUS;22,9541409993;Agnieszka Radwanska;170;POL;25,2785763176
Eastbourne;2014-06-16;Fű;7-5 6-3;Ekaterina Makarova;178;RUS;26,0232717317;Francesca Schiavone;166;ITA;33,9794661191
Eastbourne;2014-06-16;Fű;6-3 6-2;Alize Cornet;173;FRA;24,3969883641;Bojana Jovanovski;175;SRB;22,4585900068
Eastbourne;2014-06-16;Fű;7-6(6) 6-4;Angelique Kerber;173;GER;26,4093086927;Alison Riske;;USA;23,9534565366
Eastbourne;2014-06-16;Fű;4-6 6-3 7-5;Camila Giorgi;168;ITA;22,4613278576;Victoria Azarenka;180;BLR;24,8761122519
Eastbourne;2014-06-16;Fű;6-3 6-2;Johanna Konta;;GBR;23,0828199863;Belinda Bencic;;SUI;17,2676249144
Eastbourne;2014-06-16;Fű;6-2 6-4;Sloane Stephens;170;USA;21,2402464066;Caroline Garcia;;FRA;20,6652977413
Eastbourne;2014-06-16;Fű;7-5 6-4;Caroline Wozniacki;177;DEN;23,9315537303;Samantha Stosur;172;AUS;30,212183436
Eastbourne;2014-06-16;Fű;7-6(5) 6-2;Lauren Davis;157;USA;20,6844626968;Sara Errani;164;ITA;27,1321013005
Eastbourne;2014-06-16;Fű;7-5 6-1;Daniela Hantuchova;181;SVK;31,1485284052;Roberta Vinci;163;ITA;31,3237508556
Eastbourne;2014-06-16;Fű;6-3 6-4;Elena Vesnina;176;RUS;27,8740588638;Shuai Peng;173;CHN;28,4353182752
Eastbourne;2014-06-16;Fű;6-3 6-3;Madison Keys;178;USA;19,3264887064;Jelena Jankovic;177;SRB;29,2950034223
Eastbourne;2014-06-16;Fű;6-3 6-3;Flavia Pennetta;172;ITA;32,3039014374;Su Wei Hsieh;169;TPE;28,4462696783
Eastbourne;2014-06-16;Fű;3-6 7-5 6-2;Heather Watson;170;GBR;22,0752908966;Tsvetana Pironkova;180;BUL;26,7570157426
Eastbourne;2014-06-16;Fű;5-7 6-4 6-1;Varvara Lepchenko;180;USA;28,0711841205;Shuai Zhang;;CHN;25,3990417522
Eastbourne;2014-06-16;Fű;6-1 5-7 7-6(4);Petra Kvitova;183;CZE;24,2737850787;Lucie Safarova;177;CZE;27,3620807666
Eastbourne;2014-06-16;Fű;6-3 6-3;Ekaterina Makarova;178;RUS;26,0232717317;Anastasia Pavlyuchenkova;177;RUS;22,9541409993
Eastbourne;2014-06-16;Fű;7-5 1-6 7-6(3);Angelique Kerber;173;GER;26,4093086927;Alize Cornet;173;FRA;24,3969883641
Eastbourne;2014-06-16;Fű;1-6 7-5 7-5;Camila Giorgi;168;ITA;22,4613278576;Johanna Konta;;GBR;23,0828199863
Eastbourne;2014-06-16;Fű;6-3 6-3;Caroline Wozniacki;177;DEN;23,9315537303;Sloane Stephens;170;USA;21,2402464066
Eastbourne;2014-06-16;Fű;6-3 6-3;Lauren Davis;157;USA;20,6844626968;Daniela Hantuchova;181;SVK;31,1485284052
Eastbourne;2014-06-16;Fű;7-5 7-6(9);Madison Keys;178;USA;19,3264887064;Elena Vesnina;176;RUS;27,8740588638
Eastbourne;2014-06-16;Fű;6-7(6) 6-4 6-2;Heather Watson;170;GBR;22,0752908966;Flavia Pennetta;172;ITA;32,3039014374
Eastbourne;2014-06-16;Fű;6-1 6-4;Petra Kvitova;183;CZE;24,2737850787;Varvara Lepchenko;180;USA;28,0711841205
Eastbourne;2014-06-16;Fű;6-2 6-1;Angelique Kerber;173;GER;26,4093086927;Ekaterina Makarova;178;RUS;26,0232717317
Eastbourne;2014-06-16;Fű;6-7(7) 6-4 6-2;Caroline Wozniacki;177;DEN;23,9315537303;Camila Giorgi;168;ITA;22,4613278576
Eastbourne;2014-06-16;Fű;6-2 6-1;Madison Keys;178;USA;19,3264887064;Lauren Davis;157;USA;20,6844626968
Eastbourne;2014-06-16;Fű;3-6 7-6(3) 6-3;Angelique Kerber;173;GER;26,4093086927;Caroline Wozniacki;177;DEN;23,9315537303
Eastbourne;2014-06-16;Fű;6-3 6-1;Madison Keys;178;USA;19,3264887064;Heather Watson;170;GBR;22,0752908966
Eastbourne;2014-06-16;Fű;6-3 3-6 7-5;Madison Keys;178;USA;19,3264887064;Angelique Kerber;173;GER;26,4093086927
's Hertogenbosch;2014-06-16;Fű;7-5 6-2;Simona Halep;168;ROU;22,7186858316;Olga Govortsova;182;BLR;25,8124572211
's Hertogenbosch;2014-06-16;Fű;7-6(5) 7-5;Annika Beck;170;GER;20,3285420945;Julia Glushko;;ISR;24,4544832307
's Hertogenbosch;2014-06-16;Fű;6-4 6-4;Magdalena Rybarikova;180;SVK;25,697467488;An Sophie Mestach;;BEL;20,2765229295
's Hertogenbosch;2014-06-16;Fű;6-2 6-4;Andrea Petkovic;180;GER;26,7679671458;Yanina Wickmayer;182;BEL;24,6543463381
's Hertogenbosch;2014-06-16;Fű;6-4 6-2;Carla Suarez Navarro;162;ESP;25,7823408624;Barbora Zahlavova Strycova;164;CZE;28,219028063
's Hertogenbosch;2014-06-16;Fű;6-4 7-5;Jie Zheng;164;CHN;30,9486652977;Monica Puig;;PUR;20,7173169062
's Hertogenbosch;2014-06-16;Fű;6-2 6-1;Elina Svitolina;174;UKR;19,7590691307;Kurumi Nara;;JPN;22,4613278576
's Hertogenbosch;2014-06-16;Fű;6-4 6-0;Kirsten Flipkens;165;BEL;28,4298425736;Polona Hercog;182;SLO;23,4031485284
's Hertogenbosch;2014-06-16;Fű;6-4 6-2;Garbine Muguruza;182;ESP;20,6872005476;Lesley Kerkhove;;NED;22,6146475017
's Hertogenbosch;2014-06-16;Fű;6-1 6-2;Yvonne Meusburger;;AUT;30,7022587269;Kaia Kanepi;181;EST;29,015742642
's Hertogenbosch;2014-06-16;Fű;6-4 3-6 7-6(5);Coco Vandeweghe;185;USA;22,5270362765;Marina Erakovic;174;NZL;26,2778918549
's Hertogenbosch;2014-06-16;Fű;2-6 6-3 6-3;Vania King;165;USA;25,28678987;Eugenie BoucKemény;;CAN;20,3039014374
's Hertogenbosch;2014-06-16;Fű;7-6(5) 2-6 6-2;Klara Koukalova;166;CZE;32,3066392882;Maria Teresa Torro Flor;173;ESP;22,12183436
's Hertogenbosch;2014-06-16;Fű;6-3 6-2;Mona Barthel;185;GER;23,9315537303;Maria Kirilenko;173;RUS;27,3894592745
's Hertogenbosch;2014-06-16;Fű;6-3 4-6 6-1;Michaella Krajicek;177;NED;25,4318959617;Jana Cepelova;168;SVK;21,0485968515
's Hertogenbosch;2014-06-16;Fű;6-2 3-6 6-3;Yaroslava Shvedova;180;KAZ;26,7597535934;Dominika Cibulkova;161;SVK;25,1115674196
's Hertogenbosch;2014-06-16;Fű;6-4 6-7(4) 7-5;Magdalena Rybarikova;180;SVK;25,697467488;Andrea Petkovic;180;GER;26,7679671458
's Hertogenbosch;2014-06-16;Fű;7-6(4) 6-4;Elina Svitolina;174;UKR;19,7590691307;Kirsten Flipkens;165;BEL;28,4298425736
's Hertogenbosch;2014-06-16;Fű;6-4 6-1;Garbine Muguruza;182;ESP;20,6872005476;Yvonne Meusburger;;AUT;30,7022587269
's Hertogenbosch;2014-06-16;Fű;6-2 7-6(6);Klara Koukalova;166;CZE;32,3066392882;Mona Barthel;185;GER;23,9315537303
's Hertogenbosch;2014-06-16;Fű;7-6(6) 7-6(4);Yaroslava Shvedova;180;KAZ;26,7597535934;Michaella Krajicek;177;NED;25,4318959617
's Hertogenbosch;2014-06-16;Fű;6-2 7-5;Magdalena Rybarikova;180;SVK;25,697467488;Annika Beck;170;GER;20,3285420945
's Hertogenbosch;2014-06-16;Fű;6-3 6-0;Jie Zheng;164;CHN;30,9486652977;Elina Svitolina;174;UKR;19,7590691307
's Hertogenbosch;2014-06-16;Fű;7-6(3) 6-1;Coco Vandeweghe;185;USA;22,5270362765;Garbine Muguruza;182;ESP;20,6872005476
's Hertogenbosch;2014-06-16;Fű;6-2 6-4;Klara Koukalova;166;CZE;32,3066392882;Yaroslava Shvedova;180;KAZ;26,7597535934
's Hertogenbosch;2014-06-16;Fű;6-1 6-3;Jie Zheng;164;CHN;30,9486652977;Magdalena Rybarikova;180;SVK;25,697467488
's Hertogenbosch;2014-06-16;Fű;6-4 6-2;Coco Vandeweghe;185;USA;22,5270362765;Klara Koukalova;166;CZE;32,3066392882
's Hertogenbosch;2014-06-16;Fű;6-2 6-4;Coco Vandeweghe;185;USA;22,5270362765;Jie Zheng;164;CHN;30,9486652977
Bad Gastein;2014-07-07;Salak;6-3 6-3;Irina Falconi;;USA;24,1752224504;Johanna Larsson;174;SWE;25,8863791923
Bad Gastein;2014-07-07;Salak;6-4 6-4;Karolina Pliskova;184;CZE;22,2943189596;Mona Barthel;185;GER;23,9890485969
Bad Gastein;2014-07-07;Salak;7-6(8) 7-5;Andrea Petkovic;180;GER;26,8254620123;Jana Cepelova;168;SVK;21,106091718
Bad Gastein;2014-07-07;Salak;6-7(5) 6-1 6-4;Dinah Pfizenmaier;;GER;22,4804928131;Maria Teresa Torro Flor;173;ESP;22,1793292266
Bad Gastein;2014-07-07;Salak;7-6(0) 6-2;Stefanie Voegele;170;SUI;24,3258042437;Julia Goerges;180;GER;25,6755646817
Bad Gastein;2014-07-07;Salak;6-1 6-4;Elina Svitolina;174;UKR;19,8165639973;Patricia Mayr Achleitner;;AUT;27,6605065024
Bad Gastein;2014-07-07;Salak;6-2 6-3;Camila Giorgi;168;ITA;22,5188227242;Andrea Hlavackova;174;CZE;27,9069130732
Bad Gastein;2014-07-07;Salak;6-2 6-4;Lisa Maria Moser;;AUT;23,2772073922;Yvonne Neuwirth;;AUT;21,9219712526
Bad Gastein;2014-07-07;Salak;6-7(8) 7-5 6-4;Shelby Rogers;;USA;21,7303216975;Kristyna Pliskova;;CZE;22,2943189596
Bad Gastein;2014-07-07;Salak;7-6(3) 1-6 6-4;Carla Suarez Navarro;162;ESP;25,839835729;Laura Siegemund;;GER;26,340862423
Bad Gastein;2014-07-07;Salak;7-6(9) 4-6 7-5;Yvonne Meusburger;;AUT;30,7597535934;Tereza Smitkova;;CZE;19,7399041752
Bad Gastein;2014-07-07;Salak;6-1 6-2;Chanelle Scheepers;;RSA;30,3162217659;Mariana Duque Marino;;COL;24,900752909
Bad Gastein;2014-07-07;Salak;6-3 4-6 6-3;Paula Ormaechea;;ARG;21,7713894593;Jovana Jaksic;;SRB;20,7665982204
Bad Gastein;2014-07-07;Salak;6-3 6-2;Sara Errani;164;ITA;27,189596167;Katerina Siniakova;;CZE;18,1574264203
Bad Gastein;2014-07-07;Salak;6-3 6-3;Grace Min;;USA;20,1697467488;Irina Falconi;;USA;24,1752224504
Bad Gastein;2014-07-07;Salak;6-2 7-5;Karolina Pliskova;184;CZE;22,2943189596;Ana Bogdan;;ROU;21,6125941136
Bad Gastein;2014-07-07;Salak;6-1 6-3;Andrea Petkovic;180;GER;26,8254620123;Dinah Pfizenmaier;;GER;22,4804928131
Bad Gastein;2014-07-07;Salak;6-2 7-5;Stefanie Voegele;170;SUI;24,3258042437;Elina Svitolina;174;UKR;19,8165639973
Bad Gastein;2014-07-07;Salak;6-0 6-2;Camila Giorgi;168;ITA;22,5188227242;Lisa Maria Moser;;AUT;23,2772073922
Bad Gastein;2014-07-07;Salak;6-4 6-0;Shelby Rogers;;USA;21,7303216975;Carla Suarez Navarro;162;ESP;25,839835729
Bad Gastein;2014-07-07;Salak;4-6 6-1 6-2;Chanelle Scheepers;;RSA;30,3162217659;Yvonne Meusburger;;AUT;30,7597535934
Bad Gastein;2014-07-07;Salak;6-3 6-0;Sara Errani;164;ITA;27,189596167;Paula Ormaechea;;ARG;21,7713894593
Bad Gastein;2014-07-07;Salak;6-2 6-1;Grace Min;;USA;20,1697467488;Karolina Pliskova;184;CZE;22,2943189596
Bad Gastein;2014-07-07;Salak;6-3 6-2;Andrea Petkovic;180;GER;26,8254620123;Stefanie Voegele;170;SUI;24,3258042437
Bad Gastein;2014-07-07;Salak;6-1 7-5;Shelby Rogers;;USA;21,7303216975;Camila Giorgi;168;ITA;22,5188227242
Bad Gastein;2014-07-07;Salak;2-6 6-1 6-3;Sara Errani;164;ITA;27,189596167;Chanelle Scheepers;;RSA;30,3162217659
Bad Gastein;2014-07-07;Salak;4-6 6-2 6-4;Andrea Petkovic;180;GER;26,8254620123;Grace Min;;USA;20,1697467488
Bad Gastein;2014-07-07;Salak;7-6(12) 6-3;Shelby Rogers;;USA;21,7303216975;Sara Errani;164;ITA;27,189596167
Istanbul;2014-07-14;Kemény;6-0 6-0;Caroline Wozniacki;177;DEN;24,0082135524;Belinda Bencic;;SUI;17,3442847365
Istanbul;2014-07-14;Kemény;6-2 6-2;Karin Knapp;180;ITA;27,0444900753;Ipek Soylu;;TUR;18,2450376454
Istanbul;2014-07-14;Kemény;1-6 6-1 6-4;Shahar Peer;170;ISR;27,2032854209;Elizaveta Kulichkova;;RUS;18,2532511978
Istanbul;2014-07-14;Kemény;6-4 3-6 6-0;Karolina Pliskova;184;CZE;22,3134839151;Cagla Buyukakcay;;TUR;24,7912388775
Istanbul;2014-07-14;Kemény;4-6 6-0 6-4;Klara Koukalova;166;CZE;32,3832991102;Donna Vekic;;CRO;18,0424366872
Istanbul;2014-07-14;Kemény;6-4 6-2;Kristina Mladenovic;184;FRA;21,1663244353;Patricia Mayr Achleitner;;AUT;27,6796714579
Istanbul;2014-07-14;Kemény;6-2 6-3;Francesca Schiavone;166;ITA;34,0561259411;Jovana Jaksic;;SRB;20,7857631759
Istanbul;2014-07-14;Kemény;1-6 6-4 7-5;Bojana Jovanovski;175;SRB;22,5352498289;Alison Van Uytvanck;;BEL;20,3011635866
Istanbul;2014-07-14;Kemény;3-6 6-3 6-4;Ana Konjuh;;CRO;16,5448323066;Magdalena Rybarikova;180;SVK;25,7741273101
Istanbul;2014-07-14;Kemény;6-4 7-5;Stefanie Voegele;170;SUI;24,3449691992;Tsvetana Pironkova;180;BUL;26,8336755647
Istanbul;2014-07-14;Kemény;6-1 4-6 6-4;Elina Svitolina;174;UKR;19,8357289528;Danka Kovinic;;MNE;19,65229295
Istanbul;2014-07-14;Kemény;6-2 6-0;Kurumi Nara;;JPN;22,5379876797;Johanna Konta;;GBR;23,1594798084
Istanbul;2014-07-14;Kemény;6-2 6-4;Katerina Siniakova;;CZE;18,1765913758;Julia Glushko;;ISR;24,5311430527
Istanbul;2014-07-14;Kemény;3-6 6-0 6-3;Alexandra Dulgheru;;ROU;25,1225188227;Kateryna Kozlova;;UKR;20,3942505133
Istanbul;2014-07-14;Kemény;6-2 6-2;Roberta Vinci;163;ITA;31,4004106776;Anna Tatishvili;171;GEO;24,4407939767
Istanbul;2014-07-14;Kemény;4-6 6-2 6-1;Caroline Wozniacki;177;DEN;24,0082135524;Karin Knapp;180;ITA;27,0444900753
Istanbul;2014-07-14;Kemény;6-2 7-5;Karolina Pliskova;184;CZE;22,3134839151;Shahar Peer;170;ISR;27,2032854209
Istanbul;2014-07-14;Kemény;6-1 6-3;Kristina Mladenovic;184;FRA;21,1663244353;Klara Koukalova;166;CZE;32,3832991102
Istanbul;2014-07-14;Kemény;6-1 6-4;Francesca Schiavone;166;ITA;34,0561259411;Bojana Jovanovski;175;SRB;22,5352498289
Istanbul;2014-07-14;Kemény;6-4 6-7(3) 6-4;Ana Konjuh;;CRO;16,5448323066;Misaki Doi;159;JPN;23,2087611225
Istanbul;2014-07-14;Kemény;6-0 6-3;Elina Svitolina;174;UKR;19,8357289528;Stefanie Voegele;170;SUI;24,3449691992
Istanbul;2014-07-14;Kemény;7-6(5) 6-7(3) 6-2;Kurumi Nara;;JPN;22,5379876797;Katerina Siniakova;;CZE;18,1765913758
Istanbul;2014-07-14;Kemény;6-1 3-6 6-2;Caroline Wozniacki;177;DEN;24,0082135524;Karolina Pliskova;184;CZE;22,3134839151
Istanbul;2014-07-14;Kemény;3-6 6-3 7-5;Kristina Mladenovic;184;FRA;21,1663244353;Francesca Schiavone;166;ITA;34,0561259411
Istanbul;2014-07-14;Kemény;6-4 1-6 6-1;Ana Konjuh;;CRO;16,5448323066;Elina Svitolina;174;UKR;19,8357289528
Istanbul;2014-07-14;Kemény;6-0 6-2;Roberta Vinci;163;ITA;31,4004106776;Kurumi Nara;;JPN;22,5379876797
Istanbul;2014-07-14;Kemény;6-2 6-3;Caroline Wozniacki;177;DEN;24,0082135524;Kristina Mladenovic;184;FRA;21,1663244353
Istanbul;2014-07-14;Kemény;6-4 6-2;Roberta Vinci;163;ITA;31,4004106776;Ana Konjuh;;CRO;16,5448323066
Istanbul;2014-07-14;Kemény;6-1 6-1;Caroline Wozniacki;177;DEN;24,0082135524;Roberta Vinci;163;ITA;31,4004106776
Bastad;2014-07-14;Salak;7-6(3) 6-3;Anett Kontaveit;;EST;18,5544147844;Alize Cornet;173;FRA;24,4736481862
Bastad;2014-07-14;Salak;6-4 6-4;Jana Cepelova;168;SVK;21,1252566735;Rebecca Peterson;;SWE;18,9377138946
Bastad;2014-07-14;Salak;7-5 7-6(5);Dinah Pfizenmaier;;GER;22,4996577687;Polona Hercog;182;SLO;23,4798083504
Bastad;2014-07-14;Salak;7-5 6-3;Laura Siegemund;;GER;26,3600273785;Yaroslava Shvedova;180;KAZ;26,8364134155
Bastad;2014-07-14;Salak;6-3 6-4;Chanelle Scheepers;;RSA;30,3353867214;Mariana Duque Marino;;COL;24,9199178645
Bastad;2014-07-14;Salak;6-3 4-6 6-3;Annika Beck;170;GER;20,4052019165;Katarzyna Piter;;POL;23,4058863792
Bastad;2014-07-14;Salak;6-3 6-1;Richel Hogenkamp;;NED;22,2422997947;Anna Karolina Schmiedlova;;SVK;19,832991102
Bastad;2014-07-14;Salak;6-2 4-6 7-5;Kaia Kanepi;181;EST;29,0924024641;Johanna Larsson;174;SWE;25,9055441478
Bastad;2014-07-14;Salak;6-4 6-4;Mona Barthel;185;GER;24,0082135524;Tereza Martincova;;CZE;19,7207392197
Bastad;2014-07-14;Salak;3-6 6-3 6-2;Gabriela Dabrowski;;CAN;22,2833675565;Camila Giorgi;168;ITA;22,5379876797
Bastad;2014-07-14;Salak;6-2 6-0;Julia Goerges;180;GER;25,6947296372;Maria Teresa Torro Flor;173;ESP;22,1984941821
Bastad;2014-07-14;Salak;6-7(3) 6-3 6-3;Silvia Soler Espinosa;;ESP;26,6502395619;Sofia Arvidsson;176;SWE;30,4065708419
Bastad;2014-07-14;Salak;6-2 7-5;Alexandra Panova;;RUS;25,3661875428;Alexandra Cadantu;170;ROU;24,1971252567
Bastad;2014-07-14;Salak;6-0 6-4;Grace Min;;USA;20,1889117043;Anastasia Pavlyuchenkova;177;RUS;23,0308008214
Bastad;2014-07-14;Salak;6-4 6-3;Jana Cepelova;168;SVK;21,1252566735;Anett Kontaveit;;EST;18,5544147844
Bastad;2014-07-14;Salak;6-3 4-6 6-2;Yulia Putintseva;;KAZ;19,5154004107;Dinah Pfizenmaier;;GER;22,4996577687
Bastad;2014-07-14;Salak;3-6 6-4 7-5;Chanelle Scheepers;;RSA;30,3353867214;Laura Siegemund;;GER;26,3600273785
Bastad;2014-07-14;Salak;2-6 6-4 7-6(2);Lara Arruabarrena;166;ESP;22,3162217659;Annika Beck;170;GER;20,4052019165
Bastad;2014-07-14;Salak;6-3 6-1;Kaia Kanepi;181;EST;29,0924024641;Richel Hogenkamp;;NED;22,2422997947
Bastad;2014-07-14;Salak;6-4 3-6 6-4;Mona Barthel;185;GER;24,0082135524;Gabriela Dabrowski;;CAN;22,2833675565
Bastad;2014-07-14;Salak;4-6 6-1 6-3;Silvia Soler Espinosa;;ESP;26,6502395619;Julia Goerges;180;GER;25,6947296372
Bastad;2014-07-14;Salak;6-2 6-4;Alexandra Panova;;RUS;25,3661875428;Grace Min;;USA;20,1889117043
Bastad;2014-07-14;Salak;6-4 7-5;Jana Cepelova;168;SVK;21,1252566735;Yulia Putintseva;;KAZ;19,5154004107
Bastad;2014-07-14;Salak;6-2 4-6 6-3;Chanelle Scheepers;;RSA;30,3353867214;Lara Arruabarrena;166;ESP;22,3162217659
Bastad;2014-07-14;Salak;6-2 7-6(4);Mona Barthel;185;GER;24,0082135524;Kaia Kanepi;181;EST;29,0924024641
Bastad;2014-07-14;Salak;6-3 6-2;Silvia Soler Espinosa;;ESP;26,6502395619;Alexandra Panova;;RUS;25,3661875428
Bastad;2014-07-14;Salak;7-5 6-2;Chanelle Scheepers;;RSA;30,3353867214;Jana Cepelova;168;SVK;21,1252566735
Bastad;2014-07-14;Salak;6-2 4-6 7-5;Mona Barthel;185;GER;24,0082135524;Silvia Soler Espinosa;;ESP;26,6502395619
Bastad;2014-07-14;Salak;6-3 7-6(3);Mona Barthel;185;GER;24,0082135524;Chanelle Scheepers;;RSA;30,3353867214
Baku;2014-07-21;Kemény;6-3 6-3;Sorana Cirstea;176;ROU;24,2874743326;Ons Jabeur;;TUN;19,8959616701
Baku;2014-07-21;Kemény;6-1 6-4;Stefanie Voegele;170;SUI;24,3641341547;Alexandra Cadantu;170;ROU;24,2162902122
Baku;2014-07-21;Kemény;6-0 6-2;Vesna Dolonc;170;SRB;24,9993155373;Ksenia Gaydarzhi;;RUS;19,446954141
Baku;2014-07-21;Kemény;6-2 6-4;Shahar Peer;170;ISR;27,2224503765;Yvonne Meusburger;;AUT;30,7980835044
Baku;2014-07-21;Kemény;6-4 7-6(7);Misa Eguchi;;JPN;22,2559890486;Magdalena Rybarikova;180;SVK;25,7932922656
Baku;2014-07-21;Kemény;6-7(4) 6-3 6-4;Katarzyna Piter;;POL;23,4250513347;Kristyna Pliskova;;CZE;22,3326488706
Baku;2014-07-21;Kemény;2-6 7-5 6-3;Bojana Jovanovski;175;SRB;22,5544147844;Patricia Mayr Achleitner;;AUT;27,6988364134
Baku;2014-07-21;Kemény;6-2 3-6 6-0;Kristina Mladenovic;184;FRA;21,1854893908;Heather Watson;170;GBR;22,1711156742
Baku;2014-07-21;Kemény;7-6(6) 6-0;Donna Vekic;;CRO;18,0616016427;Olga Savchuk;175;UKR;26,8336755647
Baku;2014-07-21;Kemény;6-2 2-6 7-5;Julia Glushko;;ISR;24,5503080082;Kateryna Bondarenko;175;UKR;27,9507186858
Baku;2014-07-21;Kemény;6-2 6-2;Francesca Schiavone;166;ITA;34,0752908966;Kurumi Nara;;JPN;22,5571526352
Baku;2014-07-21;Kemény;6-1 6-0;Jana Cepelova;168;SVK;21,144421629;Nazrin Jafarova;;AZE;16,6762491444
Baku;2014-07-21;Kemény;6-4 6-1;Pauline Parmentier;175;FRA;28,4681724846;Alexandra Dulgheru;;ROU;25,1416837782
Baku;2014-07-21;Kemény;6-2 6-4;Silvia Soler Espinosa;;ESP;26,6694045175;Danka Kovinic;;MNE;19,6714579055
Baku;2014-07-21;Kemény;6-2 6-4;Elina Svitolina;174;UKR;19,8548939083;Nigina Abduraimova;;UZB;20,038329911
Baku;2014-07-21;Kemény;6-1 6-1;Stefanie Voegele;170;SUI;24,3641341547;Sorana Cirstea;176;ROU;24,2874743326
Baku;2014-07-21;Kemény;3-6 6-2 6-3;Shahar Peer;170;ISR;27,2224503765;Vesna Dolonc;170;SRB;24,9993155373
Baku;2014-07-21;Kemény;6-2 6-1;Misa Eguchi;;JPN;22,2559890486;Urszula Radwanska;177;POL;23,6194387406
Baku;2014-07-21;Kemény;6-3 6-1;Bojana Jovanovski;175;SRB;22,5544147844;Katarzyna Piter;;POL;23,4250513347
Baku;2014-07-21;Kemény;2-6 6-3 6-0;Kristina Mladenovic;184;FRA;21,1854893908;Donna Vekic;;CRO;18,0616016427
Baku;2014-07-21;Kemény;6-2 7-6(2);Francesca Schiavone;166;ITA;34,0752908966;Julia Glushko;;ISR;24,5503080082
Baku;2014-07-21;Kemény;7-6(2) 6-4;Pauline Parmentier;175;FRA;28,4681724846;Jana Cepelova;168;SVK;21,144421629
Baku;2014-07-21;Kemény;7-5 6-2;Elina Svitolina;174;UKR;19,8548939083;Silvia Soler Espinosa;;ESP;26,6694045175
Baku;2014-07-21;Kemény;6-2 2-6 6-4;Stefanie Voegele;170;SUI;24,3641341547;Shahar Peer;170;ISR;27,2224503765
Baku;2014-07-21;Kemény;4-6 7-5 6-3;Bojana Jovanovski;175;SRB;22,5544147844;Misa Eguchi;;JPN;22,2559890486
Baku;2014-07-21;Kemény;6-3 4-6 6-0;Francesca Schiavone;166;ITA;34,0752908966;Kristina Mladenovic;184;FRA;21,1854893908
Baku;2014-07-21;Kemény;6-4 6-4;Elina Svitolina;174;UKR;19,8548939083;Pauline Parmentier;175;FRA;28,4681724846
Baku;2014-07-21;Kemény;6-2 2-6 6-4;Bojana Jovanovski;175;SRB;22,5544147844;Stefanie Voegele;170;SUI;24,3641341547
Baku;2014-07-21;Kemény;3-6 6-1 6-4;Elina Svitolina;174;UKR;19,8548939083;Francesca Schiavone;166;ITA;34,0752908966
Baku;2014-07-21;Kemény;6-1 7-6(2);Elina Svitolina;174;UKR;19,8548939083;Bojana Jovanovski;175;SRB;22,5544147844
Stanford;2014-07-28;Kemény;6-1 6-3;Karolina Pliskova;184;CZE;22,3518138261;Kimiko Date Krumm;163;JPN;43,8302532512
Stanford;2014-07-28;Kemény;7-6(2) 6-1;Ana Ivanovic;183;SRB;26,7241615332;Sabine Lisicki;178;GER;24,8459958932
Stanford;2014-07-28;Kemény;6-3 6-2;Venus Williams;185;USA;34,1108829569;Paula Kania;;POL;21,7221081451
Stanford;2014-07-28;Kemény;4-6 7-6(7) 7-5;Naomi Osaka;;JPN;16,7802874743;Samantha Stosur;172;AUS;30,3271731691
Stanford;2014-07-28;Kemény;6-1 6-4;Andrea Petkovic;180;GER;26,8829568789;Ajla Tomljanovic;;CRO;21,2238193018
Stanford;2014-07-28;Kemény;6-2 4-6 6-2;Garbine Muguruza;182;ESP;20,8021902806;Dominika Cibulkova;161;SVK;25,2265571526
Stanford;2014-07-28;Kemény;6-3 6-4;Daniela Hantuchova;181;SVK;31,2635181383;Paula Ormaechea;;ARG;21,8288843258
Stanford;2014-07-28;Kemény;6-2 7-5;Coco Vandeweghe;185;USA;22,6420260096;Kristie Ahn;;USA;22,1163586585
Stanford;2014-07-28;Kemény;6-3 7-5;Monica Puig;;PUR;20,8323066393;Carla Suarez Navarro;162;ESP;25,8973305955
Stanford;2014-07-28;Kemény;6-1 6-2;Sachia Vickery;;USA;19,2142368241;Shuai Zhang;;CHN;25,5140314853
Stanford;2014-07-28;Kemény;6-4 6-3;Varvara Lepchenko;180;USA;28,1861738535;Caroline Garcia;;FRA;20,7802874743
Stanford;2014-07-28;Kemény;7-5 6-2;Serena Williams;175;USA;32,8350444901;Karolina Pliskova;184;CZE;22,3518138261
Stanford;2014-07-28;Kemény;6-1 6-1;Ana Ivanovic;183;SRB;26,7241615332;Carol Zhao;;CAN;19,1047227926
Stanford;2014-07-28;Kemény;6-4 7-6(1);Venus Williams;185;USA;34,1108829569;Victoria Azarenka;180;BLR;24,9911019849
Stanford;2014-07-28;Kemény;6-2 6-2;Andrea Petkovic;180;GER;26,8829568789;Naomi Osaka;;JPN;16,7802874743
Stanford;2014-07-28;Kemény;6-4 6-4;Garbine Muguruza;182;ESP;20,8021902806;Daniela Hantuchova;181;SVK;31,2635181383
Stanford;2014-07-28;Kemény;7-6(4) 0-6 6-2;Angelique Kerber;173;GER;26,5242984257;Coco Vandeweghe;185;USA;22,6420260096
Stanford;2014-07-28;Kemény;6-7(4) 6-2 6-1;Sachia Vickery;;USA;19,2142368241;Monica Puig;;PUR;20,8323066393
Stanford;2014-07-28;Kemény;6-3 3-6 6-4;Varvara Lepchenko;180;USA;28,1861738535;Agnieszka Radwanska;170;POL;25,3935660507
Stanford;2014-07-28;Kemény;2-6 6-3 7-5;Serena Williams;175;USA;32,8350444901;Ana Ivanovic;183;SRB;26,7241615332
Stanford;2014-07-28;Kemény;6-1 3-6 7-5;Andrea Petkovic;180;GER;26,8829568789;Venus Williams;185;USA;34,1108829569
Stanford;2014-07-28;Kemény;6-2 6-1;Angelique Kerber;173;GER;26,5242984257;Garbine Muguruza;182;ESP;20,8021902806
Stanford;2014-07-28;Kemény;6-1 6-0;Varvara Lepchenko;180;USA;28,1861738535;Sachia Vickery;;USA;19,2142368241
Stanford;2014-07-28;Kemény;7-5 6-0;Serena Williams;175;USA;32,8350444901;Andrea Petkovic;180;GER;26,8829568789
Stanford;2014-07-28;Kemény;4-6 7-6(4) 6-2;Angelique Kerber;173;GER;26,5242984257;Varvara Lepchenko;180;USA;28,1861738535
Stanford;2014-07-28;Kemény;7-6(1) 6-3;Serena Williams;175;USA;32,8350444901;Angelique Kerber;173;GER;26,5242984257
Washington;2014-07-28;Kemény;2-6 6-3 6-3;Kristina Mladenovic;184;FRA;21,2046543463;Lucie Safarova;177;CZE;27,4770704997
Washington;2014-07-28;Kemény;3-6 6-2 6-3;Taylor Townsend;;USA;18,2806297057;Julia Goerges;180;GER;25,7330595483
Washington;2014-07-28;Kemény;6-4 6-0;Zarina Diyas;;KAZ;20,7748117728;Tornado Alicia Black;;USA;16,2108145106
Washington;2014-07-28;Kemény;7-5 6-3;Kurumi Nara;;JPN;22,5763175907;Madison Keys;178;USA;19,4414784394
Washington;2014-07-28;Kemény;7-5 4-6 6-4;Shelby Rogers;;USA;21,787816564;Alize Cornet;173;FRA;24,5119780972
Washington;2014-07-28;Kemény;4-6 6-2 6-4;Marina Erakovic;174;NZL;26,392881588;Kristyna Pliskova;;CZE;22,3518138261
Washington;2014-07-28;Kemény;6-7(5) 7-5 7-5;Bojana Jovanovski;175;SRB;22,5735797399;Olivia Rogowska;;AUS;23,1403148528
Washington;2014-07-28;Kemény;6-4 4-6 6-3;Sorana Cirstea;176;ROU;24,3066392882;Kiki Bertens;182;NED;22,6310746064
Washington;2014-07-28;Kemény;6-3 6-2;Svetlana Kuznetsova;174;RUS;29,0841889117;Polona Hercog;182;SLO;23,5181382615
Washington;2014-07-28;Kemény;6-3 1-6 7-6(3);Kirsten Flipkens;165;BEL;28,5448323066;Heather Watson;170;GBR;22,1902806297
Washington;2014-07-28;Kemény;6-2 6-0;Vania King;165;USA;25,401779603;Francoise Abanda;;CAN;17,4729637235
Washington;2014-07-28;Kemény;6-4 4-6 6-0;Christina Mchale;170;USA;22,212183436;Sloane Stephens;170;USA;21,3552361396
Washington;2014-07-28;Kemény;6-2 6-2;Anastasia Pavlyuchenkova;177;RUS;23,0691307324;Virginie Razzano;173;FRA;31,2114989733
Washington;2014-07-28;Kemény;6-0 7-5;Hiroko Kuwata;;JPN;23,6084873374;Alison Riske;;USA;24,0684462697
Washington;2014-07-28;Kemény;1-6 6-4 6-2;Lauren Davis;157;USA;20,7994524298;Shuai Peng;173;CHN;28,5503080082
Washington;2014-07-28;Kemény;6-1 6-1;Ekaterina Makarova;178;RUS;26,1382614648;Magdalena Rybarikova;180;SVK;25,8124572211
Washington;2014-07-28;Kemény;6-3 6-4;Kristina Mladenovic;184;FRA;21,2046543463;Taylor Townsend;;USA;18,2806297057
Washington;2014-07-28;Kemény;6-2 6-2;Marina Erakovic;174;NZL;26,392881588;Shelby Rogers;;USA;21,787816564
Washington;2014-07-28;Kemény;4-6 7-5 6-3;Bojana Jovanovski;175;SRB;22,5735797399;Sorana Cirstea;176;ROU;24,3066392882
Washington;2014-07-28;Kemény;6-4 7-5;Svetlana Kuznetsova;174;RUS;29,0841889117;Kirsten Flipkens;165;BEL;28,5448323066
Washington;2014-07-28;Kemény;6-1 6-3;Vania King;165;USA;25,401779603;Christina Mchale;170;USA;22,212183436
Washington;2014-07-28;Kemény;6-3 6-3;Anastasia Pavlyuchenkova;177;RUS;23,0691307324;Hiroko Kuwata;;JPN;23,6084873374
Washington;2014-07-28;Kemény;6-2 6-4;Ekaterina Makarova;178;RUS;26,1382614648;Lauren Davis;157;USA;20,7994524298
Washington;2014-07-28;Kemény;6-3 6-1;Kurumi Nara;;JPN;22,5763175907;Kristina Mladenovic;184;FRA;21,2046543463
Washington;2014-07-28;Kemény;6-4 6-4;Marina Erakovic;174;NZL;26,392881588;Bojana Jovanovski;175;SRB;22,5735797399
Washington;2014-07-28;Kemény;7-6(3) 6-3;Ekaterina Makarova;178;RUS;26,1382614648;Anastasia Pavlyuchenkova;177;RUS;23,0691307324
Washington;2014-07-28;Kemény;0-6 6-4 6-4;Kurumi Nara;;JPN;22,5763175907;Marina Erakovic;174;NZL;26,392881588
Washington;2014-07-28;Kemény;6-3 6-2;Svetlana Kuznetsova;174;RUS;29,0841889117;Ekaterina Makarova;178;RUS;26,1382614648
Washington;2014-07-28;Kemény;6-3 4-6 6-4;Svetlana Kuznetsova;174;RUS;29,0841889117;Kurumi Nara;;JPN;22,5763175907
Canadian Open;2014-08-04;Kemény;6-2 6-2;Samantha Stosur;172;AUS;30,3463381246;Monica Puig;;PUR;20,8514715948
Canadian Open;2014-08-04;Kemény;6-1 6-3;Magdalena Rybarikova;180;SVK;25,8316221766;Alison Riske;;USA;24,0876112252
Canadian Open;2014-08-04;Kemény;6-4 6-2;Lucie Safarova;177;CZE;27,4962354552;Sorana Cirstea;176;ROU;24,3258042437
Canadian Open;2014-08-04;Kemény;6-1 6-1;Caroline Wozniacki;177;DEN;24,0657084189;Daniela Hantuchova;181;SVK;31,2826830938
Canadian Open;2014-08-04;Kemény;7-5 7-6(5);Klara Koukalova;166;CZE;32,4407939767;Kiki Bertens;182;NED;22,6502395619
Canadian Open;2014-08-04;Kemény;6-4 7-6(5);Shelby Rogers;;USA;21,8069815195;Ajla Tomljanovic;;CRO;21,2429842574
Canadian Open;2014-08-04;Kemény;6-1 6-7(4) 6-2;Garbine Muguruza;182;ESP;20,8213552361;Stephanie Dubois;;CAN;27,7590691307
Canadian Open;2014-08-04;Kemény;6-2 6-1;Karolina Pliskova;184;CZE;22,3709787817;Yanina Wickmayer;182;BEL;24,7885010267
Canadian Open;2014-08-04;Kemény;6-4 6-3;Carla Suarez Navarro;162;ESP;25,916495551;Bojana Jovanovski;175;SRB;22,5927446954
Canadian Open;2014-08-04;Kemény;7-6(5) 6-3;Yulia Putintseva;;KAZ;19,5728952772;Flavia Pennetta;172;ITA;32,4380561259
Canadian Open;2014-08-04;Kemény;6-1 3-6 6-2;Venus Williams;185;USA;34,1300479124;Anastasia Pavlyuchenkova;177;RUS;23,0882956879
Canadian Open;2014-08-04;Kemény;6-2 6-7(5) 6-1;Caroline Garcia;;FRA;20,7994524298;Karin Knapp;180;ITA;27,1019849418
Canadian Open;2014-08-04;Kemény;6-3 7-5;Alize Cornet;173;FRA;24,5311430527;Lauren Davis;157;USA;20,8186173854
Canadian Open;2014-08-04;Kemény;6-4 5-7 6-4;Heather Watson;170;GBR;22,2094455852;Tereza Smitkova;;CZE;19,8165639973
Canadian Open;2014-08-04;Kemény;6-1 3-6 6-0;Dominika Cibulkova;161;SVK;25,2457221081;Francoise Abanda;;CAN;17,492128679
Canadian Open;2014-08-04;Kemény;6-1 7-5;Sabine Lisicki;178;GER;24,8651608487;Sara Errani;164;ITA;27,266255989
Canadian Open;2014-08-04;Kemény;7-5 7-5;Barbora Zahlavova Strycova;164;CZE;28,3531827515;Roberta Vinci;163;ITA;31,4579055441
Canadian Open;2014-08-04;Kemény;6-3 6-0;Sloane Stephens;170;USA;21,3744010951;Aleksandra Wozniak;175;CAN;26,9075975359
Canadian Open;2014-08-04;Kemény;6-2 6-4;Coco Vandeweghe;185;USA;22,6611909651;Shuai Zhang;;CHN;25,5331964408
Canadian Open;2014-08-04;Kemény;6-1 6-2;Ana Ivanovic;183;SRB;26,7433264887;Timea Bacsinszky;;SUI;25,1553730322
Canadian Open;2014-08-04;Kemény;6-4 6-0;Ekaterina Makarova;178;RUS;26,1574264203;Romina Oprandi;;SUI;28,3504449008
Canadian Open;2014-08-04;Kemény;6-0 4-6 6-2;Casey Dellacqua;;AUS;29,4757015743;Kirsten Flipkens;165;BEL;28,5639972621
Canadian Open;2014-08-04;Kemény;6-0 6-2;Serena Williams;175;USA;32,8542094456;Samantha Stosur;172;AUS;30,3463381246
Canadian Open;2014-08-04;Kemény;6-4 6-2;Lucie Safarova;177;CZE;27,4962354552;Magdalena Rybarikova;180;SVK;25,8316221766
Canadian Open;2014-08-04;Kemény;6-1 6-2;Caroline Wozniacki;177;DEN;24,0657084189;Klara Koukalova;166;CZE;32,4407939767
Canadian Open;2014-08-04;Kemény;6-0 2-6 6-0;Shelby Rogers;;USA;21,8069815195;Eugenie BoucKemény;;CAN;20,4380561259
Canadian Open;2014-08-04;Kemény;4-6 6-3 6-1;Maria Sharapova;;RUS;27,2936344969;Garbine Muguruza;182;ESP;20,8213552361
Canadian Open;2014-08-04;Kemény;6-1 3-6 6-3;Carla Suarez Navarro;162;ESP;25,916495551;Karolina Pliskova;184;CZE;22,3709787817
Canadian Open;2014-08-04;Kemény;6-3 6-2;Venus Williams;185;USA;34,1300479124;Yulia Putintseva;;KAZ;19,5728952772
Canadian Open;2014-08-04;Kemény;6-4 6-1;Angelique Kerber;173;GER;26,5434633812;Caroline Garcia;;FRA;20,7994524298
Canadian Open;2014-08-04;Kemény;6-4 2-6 6-4;Victoria Azarenka;180;BLR;25,0102669405;Alize Cornet;173;FRA;24,5311430527
Canadian Open;2014-08-04;Kemény;6-2 6-7(3) 7-6(5);Heather Watson;170;GBR;22,2094455852;Dominika Cibulkova;161;SVK;25,2457221081
Canadian Open;2014-08-04;Kemény;4-6 6-1 6-4;Sabine Lisicki;178;GER;24,8651608487;Madison Keys;178;USA;19,4606433949
Canadian Open;2014-08-04;Kemény;6-4 6-4;Agnieszka Radwanska;170;POL;25,4127310062;Barbora Zahlavova Strycova;164;CZE;28,3531827515
Canadian Open;2014-08-04;Kemény;6-7(7) 6-4 7-6(4);Jelena Jankovic;177;SRB;29,4291581109;Sloane Stephens;170;USA;21,3744010951
Canadian Open;2014-08-04;Kemény;6-7(7) 7-6(7) 6-4;Coco Vandeweghe;185;USA;22,6611909651;Ana Ivanovic;183;SRB;26,7433264887
Canadian Open;2014-08-04;Kemény;6-3 6-2;Ekaterina Makarova;178;RUS;26,1574264203;Elena Vesnina;176;RUS;28,0082135524
Canadian Open;2014-08-04;Kemény;6-3 6-2;Petra Kvitova;183;CZE;24,4079397673;Casey Dellacqua;;AUS;29,4757015743
Canadian Open;2014-08-04;Kemény;7-5 6-4;Serena Williams;175;USA;32,8542094456;Lucie Safarova;177;CZE;27,4962354552
Canadian Open;2014-08-04;Kemény;6-1 6-0;Caroline Wozniacki;177;DEN;24,0657084189;Shelby Rogers;;USA;21,8069815195
Canadian Open;2014-08-04;Kemény;6-2 4-6 6-2;Carla Suarez Navarro;162;ESP;25,916495551;Maria Sharapova;;RUS;27,2936344969
Canadian Open;2014-08-04;Kemény;6-3 3-6 6-4;Venus Williams;185;USA;34,1300479124;Angelique Kerber;173;GER;26,5434633812
Canadian Open;2014-08-04;Kemény;6-2 6-4;Victoria Azarenka;180;BLR;25,0102669405;Heather Watson;170;GBR;22,2094455852
Canadian Open;2014-08-04;Kemény;6-1 3-6 6-3;Agnieszka Radwanska;170;POL;25,4127310062;Sabine Lisicki;178;GER;24,8651608487
Canadian Open;2014-08-04;Kemény;7-6(8) 2-6 7-5;Coco Vandeweghe;185;USA;22,6611909651;Jelena Jankovic;177;SRB;29,4291581109
Canadian Open;2014-08-04;Kemény;6-4 1-6 6-2;Ekaterina Makarova;178;RUS;26,1574264203;Petra Kvitova;183;CZE;24,4079397673
Canadian Open;2014-08-04;Kemény;4-6 7-5 7-5;Serena Williams;175;USA;32,8542094456;Caroline Wozniacki;177;DEN;24,0657084189
Canadian Open;2014-08-04;Kemény;4-6 6-2 6-3;Venus Williams;185;USA;34,1300479124;Carla Suarez Navarro;162;ESP;25,916495551
Canadian Open;2014-08-04;Kemény;6-2 6-2;Agnieszka Radwanska;170;POL;25,4127310062;Victoria Azarenka;180;BLR;25,0102669405
Canadian Open;2014-08-04;Kemény;6-1 4-6 6-1;Ekaterina Makarova;178;RUS;26,1574264203;Coco Vandeweghe;185;USA;22,6611909651
Canadian Open;2014-08-04;Kemény;6-7(2) 6-2 6-3;Venus Williams;185;USA;34,1300479124;Serena Williams;175;USA;32,8542094456
Canadian Open;2014-08-04;Kemény;7-6(1) 7-6(3);Agnieszka Radwanska;170;POL;25,4127310062;Ekaterina Makarova;178;RUS;26,1574264203
Canadian Open;2014-08-04;Kemény;6-4 6-2;Agnieszka Radwanska;170;POL;25,4127310062;Venus Williams;185;USA;34,1300479124
Cincinnati;2014-08-11;Kemény;6-2 7-5;Samantha Stosur;172;AUS;30,3655030801;Varvara Lepchenko;180;USA;28,2245037645
Cincinnati;2014-08-11;Kemény;6-3 4-6 7-5;Taylor Townsend;;USA;18,3189596167;Klara Koukalova;166;CZE;32,4599589322
Cincinnati;2014-08-11;Kemény;6-3 6-7(3) 6-2;Flavia Pennetta;172;ITA;32,4572210815;Chanelle Scheepers;;RSA;30,4120465435
Cincinnati;2014-08-11;Kemény;6-2 6-3;Caroline Wozniacki;177;DEN;24,0848733744;Magdalena Rybarikova;180;SVK;25,8507871321
Cincinnati;2014-08-11;Kemény;6-3 2-6 7-5;Shuai Zhang;;CHN;25,5523613963;Heather Watson;170;GBR;22,2286105407
Cincinnati;2014-08-11;Kemény;6-1 7-5;Ana Ivanovic;183;SRB;26,7624914442;Sorana Cirstea;176;ROU;24,3449691992
Cincinnati;2014-08-11;Kemény;7-6(4) 6-2;Pauline Parmentier;175;FRA;28,5256673511;Casey Dellacqua;;AUS;29,4948665298
Cincinnati;2014-08-11;Kemény;6-3 6-2;Elina Svitolina;174;UKR;19,9123887748;Lauren Davis;157;USA;20,8377823409
Cincinnati;2014-08-11;Kemény;6-2 6-4;Madison Keys;178;USA;19,4798083504;Alize Cornet;173;FRA;24,5503080082
Cincinnati;2014-08-11;Kemény;6-2 7-6(1);Karin Knapp;180;ITA;27,1211498973;Belinda Bencic;;SUI;17,4209445585
Cincinnati;2014-08-11;Kemény;6-3 6-3;Anastasia Pavlyuchenkova;177;RUS;23,1074606434;Dominika Cibulkova;161;SVK;25,2648870637
Cincinnati;2014-08-11;Kemény;6-3 6-2;Kirsten Flipkens;165;BEL;28,5831622177;Polona Hercog;182;SLO;23,5564681725
Cincinnati;2014-08-11;Kemény;7-6(7) 7-6(7);Serena Williams;175;USA;32,8733744011;Samantha Stosur;172;AUS;30,3655030801
Cincinnati;2014-08-11;Kemény;6-4 6-3;Flavia Pennetta;172;ITA;32,4572210815;Taylor Townsend;;USA;18,3189596167
Cincinnati;2014-08-11;Kemény;7-5 6-1;Sloane Stephens;170;USA;21,3935660507;Barbora Zahlavova Strycova;164;CZE;28,372347707
Cincinnati;2014-08-11;Kemény;6-1 7-6(0);Jelena Jankovic;177;SRB;29,4483230664;Annika Beck;170;GER;20,4818617385
Cincinnati;2014-08-11;Kemény;6-2 6-2;Agnieszka Radwanska;170;POL;25,4318959617;Kurumi Nara;;JPN;22,6146475017
Cincinnati;2014-08-11;Kemény;6-4 2-6 7-6(2);Sabine Lisicki;178;GER;24,8843258042;Sara Errani;164;ITA;27,2854209446
Cincinnati;2014-08-11;Kemény;6-4 6-1;Angelique Kerber;173;GER;26,5626283368;Ekaterina Makarova;178;RUS;26,1765913758
Cincinnati;2014-08-11;Kemény;6-4 3-6 6-2;Svetlana Kuznetsova;174;RUS;29,1225188227;Eugenie BoucKemény;;CAN;20,4572210815
Cincinnati;2014-08-11;Kemény;6-4 6-0;Ana Ivanovic;183;SRB;26,7624914442;Christina Mchale;170;USA;22,250513347
Cincinnati;2014-08-11;Kemény;6-3 7-5;Carla Suarez Navarro;162;ESP;25,9356605065;Pauline Parmentier;175;FRA;28,5256673511
Cincinnati;2014-08-11;Kemény;6-2 7-6(2);Elina Svitolina;174;UKR;19,9123887748;Petra Kvitova;183;CZE;24,4271047228
Cincinnati;2014-08-11;Kemény;6-1 6-3;Anastasia Pavlyuchenkova;177;RUS;23,1074606434;Karin Knapp;180;ITA;27,1211498973
Cincinnati;2014-08-11;Kemény;6-4 6-2;Lucie Safarova;177;CZE;27,5154004107;Zarina Diyas;;KAZ;20,8131416838
Cincinnati;2014-08-11;Kemény;6-4 6-2;Simona Halep;168;ROU;22,8720054757;Kirsten Flipkens;165;BEL;28,5831622177
Cincinnati;2014-08-11;Kemény;6-2 6-2;Serena Williams;175;USA;32,8733744011;Flavia Pennetta;172;ITA;32,4572210815
Cincinnati;2014-08-11;Kemény;7-6(4) 6-4;Jelena Jankovic;177;SRB;29,4483230664;Sloane Stephens;170;USA;21,3935660507
Cincinnati;2014-08-11;Kemény;6-1 6-1;Agnieszka Radwanska;170;POL;25,4318959617;Sabine Lisicki;178;GER;24,8843258042
Cincinnati;2014-08-11;Kemény;7-5 6-2;Caroline Wozniacki;177;DEN;24,0848733744;Angelique Kerber;173;GER;26,5626283368
Cincinnati;2014-08-11;Kemény;6-2 2-6 6-3;Ana Ivanovic;183;SRB;26,7624914442;Svetlana Kuznetsova;174;RUS;29,1225188227
Cincinnati;2014-08-11;Kemény;4-6 6-4 6-4;Elina Svitolina;174;UKR;19,9123887748;Carla Suarez Navarro;162;ESP;25,9356605065
Cincinnati;2014-08-11;Kemény;6-4 7-6(2);Maria Sharapova;;RUS;27,3127994524;Anastasia Pavlyuchenkova;177;RUS;23,1074606434
Cincinnati;2014-08-11;Kemény;6-4 7-5;Simona Halep;168;ROU;22,8720054757;Lucie Safarova;177;CZE;27,5154004107
Cincinnati;2014-08-11;Kemény;6-1 6-3;Serena Williams;175;USA;32,8733744011;Jelena Jankovic;177;SRB;29,4483230664
Cincinnati;2014-08-11;Kemény;6-4 7-6(5);Caroline Wozniacki;177;DEN;24,0848733744;Agnieszka Radwanska;170;POL;25,4318959617
Cincinnati;2014-08-11;Kemény;6-2 6-3;Ana Ivanovic;183;SRB;26,7624914442;Elina Svitolina;174;UKR;19,9123887748
Cincinnati;2014-08-11;Kemény;3-6 6-4 6-4;Maria Sharapova;;RUS;27,3127994524;Simona Halep;168;ROU;22,8720054757
Cincinnati;2014-08-11;Kemény;2-6 6-2 6-4;Serena Williams;175;USA;32,8733744011;Caroline Wozniacki;177;DEN;24,0848733744
Cincinnati;2014-08-11;Kemény;6-2 5-7 7-5;Ana Ivanovic;183;SRB;26,7624914442;Maria Sharapova;;RUS;27,3127994524
Cincinnati;2014-08-11;Kemény;6-4 6-1;Serena Williams;175;USA;32,8733744011;Ana Ivanovic;183;SRB;26,7624914442
New Haven;2014-08-18;Kemény;6-4 6-3;Magdalena Rybarikova;180;SVK;25,8699520876;Silvia Soler Espinosa;;ESP;26,7460643395
New Haven;2014-08-18;Kemény;6-1 6-4;Alison Riske;;USA;24,1259411362;Casey Dellacqua;;AUS;29,5140314853
New Haven;2014-08-18;Kemény;6-1 6-3;Flavia Pennetta;172;ITA;32,476386037;Klara Koukalova;166;CZE;32,4791238877
New Haven;2014-08-18;Kemény;4-6 6-1 6-2;Caroline Wozniacki;177;DEN;24,1040383299;Timea Bacsinszky;;SUI;25,1937029432
New Haven;2014-08-18;Kemény;6-3 6-1;Camila Giorgi;168;ITA;22,6338124572;Coco Vandeweghe;185;USA;22,6995208761
New Haven;2014-08-18;Kemény;6-4 6-3;Shuai Peng;173;CHN;28,6078028747;Elina Svitolina;174;UKR;19,9315537303
New Haven;2014-08-18;Kemény;6-2 3-6 6-1;Garbine Muguruza;182;ESP;20,8596851472;Sara Errani;164;ITA;27,3045859001
New Haven;2014-08-18;Kemény;7-6(2) 6-3;Andrea Petkovic;180;GER;26,9404517454;Dominika Cibulkova;161;SVK;25,2840520192
New Haven;2014-08-18;Kemény;6-3 4-6 6-2;Kirsten Flipkens;165;BEL;28,6023271732;Misaki Doi;159;JPN;23,3045859001
New Haven;2014-08-18;Kemény;7-6(5) 6-7(10) 6-2;Samantha Stosur;172;AUS;30,3846680356;Kurumi Nara;;JPN;22,6338124572
New Haven;2014-08-18;Kemény;6-1 6-1;Eugenie BoucKemény;;CAN;20,476386037;Bojana Jovanovski;175;SRB;22,6310746064
New Haven;2014-08-18;Kemény;7-6(4) 7-6(4);Caroline Garcia;;FRA;20,8377823409;Irina Camelia Begu;181;ROU;23,9780971937
New Haven;2014-08-18;Kemény;6-4 5-7 6-3;Barbora Zahlavova Strycova;164;CZE;28,3915126626;Belinda Bencic;;SUI;17,440109514
New Haven;2014-08-18;Kemény;6-3 6-3;Ekaterina Makarova;178;RUS;26,1957563313;Roberta Vinci;163;ITA;31,4962354552
New Haven;2014-08-18;Kemény;6-2 4-6 6-3;Magdalena Rybarikova;180;SVK;25,8699520876;Simona Halep;168;ROU;22,8911704312
New Haven;2014-08-18;Kemény;6-1 7-6(3);Alison Riske;;USA;24,1259411362;Flavia Pennetta;172;ITA;32,476386037
New Haven;2014-08-18;Kemény;6-4 6-2;Camila Giorgi;168;ITA;22,6338124572;Caroline Wozniacki;177;DEN;24,1040383299
New Haven;2014-08-18;Kemény;6-2 3-6 6-3;Garbine Muguruza;182;ESP;20,8596851472;Shuai Peng;173;CHN;28,6078028747
New Haven;2014-08-18;Kemény;4-6 7-6(4) 7-6(6);Kirsten Flipkens;165;BEL;28,6023271732;Andrea Petkovic;180;GER;26,9404517454
New Haven;2014-08-18;Kemény;6-2 6-2;Samantha Stosur;172;AUS;30,3846680356;Eugenie BoucKemény;;CAN;20,476386037
New Haven;2014-08-18;Kemény;7-5 6-2;Barbora Zahlavova Strycova;164;CZE;28,3915126626;Caroline Garcia;;FRA;20,8377823409
New Haven;2014-08-18;Kemény;6-2 6-1;Petra Kvitova;183;CZE;24,4462696783;Ekaterina Makarova;178;RUS;26,1957563313
New Haven;2014-08-18;Kemény;7-5 0-6 6-4;Magdalena Rybarikova;180;SVK;25,8699520876;Alison Riske;;USA;24,1259411362
New Haven;2014-08-18;Kemény;6-4 6-7(4) 6-2;Camila Giorgi;168;ITA;22,6338124572;Garbine Muguruza;182;ESP;20,8596851472
New Haven;2014-08-18;Kemény;6-3 4-6 6-3;Samantha Stosur;172;AUS;30,3846680356;Kirsten Flipkens;165;BEL;28,6023271732
New Haven;2014-08-18;Kemény;6-4 6-1;Petra Kvitova;183;CZE;24,4462696783;Barbora Zahlavova Strycova;164;CZE;28,3915126626
New Haven;2014-08-18;Kemény;6-2 6-4;Magdalena Rybarikova;180;SVK;25,8699520876;Camila Giorgi;168;ITA;22,6338124572
New Haven;2014-08-18;Kemény;6-3 6-1;Petra Kvitova;183;CZE;24,4462696783;Samantha Stosur;172;AUS;30,3846680356
New Haven;2014-08-18;Kemény;6-4 6-2;Petra Kvitova;183;CZE;24,4462696783;Magdalena Rybarikova;180;SVK;25,8699520876
US Open;2014-08-25;Kemény;6-3 6-1;Serena Williams;175;USA;32,9117043121;Taylor Townsend;;USA;18,3572895277
US Open;2014-08-25;Kemény;6-3 3-6 6-3;Vania King;165;USA;25,4784394251;Francesca Schiavone;166;ITA;34,1711156742
US Open;2014-08-25;Kemény;7-5 6-2;Varvara Lepchenko;180;USA;28,2628336756;Alison Van Uytvanck;;BEL;20,4161533196
US Open;2014-08-25;Kemény;6-1 6-2;Mona Barthel;185;GER;24,1232032854;Shuai Zhang;;CHN;25,5906913073
US Open;2014-08-25;Kemény;6-1 6-4;Samantha Stosur;172;AUS;30,4038329911;Lauren Davis;157;USA;20,8761122519
US Open;2014-08-25;Kemény;7-6(3) 3-6 6-1;Kaia Kanepi;181;EST;29,2073921971;Pauline Parmentier;175;FRA;28,5639972621
US Open;2014-08-25;Kemény;2-6 6-3 6-1;Coco Vandeweghe;185;USA;22,7186858316;Donna Vekic;;CRO;18,1574264203
US Open;2014-08-25;Kemény;3-6 6-2 6-1;Carla Suarez Navarro;162;ESP;25,9739904175;Ajla Tomljanovic;;CRO;21,3004791239
US Open;2014-08-25;Kemény;6-3 4-6 6-1;Flavia Pennetta;172;ITA;32,4955509925;Julia Goerges;180;GER;25,8097193703
US Open;2014-08-25;Kemény;6-4 6-3;Shelby Rogers;;USA;21,864476386;Maryna Zanevska;;UKR;21,0020533881
US Open;2014-08-25;Kemény;6-2 2-6 6-3;Nicole Gibbs;;USA;21,4784394251;Caroline Garcia;;FRA;20,8569472964
US Open;2014-08-25;Kemény;6-2 6-0;Qiang Wang;;CHN;22,6119096509;Paula Kania;;POL;21,7987679671
US Open;2014-08-25;Kemény;6-2 6-2;Karolina Pliskova;184;CZE;22,4284736482;Yvonne Meusburger;;AUT;30,893908282
US Open;2014-08-25;Kemény;6-3 6-0;Ana Ivanovic;183;SRB;26,8008213552;Alison Riske;;USA;24,1451060917
US Open;2014-08-25;Kemény;6-1 6-0;Petra Kvitova;183;CZE;24,4654346338;Kristina Mladenovic;184;FRA;21,2813141684
US Open;2014-08-25;Kemény;6-1 2-6 6-3;Petra Cetkovska;172;CZE;29,5414099932;Klara Koukalova;166;CZE;32,4982888433
US Open;2014-08-25;Kemény;6-4 6-1;Aleksandra Krunic;;SRB;21,4455852156;Katarzyna Piter;;POL;23,5208761123
US Open;2014-08-25;Kemény;6-0 6-3;Madison Keys;178;USA;19,5181382615;Jarmila Gajdosova;174;AUS;27,3319644079
US Open;2014-08-25;Kemény;3-6 6-2 7-6(3);Marina Erakovic;174;NZL;26,46954141;Svetlana Kuznetsova;174;RUS;29,1608487337
US Open;2014-08-25;Kemény;6-0 7-5;Elena Vesnina;176;RUS;28,0657084189;Yung Jan Chan;170;TPE;25,0212183436
US Open;2014-08-25;Kemény;6-2 1-6 7-6(5);Christina Mchale;170;USA;22,288843258;Chanelle Scheepers;;RSA;30,4503764545
US Open;2014-08-25;Kemény;6-7(3) 6-4 6-1;Victoria Azarenka;180;BLR;25,067761807;Misaki Doi;159;JPN;23,3237508556
US Open;2014-08-25;Kemény;6-1 6-2;Zarina Diyas;;KAZ;20,8514715948;Lesia Tsurenko;174;UKR;25,2375085558
US Open;2014-08-25;Kemény;6-2 7-6(4);Polona Hercog;182;SLO;23,5947980835;Elina Svitolina;174;UKR;19,9507186858
US Open;2014-08-25;Kemény;6-4 6-2;Ekaterina Makarova;178;RUS;26,2149212868;Grace Min;;USA;20,3039014374
US Open;2014-08-25;Kemény;6-7(5) 6-1 7-5;Monica Niculescu;168;ROU;26,9158110883;Yaroslava Shvedova;180;KAZ;26,9514031485
US Open;2014-08-25;Kemény;6-1 6-1;Sorana Cirstea;176;ROU;24,3832991102;Heather Watson;170;GBR;22,2669404517
US Open;2014-08-25;Kemény;6-2 6-1;Eugenie BoucKemény;;CAN;20,4955509925;Olga Govortsova;182;BLR;26,0041067762
US Open;2014-08-25;Kemény;6-2 3-6 7-5;Angelique Kerber;173;GER;26,6009582478;Ksenia Pervak;170;KAZ;23,2470910335
US Open;2014-08-25;Kemény;2-6 6-2 6-4;Alla Kudryavtseva;;RUS;26,8090349076;Ying Ying Duan;;CHN;25,2265571526
US Open;2014-08-25;Kemény;6-3 6-2;Belinda Bencic;;SUI;17,4592744695;Yanina Wickmayer;182;BEL;24,8459958932
US Open;2014-08-25;Kemény;6-0 6-3;Sloane Stephens;170;USA;21,4318959617;Annika Beck;170;GER;20,5201916496
US Open;2014-08-25;Kemény;6-4 6-3;Tsvetana Pironkova;180;BUL;26,9486652977;Karin Knapp;180;ITA;27,1594798084
US Open;2014-08-25;Kemény;6-2 6-3;Jelena Jankovic;177;SRB;29,4866529774;Bojana Jovanovski;175;SRB;22,6502395619
US Open;2014-08-25;Kemény;6-4 7-5;Lucie Safarova;177;CZE;27,5537303217;Timea Babos;179;HUN;21,2922655715
US Open;2014-08-25;Kemény;1-6 6-2 6-2;Saisai Zheng;;CHN;20,5503080082;Stefanie Voegele;170;SUI;24,4599589322
US Open;2014-08-25;Kemény;4-6 6-2 6-3;Daniela Hantuchova;181;SVK;31,3401779603;Romina Oprandi;;SUI;28,4079397673
US Open;2014-08-25;Kemény;6-1 6-2;Alize Cornet;173;FRA;24,5886379192;Amandine Hesse;;FRA;21,6043805613
US Open;2014-08-25;Kemény;6-3 6-3;Roberta Vinci;163;ITA;31,5154004107;Paula Ormaechea;;ARG;21,9055441478
US Open;2014-08-25;Kemény;7-6(4) 6-3;Irina Camelia Begu;181;ROU;23,9972621492;Silvia Soler Espinosa;;ESP;26,765229295
US Open;2014-08-25;Kemény;6-1 6-0;Agnieszka Radwanska;170;POL;25,4702258727;Sharon Fichman;;CAN;23,7262149213
US Open;2014-08-25;Kemény;6-3 6-4;Alexandra Dulgheru;;ROU;25,2375085558;Kristyna Pliskova;;CZE;22,4284736482
US Open;2014-08-25;Kemény;6-3 6-2;Madison Brengle;;USA;24,3942505133;Julia Glushko;;ISR;24,6461327858
US Open;2014-08-25;Kemény;6-3 7-5;Sabine Lisicki;178;GER;24,9226557153;Francoise Abanda;;CAN;17,5496235455
US Open;2014-08-25;Kemény;7-6(7) 1-6 6-3;Andrea Petkovic;180;GER;26,9596167009;Ons Jabeur;;TUN;19,9917864476
US Open;2014-08-25;Kemény;3-6 6-3 6-3;Monica Puig;;PUR;20,9089664613;Tereza Smitkova;;CZE;19,8740588638
US Open;2014-08-25;Kemény;6-4 6-3;Aliaksandra Sasnovich;;BLR;20,4271047228;Anna Karolina Schmiedlova;;SVK;19,947980835
US Open;2014-08-25;Kemény;6-1 7-5;Sara Errani;164;ITA;27,3237508556;Kirsten Flipkens;165;BEL;28,6214921287
US Open;2014-08-25;Kemény;1-6 7-5 6-3;Anastasia Rodionova;167;AUS;32,2874743326;Camila Giorgi;168;ITA;22,6529774127
US Open;2014-08-25;Kemény;2-6 6-3 6-3;Venus Williams;185;USA;34,1875427789;Kimiko Date Krumm;163;JPN;43,9069130732
US Open;2014-08-25;Kemény;6-3 7-6(4);Mirjana Lucic;;CRO;32,462696783;Garbine Muguruza;182;ESP;20,8788501027
US Open;2014-08-25;Kemény;6-2 6-3;Shahar Peer;170;ISR;27,318275154;Johanna Konta;;GBR;23,2744695414
US Open;2014-08-25;Kemény;6-7(2) 6-1 6-2;Simona Halep;168;ROU;22,9103353867;Danielle Rose Collins;;USA;20,6981519507
US Open;2014-08-25;Kemény;6-1 6-0;Serena Williams;175;USA;32,9117043121;Vania King;165;USA;25,4784394251
US Open;2014-08-25;Kemény;6-4 6-0;Varvara Lepchenko;180;USA;28,2628336756;Mona Barthel;185;GER;24,1232032854
US Open;2014-08-25;Kemény;3-6 6-3 7-6(8);Kaia Kanepi;181;EST;29,2073921971;Samantha Stosur;172;AUS;30,4038329911
US Open;2014-08-25;Kemény;6-3 6-3;Carla Suarez Navarro;162;ESP;25,9739904175;Coco Vandeweghe;185;USA;22,7186858316
US Open;2014-08-25;Kemény;6-4 6-3;Flavia Pennetta;172;ITA;32,4955509925;Shelby Rogers;;USA;21,864476386
US Open;2014-08-25;Kemény;4-6 6-4 6-2;Casey Dellacqua;;AUS;29,5331964408;Qiang Wang;;CHN;22,6119096509
US Open;2014-08-25;Kemény;7-5 6-4;Karolina Pliskova;184;CZE;22,4284736482;Ana Ivanovic;183;SRB;26,8008213552
US Open;2014-08-25;Kemény;6-4 6-2;Petra Kvitova;183;CZE;24,4654346338;Petra Cetkovska;172;CZE;29,5414099932
US Open;2014-08-25;Kemény;7-6(4) 2-6 7-5;Aleksandra Krunic;;SRB;21,4455852156;Madison Keys;178;USA;19,5181382615
US Open;2014-08-25;Kemény;7-5 2-6 6-4;Elena Vesnina;176;RUS;28,0657084189;Marina Erakovic;174;NZL;26,46954141
US Open;2014-08-25;Kemény;6-3 6-2;Victoria Azarenka;180;BLR;25,067761807;Christina Mchale;170;USA;22,288843258
US Open;2014-08-25;Kemény;6-1 6-2;Ekaterina Makarova;178;RUS;26,2149212868;Polona Hercog;182;SLO;23,5947980835
US Open;2014-08-25;Kemény;6-2 6-7(4) 6-4;Eugenie BoucKemény;;CAN;20,4955509925;Sorana Cirstea;176;ROU;24,3832991102
US Open;2014-08-25;Kemény;6-2 6-4;Angelique Kerber;173;GER;26,6009582478;Alla Kudryavtseva;;RUS;26,8090349076
US Open;2014-08-25;Kemény;6-4 4-6 6-1;Belinda Bencic;;SUI;17,4592744695;Kurumi Nara;;JPN;22,6529774127
US Open;2014-08-25;Kemény;5-7 6-4 6-2;Johanna Larsson;174;SWE;26,0205338809;Sloane Stephens;170;USA;21,4318959617
US Open;2014-08-25;Kemény;7-5 6-4;Jelena Jankovic;177;SRB;29,4866529774;Tsvetana Pironkova;180;BUL;26,9486652977
US Open;2014-08-25;Kemény;6-3 4-6 6-2;Lucie Safarova;177;CZE;27,5537303217;Saisai Zheng;;CHN;20,5503080082
US Open;2014-08-25;Kemény;6-3 6-3;Alize Cornet;173;FRA;24,5886379192;Daniela Hantuchova;181;SVK;31,3401779603
US Open;2014-08-25;Kemény;2-6 6-4 6-1;Roberta Vinci;163;ITA;31,5154004107;Irina Camelia Begu;181;ROU;23,9972621492
US Open;2014-08-25;Kemény;6-3 6-4;Shuai Peng;173;CHN;28,6269678303;Agnieszka Radwanska;170;POL;25,4702258727
US Open;2014-08-25;Kemény;4-6 6-3 6-2;Maria Sharapova;;RUS;27,3511293634;Alexandra Dulgheru;;ROU;25,2375085558
US Open;2014-08-25;Kemény;6-4 6-1;Sabine Lisicki;178;GER;24,9226557153;Madison Brengle;;USA;24,3942505133
US Open;2014-08-25;Kemény;3-6 6-3 7-6(5);Andrea Petkovic;180;GER;26,9596167009;Monica Puig;;PUR;20,9089664613
US Open;2014-08-25;Kemény;6-3 6-4;Caroline Wozniacki;177;DEN;24,1232032854;Aliaksandra Sasnovich;;BLR;20,4271047228
US Open;2014-08-25;Kemény;6-4 7-6(2);Sara Errani;164;ITA;27,3237508556;Anastasia Rodionova;167;AUS;32,2874743326
US Open;2014-08-25;Kemény;6-1 6-4;Venus Williams;185;USA;34,1875427789;Timea Bacsinszky;;SUI;25,2128678987
US Open;2014-08-25;Kemény;6-7(6) 6-3 6-2;Mirjana Lucic;;CRO;32,462696783;Shahar Peer;170;ISR;27,318275154
US Open;2014-08-25;Kemény;6-2 6-1;Simona Halep;168;ROU;22,9103353867;Jana Cepelova;168;SVK;21,2402464066
US Open;2014-08-25;Kemény;6-3 6-3;Serena Williams;175;USA;32,9117043121;Varvara Lepchenko;180;USA;28,2628336756
US Open;2014-08-25;Kemény;7-5 6-0;Kaia Kanepi;181;EST;29,2073921971;Carla Suarez Navarro;162;ESP;25,9739904175
US Open;2014-08-25;Kemény;6-4 6-0;Flavia Pennetta;172;ITA;32,4955509925;Nicole Gibbs;;USA;21,4784394251
US Open;2014-08-25;Kemény;6-3 3-6 6-4;Casey Dellacqua;;AUS;29,5331964408;Karolina Pliskova;184;CZE;22,4284736482
US Open;2014-08-25;Kemény;6-4 6-4;Aleksandra Krunic;;SRB;21,4455852156;Petra Kvitova;183;CZE;24,4654346338
US Open;2014-08-25;Kemény;6-1 6-1;Victoria Azarenka;180;BLR;25,067761807;Elena Vesnina;176;RUS;28,0657084189
US Open;2014-08-25;Kemény;6-2 6-4;Ekaterina Makarova;178;RUS;26,2149212868;Zarina Diyas;;KAZ;20,8514715948
US Open;2014-08-25;Kemény;6-1 7-5;Belinda Bencic;;SUI;17,4592744695;Angelique Kerber;173;GER;26,6009582478
US Open;2014-08-25;Kemény;6-3 6-7(3) 6-4;Lucie Safarova;177;CZE;27,5537303217;Alize Cornet;173;FRA;24,5886379192
US Open;2014-08-25;Kemény;6-4 6-3;Shuai Peng;173;CHN;28,6269678303;Roberta Vinci;163;ITA;31,5154004107
US Open;2014-08-25;Kemény;6-2 6-4;Maria Sharapova;;RUS;27,3511293634;Sabine Lisicki;178;GER;24,9226557153
US Open;2014-08-25;Kemény;6-3 6-2;Caroline Wozniacki;177;DEN;24,1232032854;Andrea Petkovic;180;GER;26,9596167009
US Open;2014-08-25;Kemény;6-0 0-6 7-6(5);Sara Errani;164;ITA;27,3237508556;Venus Williams;185;USA;34,1875427789
US Open;2014-08-25;Kemény;7-6(6) 6-2;Mirjana Lucic;;CRO;32,462696783;Simona Halep;168;ROU;22,9103353867
US Open;2014-08-25;Kemény;6-3 6-3;Serena Williams;175;USA;32,9117043121;Kaia Kanepi;181;EST;29,2073921971
US Open;2014-08-25;Kemény;7-5 6-2;Flavia Pennetta;172;ITA;32,4955509925;Casey Dellacqua;;AUS;29,5331964408
US Open;2014-08-25;Kemény;4-6 6-4 6-4;Victoria Azarenka;180;BLR;25,067761807;Aleksandra Krunic;;SRB;21,4455852156
US Open;2014-08-25;Kemény;7-6(2) 6-4;Ekaterina Makarova;178;RUS;26,2149212868;Eugenie BoucKemény;;CAN;20,4955509925
US Open;2014-08-25;Kemény;7-6(6) 6-3;Belinda Bencic;;SUI;17,4592744695;Jelena Jankovic;177;SRB;29,4866529774
US Open;2014-08-25;Kemény;6-3 6-4;Shuai Peng;173;CHN;28,6269678303;Lucie Safarova;177;CZE;27,5537303217
US Open;2014-08-25;Kemény;6-4 2-6 6-2;Caroline Wozniacki;177;DEN;24,1232032854;Maria Sharapova;;RUS;27,3511293634
US Open;2014-08-25;Kemény;6-3 2-6 6-0;Sara Errani;164;ITA;27,3237508556;Mirjana Lucic;;CRO;32,462696783
US Open;2014-08-25;Kemény;6-3 6-2;Serena Williams;175;USA;32,9117043121;Flavia Pennetta;172;ITA;32,4955509925
US Open;2014-08-25;Kemény;6-4 6-2;Ekaterina Makarova;178;RUS;26,2149212868;Victoria Azarenka;180;BLR;25,067761807
US Open;2014-08-25;Kemény;6-2 6-1;Shuai Peng;173;CHN;28,6269678303;Belinda Bencic;;SUI;17,4592744695
US Open;2014-08-25;Kemény;6-0 6-1;Caroline Wozniacki;177;DEN;24,1232032854;Sara Errani;164;ITA;27,3237508556
US Open;2014-08-25;Kemény;6-1 6-3;Serena Williams;175;USA;32,9117043121;Ekaterina Makarova;178;RUS;26,2149212868
US Open;2014-08-25;Kemény;6-3 6-3;Serena Williams;175;USA;32,9117043121;Caroline Wozniacki;177;DEN;24,1232032854
Quebec City;2014-09-08;Kemény;7-5 6-3;Venus Williams;185;USA;34,2258726899;Francoise Abanda;;CAN;17,5879534565
Quebec City;2014-09-08;Kemény;6-3 7-5;Olga Savchuk;175;UKR;26,9678302533;Gabriela Dabrowski;;CAN;22,4366872005
Quebec City;2014-09-08;Kemény;6-2 6-4;Barbora Krejcikova;;CZE;18,7241615332;Sachia Vickery;;USA;19,3292265572
Quebec City;2014-09-08;Kemény;7-6(4) 6-1;Lucie Hradecka;177;CZE;29,3004791239;Michelle Larcher De Brito;165;POR;21,607118412
Quebec City;2014-09-08;Kemény;6-1 6-3;Shelby Rogers;;USA;21,9028062971;Tereza Martincova;;CZE;19,8740588638
Quebec City;2014-09-08;Kemény;6-2 6-7(0) 7-6(4);Asia Muhammed;;USA;23,4305270363;Johanna Konta;;GBR;23,3127994524
Quebec City;2014-09-08;Kemény;6-3 6-3;Madison Brengle;;USA;24,4325804244;Samantha Crawford;;USA;19,5537303217
Quebec City;2014-09-08;Kemény;7-6(9) 6-4;Tatjana Maria;;GER;27,0855578371;Anna Tatishvili;171;GEO;24,5941136208
Quebec City;2014-09-08;Kemény;6-1 3-6 6-4;Timea Babos;179;HUN;21,3305954825;Romina Oprandi;;SUI;28,4462696783
Quebec City;2014-09-08;Kemény;6-3 6-1;Mirjana Lucic;;CRO;32,501026694;Veronica Cepede Royg;;PAR;22,6310746064
Quebec City;2014-09-08;Kemény;3-6 6-1 7-6(6);Sesil Karatantcheva;171;KAZ;25,0841889117;Sanaz Marand;;USA;26,2149212868
Quebec City;2014-09-08;Kemény;6-4 7-5;Kristina Mladenovic;184;FRA;21,3196440794;Naomi Broady;;GBR;24,5256673511
Quebec City;2014-09-08;Kemény;6-1 6-2;Julia Goerges;180;GER;25,8480492813;Stephanie Dubois;;CAN;27,8548939083
Quebec City;2014-09-08;Kemény;5-7 6-3 6-3;Melanie Oudin;168;USA;22,9596167009;Alize Lim;;FRA;24,1560574949
Quebec City;2014-09-08;Kemény;6-3 6-0;Andrea Hlavackova;174;CZE;28,0793976728;Paula Kania;;POL;21,8370978782
Quebec City;2014-09-08;Kemény;6-4 6-1;Ajla Tomljanovic;;CRO;21,3388090349;Irina Falconi;;USA;24,34770705
Quebec City;2014-09-08;Kemény;6-1 6-2;Venus Williams;185;USA;34,2258726899;Olga Savchuk;175;UKR;26,9678302533
Quebec City;2014-09-08;Kemény;3-6 7-5 6-2;Lucie Hradecka;177;CZE;29,3004791239;Barbora Krejcikova;;CZE;18,7241615332
Quebec City;2014-09-08;Kemény;6-7(5) 7-6(2) 7-6(5);Shelby Rogers;;USA;21,9028062971;Asia Muhammed;;USA;23,4305270363
Quebec City;2014-09-08;Kemény;4-6 6-4 6-0;Tatjana Maria;;GER;27,0855578371;Madison Brengle;;USA;24,4325804244
Quebec City;2014-09-08;Kemény;7-6(3) 6-2;Mirjana Lucic;;CRO;32,501026694;Timea Babos;179;HUN;21,3305954825
Quebec City;2014-09-08;Kemény;5-7 6-4 7-5;Sesil Karatantcheva;171;KAZ;25,0841889117;Kristina Mladenovic;184;FRA;21,3196440794
Quebec City;2014-09-08;Kemény;6-2 6-2;Julia Goerges;180;GER;25,8480492813;Melanie Oudin;168;USA;22,9596167009
Quebec City;2014-09-08;Kemény;6-3 3-6 6-3;Andrea Hlavackova;174;CZE;28,0793976728;Ajla Tomljanovic;;CRO;21,3388090349
Quebec City;2014-09-08;Kemény;6-3 4-6 7-6(3);Venus Williams;185;USA;34,2258726899;Lucie Hradecka;177;CZE;29,3004791239
Quebec City;2014-09-08;Kemény;6-4 6-2;Shelby Rogers;;USA;21,9028062971;Tatjana Maria;;GER;27,0855578371
Quebec City;2014-09-08;Kemény;7-5 6-0;Mirjana Lucic;;CRO;32,501026694;Sesil Karatantcheva;171;KAZ;25,0841889117
Quebec City;2014-09-08;Kemény;6-7(6) 7-5 6-2;Julia Goerges;180;GER;25,8480492813;Andrea Hlavackova;174;CZE;28,0793976728
Quebec City;2014-09-08;Kemény;6-3 6-3;Venus Williams;185;USA;34,2258726899;Shelby Rogers;;USA;21,9028062971
Quebec City;2014-09-08;Kemény;6-4 5-7 6-2;Mirjana Lucic;;CRO;32,501026694;Julia Goerges;180;GER;25,8480492813
Quebec City;2014-09-08;Kemény;6-4 6-3;Mirjana Lucic;;CRO;32,501026694;Venus Williams;185;USA;34,2258726899
Tashkent;2014-09-08;Kemény;1-6 6-4 6-1;Bojana Jovanovski;175;SRB;22,688569473;Kateryna Bondarenko;175;UKR;28,0848733744
Tashkent;2014-09-08;Kemény;6-4 2-6 6-3;Alla Kudryavtseva;;RUS;26,8473648186;Maryna Zanevska;;UKR;21,0403832991
Tashkent;2014-09-08;Kemény;6-2 6-2;Urszula Radwanska;177;POL;23,7535934292;Vesna Dolonc;170;SRB;25,1334702259
Tashkent;2014-09-08;Kemény;7-5 6-0;Donna Vekic;;CRO;18,1957563313;Mandy Minella;;LUX;28,7939767283
Tashkent;2014-09-08;Kemény;7-5 6-4;Nigina Abduraimova;;UZB;20,1724845996;Lara Arruabarrena;166;ESP;22,46954141
Tashkent;2014-09-08;Kemény;6-1 7-6(4);Alexandra Panova;;RUS;25,5195071869;Kristina Kucova;;SVK;24,295687885
Tashkent;2014-09-08;Kemény;6-4 2-6 6-2;Akgul Amanmuradova;;UZB;30,2094455852;Jovana Jaksic;;SRB;20,93908282
Tashkent;2014-09-08;Kemény;7-6(5) 7-6(2);Lyudmyla Kichenok;;UKR;22,135523614;Danka Kovinic;;MNE;19,8056125941
Tashkent;2014-09-08;Kemény;6-4 6-3;Misaki Doi;159;JPN;23,3620807666;Katerina Siniakova;;CZE;18,3299110198
Tashkent;2014-09-08;Kemény;6-3 6-4;Olga Govortsova;182;BLR;26,0424366872;Margarita Gasparyan;;RUS;20,0191649555
Tashkent;2014-09-08;Kemény;3-6 6-4 6-4;Aliaksandra Sasnovich;;BLR;20,4654346338;Olivia Rogowska;;AUS;23,2553045859
Tashkent;2014-09-08;Kemény;6-2 7-6(3);Karin Knapp;180;ITA;27,1978097194;Cagla Buyukakcay;;TUR;24,9445585216
Tashkent;2014-09-08;Kemény;7-6(4) 6-0;Ksenia Pervak;170;KAZ;23,2854209446;Anna Lena Friedsam;;GER;20,5995893224
Tashkent;2014-09-08;Kemény;6-3 7-5;Jelena Ostapenko;;LAT;17,2511978097;Shahar Peer;170;ISR;27,356605065
Tashkent;2014-09-08;Kemény;6-2 3-6 6-2;Lesia Tsurenko;174;UKR;25,2758384668;Aleksandra Krunic;;SRB;21,4839151266
Tashkent;2014-09-08;Kemény;6-3 6-1;Irina Camelia Begu;181;ROU;24,0355920602;Kateryna Kozlova;;UKR;20,5475701574
Tashkent;2014-09-08;Kemény;7-6(6) 3-6 6-3;Bojana Jovanovski;175;SRB;22,688569473;Alla Kudryavtseva;;RUS;26,8473648186
Tashkent;2014-09-08;Kemény;6-3 6-3;Urszula Radwanska;177;POL;23,7535934292;Donna Vekic;;CRO;18,1957563313
Tashkent;2014-09-08;Kemény;2-6 6-3 6-4;Nigina Abduraimova;;UZB;20,1724845996;Alexandra Panova;;RUS;25,5195071869
Tashkent;2014-09-08;Kemény;6-1 6-2;Akgul Amanmuradova;;UZB;30,2094455852;Lyudmyla Kichenok;;UKR;22,135523614
Tashkent;2014-09-08;Kemény;4-6 6-3 6-3;Olga Govortsova;182;BLR;26,0424366872;Misaki Doi;159;JPN;23,3620807666
Tashkent;2014-09-08;Kemény;6-2 6-3;Karin Knapp;180;ITA;27,1978097194;Aliaksandra Sasnovich;;BLR;20,4654346338
Tashkent;2014-09-08;Kemény;6-2 7-6(3);Ksenia Pervak;170;KAZ;23,2854209446;Jelena Ostapenko;;LAT;17,2511978097
Tashkent;2014-09-08;Kemény;3-6 6-1 7-6(3);Lesia Tsurenko;174;UKR;25,2758384668;Irina Camelia Begu;181;ROU;24,0355920602
Tashkent;2014-09-08;Kemény;4-6 6-4 6-3;Bojana Jovanovski;175;SRB;22,688569473;Urszula Radwanska;177;POL;23,7535934292
Tashkent;2014-09-08;Kemény;6-3 6-3;Nigina Abduraimova;;UZB;20,1724845996;Akgul Amanmuradova;;UZB;30,2094455852
Tashkent;2014-09-08;Kemény;7-5 6-2;Karin Knapp;180;ITA;27,1978097194;Olga Govortsova;182;BLR;26,0424366872
Tashkent;2014-09-08;Kemény;4-6 6-4 7-5;Lesia Tsurenko;174;UKR;25,2758384668;Ksenia Pervak;170;KAZ;23,2854209446
Tashkent;2014-09-08;Kemény;6-4 7-5;Bojana Jovanovski;175;SRB;22,688569473;Nigina Abduraimova;;UZB;20,1724845996
Tashkent;2014-09-08;Kemény;6-3 6-3;Karin Knapp;180;ITA;27,1978097194;Lesia Tsurenko;174;UKR;25,2758384668
Tashkent;2014-09-08;Kemény;6-2 7-6(4);Karin Knapp;180;ITA;27,1978097194;Bojana Jovanovski;175;SRB;22,688569473
Hong Kong;2014-09-08;Kemény;3-6 7-6(3) 6-1;Sabine Lisicki;178;GER;24,9609856263;Monica Niculescu;168;ROU;26,9541409993
Hong Kong;2014-09-08;Kemény;6-4 6-2;Grace Min;;USA;20,3422313484;Julia Glushko;;ISR;24,6844626968
Hong Kong;2014-09-08;Kemény;7-6(1) 7-5;Saisai Zheng;;CHN;20,5886379192;Ying Ying Duan;;CHN;25,2648870637
Hong Kong;2014-09-08;Kemény;6-4 6-4;Yanina Wickmayer;182;BEL;24,8843258042;Elizaveta Kulichkova;;RUS;18,4065708419
Hong Kong;2014-09-08;Kemény;6-4 5-7 6-2;Francesca Schiavone;166;ITA;34,2094455852;Christina Mchale;170;USA;22,3271731691
Hong Kong;2014-09-08;Kemény;6-3 6-3;Kimiko Date Krumm;163;JPN;43,9452429843;Johanna Larsson;174;SWE;26,0588637919
Hong Kong;2014-09-08;Kemény;1-6 6-3 6-3;Lin Zhu;;CHN;20,6105407255;Kristyna Pliskova;;CZE;22,4668035592
Hong Kong;2014-09-08;Kemény;6-2 6-1;Jana Cepelova;168;SVK;21,2785763176;Chanelle Scheepers;;RSA;30,4887063655
Hong Kong;2014-09-08;Kemény;6-1 7-6(5);Jie Zheng;164;CHN;31,1786447639;Misa Eguchi;;JPN;22,3901437372
Hong Kong;2014-09-08;Kemény;6-0 6-3;Kai Lin Zhang;;CHN;24,6105407255;Pauline Parmentier;175;FRA;28,6023271732
Hong Kong;2014-09-08;Kemény;6-1 6-1;Monica Puig;;PUR;20,9472963723;Patricia Mayr Achleitner;;AUT;27,832991102
Hong Kong;2014-09-08;Kemény;2-6 6-4 6-3;Karolina Pliskova;184;CZE;22,4668035592;Polona Hercog;182;SLO;23,6331279945
Hong Kong;2014-09-08;Kemény;6-2 7-6(5);Kiki Bertens;182;NED;22,7460643395;Anna Karolina Schmiedlova;;SVK;19,9863107461
Hong Kong;2014-09-08;Kemény;7-6(3) 6-2;Jarmila Gajdosova;174;AUS;27,370294319;Luksika Kumkhum;;THA;21,1334702259
Hong Kong;2014-09-08;Kemény;6-2 6-1;Alison Van Uytvanck;;BEL;20,4544832307;Katarzyna Piter;;POL;23,5592060233
Hong Kong;2014-09-08;Kemény;6-1 6-4;Daniela Hantuchova;181;SVK;31,3785078713;Ling Zhang;;HKG;24,8624229979
Hong Kong;2014-09-08;Kemény;6-1 6-1;Sabine Lisicki;178;GER;24,9609856263;Grace Min;;USA;20,3422313484
Hong Kong;2014-09-08;Kemény;6-4 6-2;Saisai Zheng;;CHN;20,5886379192;Yanina Wickmayer;182;BEL;24,8843258042
Hong Kong;2014-09-08;Kemény;6-1 6-3;Jana Cepelova;168;SVK;21,2785763176;Lin Zhu;;CHN;20,6105407255
Hong Kong;2014-09-08;Kemény;6-1 6-4;Jie Zheng;164;CHN;31,1786447639;Kai Lin Zhang;;CHN;24,6105407255
Hong Kong;2014-09-08;Kemény;6-3 6-4;Karolina Pliskova;184;CZE;22,4668035592;Monica Puig;;PUR;20,9472963723
Hong Kong;2014-09-08;Kemény;4-6 6-1 6-4;Jarmila Gajdosova;174;AUS;27,370294319;Kiki Bertens;182;NED;22,7460643395
Hong Kong;2014-09-08;Kemény;3-6 6-2 6-4;Alison Van Uytvanck;;BEL;20,4544832307;Daniela Hantuchova;181;SVK;31,3785078713
Hong Kong;2014-09-08;Kemény;6-4 6-3;Sabine Lisicki;178;GER;24,9609856263;Saisai Zheng;;CHN;20,5886379192
Hong Kong;2014-09-08;Kemény;6-2 6-2;Francesca Schiavone;166;ITA;34,2094455852;Jana Cepelova;168;SVK;21,2785763176
Hong Kong;2014-09-08;Kemény;6-1 6-3;Karolina Pliskova;184;CZE;22,4668035592;Jie Zheng;164;CHN;31,1786447639
Hong Kong;2014-09-08;Kemény;6-4 6-2;Alison Van Uytvanck;;BEL;20,4544832307;Jarmila Gajdosova;174;AUS;27,370294319
Hong Kong;2014-09-08;Kemény;6-3 3-6 6-2;Sabine Lisicki;178;GER;24,9609856263;Francesca Schiavone;166;ITA;34,2094455852
Hong Kong;2014-09-08;Kemény;6-1 4-6 6-4;Karolina Pliskova;184;CZE;22,4668035592;Alison Van Uytvanck;;BEL;20,4544832307
Hong Kong;2014-09-08;Kemény;7-5 6-3;Sabine Lisicki;178;GER;24,9609856263;Karolina Pliskova;184;CZE;22,4668035592
Guangzhou;2014-09-15;Kemény;2-6 6-2 6-2;Yafan Wang;;CHN;20,3778234086;Samantha Stosur;172;AUS;30,4613278576
Guangzhou;2014-09-15;Kemény;7-6(3) 6-1;Petra Martic;181;CRO;23,6550308008;Sorana Cirstea;176;ROU;24,4407939767
Guangzhou;2014-09-15;Kemény;6-4 7-6(5);Alison Riske;;USA;24,2026009582;Johanna Larsson;174;SWE;26,0780287474
Guangzhou;2014-09-15;Kemény;6-1 6-4;Kai Lin Zhang;;CHN;24,629705681;Jana Cepelova;168;SVK;21,2977412731
Guangzhou;2014-09-15;Kemény;6-2 6-2;Monica Niculescu;168;ROU;26,9733059548;Bojana Jovanovski;175;SRB;22,7077344285
Guangzhou;2014-09-15;Kemény;5-7 6-4 6-3;Misaki Doi;159;JPN;23,3812457221;Katarzyna Piter;;POL;23,5783709788
Guangzhou;2014-09-15;Kemény;6-1 4-6 6-2;Monica Puig;;PUR;20,9664613279;Karin Knapp;180;ITA;27,2169746749
Guangzhou;2014-09-15;Kemény;6-4 6-1;Ling Zhang;;HKG;24,8815879535;Zarina Diyas;;KAZ;20,9089664613
Guangzhou;2014-09-15;Kemény;6-4 7-6(5);Maria Teresa Torro Flor;173;ESP;22,3709787817;Annika Beck;170;GER;20,5776865161
Guangzhou;2014-09-15;Kemény;6-2 6-3;Yi Fan Xu;;CHN;26,1026694045;Patricia Mayr Achleitner;;AUT;27,8521560575
Guangzhou;2014-09-15;Kemény;6-2 4-6 6-4;Timea Bacsinszky;;SUI;25,2703627652;Magda Linette;;POL;22,5900068446
Guangzhou;2014-09-15;Kemény;6-3 4-6 6-4;Silvia Soler Espinosa;;ESP;26,8227241615;Sloane Stephens;170;USA;21,4893908282
Guangzhou;2014-09-15;Kemény;6-3 7-6(7);Lin Zhu;;CHN;20,629705681;Roberta Vinci;163;ITA;31,5728952772
Guangzhou;2014-09-15;Kemény;7-6(2) 2-6 6-4;Su Wei Hsieh;169;TPE;28,6954140999;Alison Van Uytvanck;;BEL;20,4736481862
Guangzhou;2014-09-15;Kemény;7-6(8) 6-3;Shahar Peer;170;ISR;27,3757700205;Pauline Parmentier;175;FRA;28,6214921287
Guangzhou;2014-09-15;Kemény;6-1 6-1;Alize Cornet;173;FRA;24,6461327858;Yulia Putintseva;;KAZ;19,6878850103
Guangzhou;2014-09-15;Kemény;7-6(5) 6-3;Yafan Wang;;CHN;20,3778234086;Petra Martic;181;CRO;23,6550308008
Guangzhou;2014-09-15;Kemény;6-2 7-5;Kai Lin Zhang;;CHN;24,629705681;Alison Riske;;USA;24,2026009582
Guangzhou;2014-09-15;Kemény;6-2 6-1;Monica Niculescu;168;ROU;26,9733059548;Misaki Doi;159;JPN;23,3812457221
Guangzhou;2014-09-15;Kemény;6-4 6-4;Monica Puig;;PUR;20,9664613279;Ling Zhang;;HKG;24,8815879535
Guangzhou;2014-09-15;Kemény;6-7(5) 7-5 6-2;Maria Teresa Torro Flor;173;ESP;22,3709787817;Yi Fan Xu;;CHN;26,1026694045
Guangzhou;2014-09-15;Kemény;6-2 6-2;Timea Bacsinszky;;SUI;25,2703627652;Silvia Soler Espinosa;;ESP;26,8227241615
Guangzhou;2014-09-15;Kemény;6-4 6-2;Su Wei Hsieh;169;TPE;28,6954140999;Lin Zhu;;CHN;20,629705681
Guangzhou;2014-09-15;Kemény;3-6 7-5 6-1;Alize Cornet;173;FRA;24,6461327858;Shahar Peer;170;ISR;27,3757700205
Guangzhou;2014-09-15;Kemény;3-6 6-2 6-2;Yafan Wang;;CHN;20,3778234086;Kai Lin Zhang;;CHN;24,629705681
Guangzhou;2014-09-15;Kemény;6-2 6-2;Monica Niculescu;168;ROU;26,9733059548;Monica Puig;;PUR;20,9664613279
Guangzhou;2014-09-15;Kemény;6-2 6-3;Timea Bacsinszky;;SUI;25,2703627652;Maria Teresa Torro Flor;173;ESP;22,3709787817
Guangzhou;2014-09-15;Kemény;7-6(5) 6-1;Alize Cornet;173;FRA;24,6461327858;Su Wei Hsieh;169;TPE;28,6954140999
Guangzhou;2014-09-15;Kemény;6-0 6-2;Monica Niculescu;168;ROU;26,9733059548;Yafan Wang;;CHN;20,3778234086
Guangzhou;2014-09-15;Kemény;6-1 7-6(5);Alize Cornet;173;FRA;24,6461327858;Timea Bacsinszky;;SUI;25,2703627652
Guangzhou;2014-09-15;Kemény;6-4 6-0;Monica Niculescu;168;ROU;26,9733059548;Alize Cornet;173;FRA;24,6461327858
Seoul;2014-09-15;Kemény;6-3 6-3;Agnieszka Radwanska;170;POL;25,5277207392;Polona Hercog;182;SLO;23,65229295
Seoul;2014-09-15;Kemény;6-2 3-6 7-5;Chanelle Scheepers;;RSA;30,507871321;Irina Camelia Begu;181;ROU;24,0547570157
Seoul;2014-09-15;Kemény;7-6(5) 4-6 6-3;Na Lae Han;;KOR;22,1930184805;Su Jeong Jang;;KOR;19,5099247091
Seoul;2014-09-15;Kemény;6-1 6-2;Varvara Lepchenko;180;USA;28,3203285421;Olivia Rogowska;;AUS;23,2744695414
Seoul;2014-09-15;Kemény;6-4 3-6 6-2;Magdalena Rybarikova;180;SVK;25,9466119097;Francesca Schiavone;166;ITA;34,2286105407
Seoul;2014-09-15;Kemény;2-6 6-4 6-4;Yanina Wickmayer;182;BEL;24,9034907598;Mandy Minella;;LUX;28,8131416838
Seoul;2014-09-15;Kemény;6-2 6-3;Christina Mchale;170;USA;22,3463381246;Lara Arruabarrena;166;ESP;22,4887063655
Seoul;2014-09-15;Kemény;7-6(3) 6-2;Mona Barthel;185;GER;24,180698152;Caroline Garcia;;FRA;20,9144421629
Seoul;2014-09-15;Kemény;6-2 6-4;Kaia Kanepi;181;EST;29,2648870637;Elizaveta Kulichkova;;RUS;18,4257357974
Seoul;2014-09-15;Kemény;6-3 7-6(4);Kristyna Pliskova;;CZE;22,4859685147;Stefanie Voegele;170;SUI;24,5174537988
Seoul;2014-09-15;Kemény;3-6 6-2 6-4;Maria Kirilenko;173;RUS;27,6386036961;Donna Vekic;;CRO;18,2149212868
Seoul;2014-09-15;Kemény;6-0 4-6 6-4;Klara Koukalova;166;CZE;32,5557837098;Kiki Bertens;182;NED;22,765229295
Seoul;2014-09-15;Kemény;7-5 6-2;Nicole Gibbs;;USA;21,5359342916;Heather Watson;170;GBR;22,3244353183
Seoul;2014-09-15;Kemény;6-7(7) 6-4 7-6(3);Danka Kovinic;;MNE;19,8247775496;Anna Karolina Schmiedlova;;SVK;20,0054757016
Seoul;2014-09-15;Kemény;7-6(5) 7-5;Anna Lena Friedsam;;GER;20,6187542779;Yaroslava Shvedova;180;KAZ;27,0088980151
Seoul;2014-09-15;Kemény;6-1 6-2;Karolina Pliskova;184;CZE;22,4859685147;Julia Glushko;;ISR;24,7036276523
Seoul;2014-09-15;Kemény;6-0 6-0;Agnieszka Radwanska;170;POL;25,5277207392;Chanelle Scheepers;;RSA;30,507871321
Seoul;2014-09-15;Kemény;7-5 6-1;Varvara Lepchenko;180;USA;28,3203285421;Na Lae Han;;KOR;22,1930184805
Seoul;2014-09-15;Kemény;6-2 6-2;Magdalena Rybarikova;180;SVK;25,9466119097;Yanina Wickmayer;182;BEL;24,9034907598
Seoul;2014-09-15;Kemény;6-1 4-6 6-3;Christina Mchale;170;USA;22,3463381246;Mona Barthel;185;GER;24,180698152
Seoul;2014-09-15;Kemény;3-6 6-3 6-2;Kaia Kanepi;181;EST;29,2648870637;Kristyna Pliskova;;CZE;22,4859685147
Seoul;2014-09-15;Kemény;6-7(4) 6-4 6-0;Maria Kirilenko;173;RUS;27,6386036961;Klara Koukalova;166;CZE;32,5557837098
Seoul;2014-09-15;Kemény;1-6 6-4 7-6(5);Nicole Gibbs;;USA;21,5359342916;Danka Kovinic;;MNE;19,8247775496
Seoul;2014-09-15;Kemény;6-4 6-7(5) 6-2;Karolina Pliskova;184;CZE;22,4859685147;Anna Lena Friedsam;;GER;20,6187542779
Seoul;2014-09-15;Kemény;6-7(4) 6-2 6-2;Varvara Lepchenko;180;USA;28,3203285421;Agnieszka Radwanska;170;POL;25,5277207392
Seoul;2014-09-15;Kemény;6-7(3) 6-2 6-3;Maria Kirilenko;173;RUS;27,6386036961;Kaia Kanepi;181;EST;29,2648870637
Seoul;2014-09-15;Kemény;6-3 6-4;Karolina Pliskova;184;CZE;22,4859685147;Nicole Gibbs;;USA;21,5359342916
Seoul;2014-09-15;Kemény;3-6 6-1 7-6(5);Varvara Lepchenko;180;USA;28,3203285421;Christina Mchale;170;USA;22,3463381246
Seoul;2014-09-15;Kemény;4-6 7-6(5) 6-3;Karolina Pliskova;184;CZE;22,4859685147;Maria Kirilenko;173;RUS;27,6386036961
Seoul;2014-09-15;Kemény;6-3 6-7(5) 6-2;Karolina Pliskova;184;CZE;22,4859685147;Varvara Lepchenko;180;USA;28,3203285421
Tokyo;2014-09-15;Kemény;6-4 6-1;Elina Svitolina;174;UKR;20,0082135524;Barbora Zahlavova Strycova;164;CZE;28,4681724846
Tokyo;2014-09-15;Kemény;6-2 7-5;Coco Vandeweghe;185;USA;22,7761806982;Alla Kudryavtseva;;RUS;26,8665297741
Tokyo;2014-09-15;Kemény;6-1 6-3;Dominika Cibulkova;161;SVK;25,3607118412;Kirsten Flipkens;165;BEL;28,6789869952
Tokyo;2014-09-15;Kemény;3-6 6-0 6-2;Victoria Azarenka;180;BLR;25,1252566735;Kimiko Date Krumm;163;JPN;43,9644079398
Tokyo;2014-09-15;Kemény;6-3 6-0;Belinda Bencic;;SUI;17,5167693361;Svetlana Kuznetsova;174;RUS;29,2183436003
Tokyo;2014-09-15;Kemény;6-7(4) 6-4 6-2;Lucie Safarova;177;CZE;27,6112251882;Madison Keys;178;USA;19,575633128
Tokyo;2014-09-15;Kemény;6-4 6-1;Marina Erakovic;174;NZL;26,5270362765;Sara Errani;164;ITA;27,3812457221
Tokyo;2014-09-15;Kemény;6-7(5) 7-5 6-2;Casey Dellacqua;;AUS;29,5906913073;Sabine Lisicki;178;GER;24,9801505818
Tokyo;2014-09-15;Kemény;6-3 7-6(3);Garbine Muguruza;182;ESP;20,9363449692;Anastasia Pavlyuchenkova;177;RUS;23,2032854209
Tokyo;2014-09-15;Kemény;6-1 2-6 6-2;Carla Suarez Navarro;162;ESP;26,0314852841;Kurumi Nara;;JPN;22,7104722793
Tokyo;2014-09-15;Kemény;4-6 6-4 6-4;Daria Gavrilova;;RUS;20,5311430527;Lauren Davis;157;USA;20,9336071184
Tokyo;2014-09-15;Kemény;6-2 5-7 7-5;Jarmila Gajdosova;174;AUS;27,3894592745;Daniela Hantuchova;181;SVK;31,3976728268
Tokyo;2014-09-15;Kemény;6-4 6-4;Angelique Kerber;173;GER;26,6584531143;Elina Svitolina;174;UKR;20,0082135524
Tokyo;2014-09-15;Kemény;7-6(5) 7-5;Dominika Cibulkova;161;SVK;25,3607118412;Coco Vandeweghe;185;USA;22,7761806982
Tokyo;2014-09-15;Kemény;6-3 6-4;Ana Ivanovic;183;SRB;26,8583162218;Victoria Azarenka;180;BLR;25,1252566735
Tokyo;2014-09-15;Kemény;3-6 6-4 6-2;Lucie Safarova;177;CZE;27,6112251882;Belinda Bencic;;SUI;17,5167693361
Tokyo;2014-09-15;Kemény;6-2 6-4;Casey Dellacqua;;AUS;29,5906913073;Marina Erakovic;174;NZL;26,5270362765
Tokyo;2014-09-15;Kemény;7-6(4) 6-4;Garbine Muguruza;182;ESP;20,9363449692;Jelena Jankovic;177;SRB;29,5441478439
Tokyo;2014-09-15;Kemény;7-6(5) 6-3;Carla Suarez Navarro;162;ESP;26,0314852841;Daria Gavrilova;;RUS;20,5311430527
Tokyo;2014-09-15;Kemény;4-6 7-5 6-3;Caroline Wozniacki;177;DEN;24,180698152;Jarmila Gajdosova;174;AUS;27,3894592745
Tokyo;2014-09-15;Kemény;6-3 6-0;Angelique Kerber;173;GER;26,6584531143;Dominika Cibulkova;161;SVK;25,3607118412
Tokyo;2014-09-15;Kemény;6-3 6-2;Ana Ivanovic;183;SRB;26,8583162218;Lucie Safarova;177;CZE;27,6112251882
Tokyo;2014-09-15;Kemény;3-6 7-6(5) 6-3;Garbine Muguruza;182;ESP;20,9363449692;Casey Dellacqua;;AUS;29,5906913073
Tokyo;2014-09-15;Kemény;6-3 6-3;Caroline Wozniacki;177;DEN;24,180698152;Carla Suarez Navarro;162;ESP;26,0314852841
Tokyo;2014-09-15;Kemény;7-5 6-3;Ana Ivanovic;183;SRB;26,8583162218;Angelique Kerber;173;GER;26,6584531143
Tokyo;2014-09-15;Kemény;6-4 2-6 6-2;Caroline Wozniacki;177;DEN;24,180698152;Garbine Muguruza;182;ESP;20,9363449692
Tokyo;2014-09-15;Kemény;6-2 7-6(2);Ana Ivanovic;183;SRB;26,8583162218;Caroline Wozniacki;177;DEN;24,180698152
Wuhan;2014-09-22;Kemény;6-2 6-1;Alize Cornet;173;FRA;24,6652977413;Romina Oprandi;;SUI;28,4845995893
Wuhan;2014-09-22;Kemény;2-6 7-6(2) 6-4;Kirsten Flipkens;165;BEL;28,6981519507;Francesca Schiavone;166;ITA;34,2477754962
Wuhan;2014-09-22;Kemény;6-1 6-4;Jarmila Gajdosova;174;AUS;27,40862423;Flavia Pennetta;172;ITA;32,5722108145
Wuhan;2014-09-22;Kemény;7-5 6-4;Sara Errani;164;ITA;27,4004106776;Heather Watson;170;GBR;22,3436002738
Wuhan;2014-09-22;Kemény;6-2 7-6(1);Mona Barthel;185;GER;24,1998631075;Shuai Peng;173;CHN;28,7036276523
Wuhan;2014-09-22;Kemény;6-3 6-2;Svetlana Kuznetsova;174;RUS;29,2375085558;Kurumi Nara;;JPN;22,7296372348
Wuhan;2014-09-22;Kemény;6-1 7-5;Timea Bacsinszky;;SUI;25,2895277207;Stefanie Voegele;170;SUI;24,5366187543
Wuhan;2014-09-22;Kemény;6-2 6-2;Ekaterina Makarova;178;RUS;26,2915811088;Bojana Jovanovski;175;SRB;22,726899384
Wuhan;2014-09-22;Kemény;7-5 7-5;Casey Dellacqua;;AUS;29,6098562628;Roberta Vinci;163;ITA;31,5920602327
Wuhan;2014-09-22;Kemény;7-5 6-4;Carla Suarez Navarro;162;ESP;26,0506502396;Kai Lin Zhang;;CHN;24,6488706366
Wuhan;2014-09-22;Kemény;6-4 4-6 7-6(6);Caroline Garcia;;FRA;20,9336071184;Venus Williams;185;USA;34,264202601
Wuhan;2014-09-22;Kemény;6-3 6-2;Coco Vandeweghe;185;USA;22,7953456537;Annika Beck;170;GER;20,5968514716
Wuhan;2014-09-22;Kemény;6-4 6-4;Jelena Jankovic;177;SRB;29,5633127995;Christina Mchale;170;USA;22,3655030801
Wuhan;2014-09-22;Kemény;5-7 6-1 6-2;Andrea Petkovic;180;GER;27,0362765229;Donna Vekic;;CRO;18,2340862423
Wuhan;2014-09-22;Kemény;6-4 6-4;Karolina Pliskova;184;CZE;22,5051334702;Samantha Stosur;172;AUS;30,4804928131
Wuhan;2014-09-22;Kemény;6-4 2-6 6-1;Karin Knapp;180;ITA;27,2361396304;Marina Erakovic;174;NZL;26,546201232
Wuhan;2014-09-22;Kemény;6-4 6-7(1) 6-2;Zarina Diyas;;KAZ;20,9281314168;Klara Koukalova;166;CZE;32,5749486653
Wuhan;2014-09-22;Kemény;7-6(5) 7-6(2);Barbora Zahlavova Strycova;164;CZE;28,4873374401;Daniela Hantuchova;181;SVK;31,4168377823
Wuhan;2014-09-22;Kemény;7-5 2-6 6-3;Sabine Lisicki;178;GER;24,9993155373;Lucie Safarova;177;CZE;27,6303901437
Wuhan;2014-09-22;Kemény;6-2 6-3;Elina Svitolina;174;UKR;20,0273785079;Camila Giorgi;168;ITA;22,7296372348
Wuhan;2014-09-22;Kemény;4-6 6-4 6-4;Garbine Muguruza;182;ESP;20,9555099247;Maria Teresa Torro Flor;173;ESP;22,3901437372
Wuhan;2014-09-22;Kemény;6-3 3-6 6-3;Kirsten Flipkens;165;BEL;28,6981519507;Jarmila Gajdosova;174;AUS;27,40862423
Wuhan;2014-09-22;Kemény;6-4 6-4;Alison Riske;;USA;24,2217659138;Sara Errani;164;ITA;27,4004106776
Wuhan;2014-09-22;Kemény;4-6 6-3 6-4;Eugenie BoucKemény;;CAN;20,5722108145;Mona Barthel;185;GER;24,1998631075
Wuhan;2014-09-22;Kemény;3-6 6-2 6-2;Maria Sharapova;;RUS;27,4277891855;Svetlana Kuznetsova;174;RUS;29,2375085558
Wuhan;2014-09-22;Kemény;6-4 6-1;Timea Bacsinszky;;SUI;25,2895277207;Ekaterina Makarova;178;RUS;26,2915811088
Wuhan;2014-09-22;Kemény;7-6(7) 6-7(5) 6-1;Casey Dellacqua;;AUS;29,6098562628;Anastasia Pavlyuchenkova;177;RUS;23,2224503765
Wuhan;2014-09-22;Kemény;6-1 3-6 7-6(4);Caroline Wozniacki;177;DEN;24,1998631075;Carla Suarez Navarro;162;ESP;26,0506502396
Wuhan;2014-09-22;Kemény;3-6 7-6(4) 7-6(7);Caroline Garcia;;FRA;20,9336071184;Agnieszka Radwanska;170;POL;25,5468856947
Wuhan;2014-09-22;Kemény;6-4 6-4;Karolina Pliskova;184;CZE;22,5051334702;Andrea Petkovic;180;GER;27,0362765229
Wuhan;2014-09-22;Kemény;6-3 6-0;Petra Kvitova;183;CZE;24,5420944559;Karin Knapp;180;ITA;27,2361396304
Wuhan;2014-09-22;Kemény;4-6 6-2 6-4;Angelique Kerber;173;GER;26,6776180698;Zarina Diyas;;KAZ;20,9281314168
Wuhan;2014-09-22;Kemény;3-6 6-2 6-2;Barbora Zahlavova Strycova;164;CZE;28,4873374401;Madison Keys;178;USA;19,5947980835
Wuhan;2014-09-22;Kemény;7-6(3) 6-3;Elina Svitolina;174;UKR;20,0273785079;Sabine Lisicki;178;GER;24,9993155373
Wuhan;2014-09-22;Kemény;2-6 6-2 6-3;Garbine Muguruza;182;ESP;20,9555099247;Simona Halep;168;ROU;22,9869952088
Wuhan;2014-09-22;Kemény;7-6(4) 1-6 6-3;Alize Cornet;173;FRA;24,6652977413;Kirsten Flipkens;165;BEL;28,6981519507
Wuhan;2014-09-22;Kemény;6-2 6-3;Eugenie BoucKemény;;CAN;20,5722108145;Alison Riske;;USA;24,2217659138
Wuhan;2014-09-22;Kemény;7-6(3) 7-5;Timea Bacsinszky;;SUI;25,2895277207;Maria Sharapova;;RUS;27,4277891855
Wuhan;2014-09-22;Kemény;6-0 6-3;Caroline Wozniacki;177;DEN;24,1998631075;Casey Dellacqua;;AUS;29,6098562628
Wuhan;2014-09-22;Kemény;6-3 6-2;Caroline Garcia;;FRA;20,9336071184;Coco Vandeweghe;185;USA;22,7953456537
Wuhan;2014-09-22;Kemény;6-3 2-6 6-4;Petra Kvitova;183;CZE;24,5420944559;Karolina Pliskova;184;CZE;22,5051334702
Wuhan;2014-09-22;Kemény;6-1 6-1;Angelique Kerber;173;GER;26,6776180698;Barbora Zahlavova Strycova;164;CZE;28,4873374401
Wuhan;2014-09-22;Kemény;6-3 7-5;Eugenie BoucKemény;;CAN;20,5722108145;Alize Cornet;173;FRA;24,6652977413
Wuhan;2014-09-22;Kemény;4-6 6-2 6-3;Caroline Wozniacki;177;DEN;24,1998631075;Timea Bacsinszky;;SUI;25,2895277207
Wuhan;2014-09-22;Kemény;6-3 6-4;Petra Kvitova;183;CZE;24,5420944559;Caroline Garcia;;FRA;20,9336071184
Wuhan;2014-09-22;Kemény;6-4 7-6(3);Elina Svitolina;174;UKR;20,0273785079;Angelique Kerber;173;GER;26,6776180698
Wuhan;2014-09-22;Kemény;6-2 6-3;Eugenie BoucKemény;;CAN;20,5722108145;Caroline Wozniacki;177;DEN;24,1998631075
Wuhan;2014-09-22;Kemény;6-3 7-5;Petra Kvitova;183;CZE;24,5420944559;Elina Svitolina;174;UKR;20,0273785079
Wuhan;2014-09-22;Kemény;6-3 6-4;Petra Kvitova;183;CZE;24,5420944559;Eugenie BoucKemény;;CAN;20,5722108145
Beijing;2014-09-29;Kemény;7-5 6-2;Serena Williams;175;USA;33,0075290897;Silvia Soler Espinosa;;ESP;26,8610540726
Beijing;2014-09-29;Kemény;6-4 6-1;Tsvetana Pironkova;180;BUL;27,0444900753;Maria Kirilenko;173;RUS;27,6769336071
Beijing;2014-09-29;Kemény;4-6 6-1 6-4;Mona Barthel;185;GER;24,219028063;Bethanie Mattek Sands;168;USA;29,5195071869
Beijing;2014-09-29;Kemény;7-6(3) 6-4;Lucie Safarova;177;CZE;27,6495550992;Camila Giorgi;168;ITA;22,7488021903
Beijing;2014-09-29;Kemény;7-5 3-6 6-4;Alize Cornet;173;FRA;24,6844626968;Jelena Jankovic;177;SRB;29,582477755
Beijing;2014-09-29;Kemény;6-3 6-3;Lauren Davis;157;USA;20,9719370294;Yi Fan Xu;;CHN;26,1409993155
Beijing;2014-09-29;Kemény;6-4 6-2;Samantha Stosur;172;AUS;30,4996577687;Francesca Schiavone;166;ITA;34,2669404517
Beijing;2014-09-29;Kemény;6-4 6-1;Shuai Peng;173;CHN;28,7227926078;Kai Lin Zhang;;CHN;24,6680355921
Beijing;2014-09-29;Kemény;6-1 6-4;Caroline Garcia;;FRA;20,9527720739;Shuai Zhang;;CHN;25,6865160849
Beijing;2014-09-29;Kemény;6-3 6-1;Venus Williams;185;USA;34,2833675565;Heather Watson;170;GBR;22,3627652293
Beijing;2014-09-29;Kemény;6-7(8) 6-4 6-4;Ekaterina Makarova;178;RUS;26,3107460643;Garbine Muguruza;182;ESP;20,9746748802
Beijing;2014-09-29;Kemény;6-4 2-6 6-2;Polona Hercog;182;SLO;23,6906228611;Karolina Pliskova;184;CZE;22,5242984257
Beijing;2014-09-29;Kemény;6-2 2-6 6-1;Roberta Vinci;163;ITA;31,6112251882;Yaroslava Shvedova;180;KAZ;27,0472279261
Beijing;2014-09-29;Kemény;6-4 6-3;Agnieszka Radwanska;170;POL;25,5660506502;Coco Vandeweghe;185;USA;22,8145106092
Beijing;2014-09-29;Kemény;6-1 3-6 6-3;Angelique Kerber;173;GER;26,6967830253;Casey Dellacqua;;AUS;29,6290212183
Beijing;2014-09-29;Kemény;6-1 6-4;Zarina Diyas;;KAZ;20,9472963723;Klara Koukalova;166;CZE;32,5941136208
Beijing;2014-09-29;Kemény;3-6 6-3 6-4;Kurumi Nara;;JPN;22,7488021903;Sara Errani;164;ITA;27,4195756331
Beijing;2014-09-29;Kemény;7-6(3) 6-4;Flavia Pennetta;172;ITA;32,59137577;Christina Mchale;170;USA;22,3846680356
Beijing;2014-09-29;Kemény;6-2 6-4;Carla Suarez Navarro;162;ESP;26,0698151951;Kirsten Flipkens;165;BEL;28,7173169062
Beijing;2014-09-29;Kemény;6-4 6-1;Maria Sharapova;;RUS;27,446954141;Kaia Kanepi;181;EST;29,3032169747
Beijing;2014-09-29;Kemény;4-6 6-2 6-0;Sabine Lisicki;178;GER;25,0184804928;Shilin Xu;;CHN;16,7173169062
Beijing;2014-09-29;Kemény;6-2 6-4;Romina Oprandi;;SUI;28,5037645448;Bojana Jovanovski;175;SRB;22,7460643395
Beijing;2014-09-29;Kemény;6-2 6-1;Ana Ivanovic;183;SRB;26,8966461328;Belinda Bencic;;SUI;17,5550992471
Beijing;2014-09-29;Kemény;2-6 7-6(8) 6-4;Andrea Petkovic;180;GER;27,0554414784;Monica Niculescu;168;ROU;27,0116358658
Beijing;2014-09-29;Kemény;6-3 6-7(3) 7-5;Madison Keys;178;USA;19,613963039;Alison Riske;;USA;24,2409308693
Beijing;2014-09-29;Kemény;6-1 6-4;Simona Halep;168;ROU;23,0061601643;Barbora Zahlavova Strycova;164;CZE;28,5065023956
Beijing;2014-09-29;Kemény;6-2 6-3;Serena Williams;175;USA;33,0075290897;Tsvetana Pironkova;180;BUL;27,0444900753
Beijing;2014-09-29;Kemény;6-3 6-3;Lucie Safarova;177;CZE;27,6495550992;Mona Barthel;185;GER;24,219028063
Beijing;2014-09-29;Kemény;6-2 6-1;Alize Cornet;173;FRA;24,6844626968;Lauren Davis;157;USA;20,9719370294
Beijing;2014-09-29;Kemény;6-4 7-6(9);Samantha Stosur;172;AUS;30,4996577687;Caroline Wozniacki;177;DEN;24,219028063
Beijing;2014-09-29;Kemény;6-4 6-2;Petra Kvitova;183;CZE;24,5612594114;Shuai Peng;173;CHN;28,7227926078
Beijing;2014-09-29;Kemény;6-4 6-3;Venus Williams;185;USA;34,2833675565;Caroline Garcia;;FRA;20,9527720739
Beijing;2014-09-29;Kemény;7-5 6-0;Ekaterina Makarova;178;RUS;26,3107460643;Polona Hercog;182;SLO;23,6906228611
Beijing;2014-09-29;Kemény;6-4 6-4;Roberta Vinci;163;ITA;31,6112251882;Agnieszka Radwanska;170;POL;25,5660506502
Beijing;2014-09-29;Kemény;6-3 6-1;Angelique Kerber;173;GER;26,6967830253;Zarina Diyas;;KAZ;20,9472963723
Beijing;2014-09-29;Kemény;6-3 6-1;Svetlana Kuznetsova;174;RUS;29,2566735113;Kurumi Nara;;JPN;22,7488021903
Beijing;2014-09-29;Kemény;6-1 3-6 6-2;Carla Suarez Navarro;162;ESP;26,0698151951;Flavia Pennetta;172;ITA;32,59137577
Beijing;2014-09-29;Kemény;6-2 6-2;Maria Sharapova;;RUS;27,446954141;Elina Svitolina;174;UKR;20,0465434634
Beijing;2014-09-29;Kemény;6-2 6-4;Sabine Lisicki;178;GER;25,0184804928;Eugenie BoucKemény;;CAN;20,59137577
Beijing;2014-09-29;Kemény;6-4 6-2;Ana Ivanovic;183;SRB;26,8966461328;Romina Oprandi;;SUI;28,5037645448
Beijing;2014-09-29;Kemény;6-2 6-3;Andrea Petkovic;180;GER;27,0554414784;Madison Keys;178;USA;19,613963039
Beijing;2014-09-29;Kemény;7-5 6-4;Simona Halep;168;ROU;23,0061601643;Lin Zhu;;CHN;20,6680355921
Beijing;2014-09-29;Kemény;6-1 1-6 6-2;Serena Williams;175;USA;33,0075290897;Lucie Safarova;177;CZE;27,6495550992
Beijing;2014-09-29;Kemény;6-4 6-2;Samantha Stosur;172;AUS;30,4996577687;Alize Cornet;173;FRA;24,6844626968
Beijing;2014-09-29;Kemény;6-1 0-6 7-5;Roberta Vinci;163;ITA;31,6112251882;Ekaterina Makarova;178;RUS;26,3107460643
Beijing;2014-09-29;Kemény;2-6 6-4 6-3;Svetlana Kuznetsova;174;RUS;29,2566735113;Angelique Kerber;173;GER;26,6967830253
Beijing;2014-09-29;Kemény;6-1 7-6(3);Maria Sharapova;;RUS;27,446954141;Carla Suarez Navarro;162;ESP;26,0698151951
Beijing;2014-09-29;Kemény;6-3 7-5;Ana Ivanovic;183;SRB;26,8966461328;Sabine Lisicki;178;GER;25,0184804928
Beijing;2014-09-29;Kemény;7-6(4) 5-7 7-6(1);Simona Halep;168;ROU;23,0061601643;Andrea Petkovic;180;GER;27,0554414784
Beijing;2014-09-29;Kemény;7-6(2) 6-4;Petra Kvitova;183;CZE;24,5612594114;Roberta Vinci;163;ITA;31,6112251882
Beijing;2014-09-29;Kemény;6-0 6-4;Maria Sharapova;;RUS;27,446954141;Svetlana Kuznetsova;174;RUS;29,2566735113
Beijing;2014-09-29;Kemény;6-3 5-7 6-2;Petra Kvitova;183;CZE;24,5612594114;Samantha Stosur;172;AUS;30,4996577687
Beijing;2014-09-29;Kemény;6-0 6-4;Maria Sharapova;;RUS;27,446954141;Ana Ivanovic;183;SRB;26,8966461328
Beijing;2014-09-29;Kemény;6-4 2-6 6-3;Maria Sharapova;;RUS;27,446954141;Petra Kvitova;183;CZE;24,5612594114
Osaka;2014-10-06;Kemény;6-4 7-5;Samantha Stosur;172;AUS;30,5188227242;Misa Eguchi;;JPN;22,4668035592
Osaka;2014-10-06;Kemény;6-4 6-0;Jarmila Gajdosova;174;AUS;27,446954141;Miharu Imanishi;;JPN;22,379192334
Osaka;2014-10-06;Kemény;7-6(3) 6-3;Yulia Putintseva;;KAZ;19,7453798768;Risa Ozaki;;JPN;20,4900752909
Osaka;2014-10-06;Kemény;3-6 6-4 6-2;Heather Watson;170;GBR;22,3819301848;Jovana Jaksic;;SRB;21,015742642
Osaka;2014-10-06;Kemény;7-6(2) 4-6 6-1;Elina Svitolina;174;UKR;20,0657084189;Shelby Rogers;;USA;21,9794661191
Osaka;2014-10-06;Kemény;6-1 4-6 6-0;Naomi Osaka;;JPN;16,9719370294;Erika Sema;;JPN;25,864476386
Osaka;2014-10-06;Kemény;6-1 6-3;Shuko Aoyama;;JPN;26,7980835044;Renata Voracova;;CZE;31,0006844627
Osaka;2014-10-06;Kemény;1-6 6-4 7-6(3);Lauren Davis;157;USA;20,9911019849;Hiroko Kuwata;;JPN;23,8001368925
Osaka;2014-10-06;Kemény;7-6(3) 6-1;Zarina Diyas;;KAZ;20,9664613279;Yung Jan Chan;170;TPE;25,1362080767
Osaka;2014-10-06;Kemény;6-2 6-1;Lara Arruabarrena;166;ESP;22,546201232;Tatjana Maria;;GER;27,1622176591
Osaka;2014-10-06;Kemény;4-6 7-5 6-2;Ana Konjuh;;CRO;16,7748117728;Jie Zheng;164;CHN;31,2553045859
Osaka;2014-10-06;Kemény;6-2 6-3;Coco Vandeweghe;185;USA;22,8336755647;Kristina Mladenovic;184;FRA;21,3963039014
Osaka;2014-10-06;Kemény;4-6 6-1 6-3;Luksika Kumkhum;;THA;21,2101300479;Christina Mchale;170;USA;22,4038329911
Osaka;2014-10-06;Kemény;7-6(4) 3-6 6-1;Eri Hozumi;;JPN;20,6324435318;Bethanie Mattek Sands;168;USA;29,5386721424
Osaka;2014-10-06;Kemény;6-7(4) 6-2 6-2;Misaki Doi;159;JPN;23,4387405886;Ana Bogdan;;ROU;21,8617385352
Osaka;2014-10-06;Kemény;6-3 6-3;Madison Keys;178;USA;19,6331279945;Sachia Vickery;;USA;19,4058863792
Osaka;2014-10-06;Kemény;6-4 7-5;Yulia Putintseva;;KAZ;19,7453798768;Heather Watson;170;GBR;22,3819301848
Osaka;2014-10-06;Kemény;3-6 6-3 6-4;Elina Svitolina;174;UKR;20,0657084189;Naomi Osaka;;JPN;16,9719370294
Osaka;2014-10-06;Kemény;6-1 6-1;Lauren Davis;157;USA;20,9911019849;Shuko Aoyama;;JPN;26,7980835044
Osaka;2014-10-06;Kemény;6-0 6-1;Zarina Diyas;;KAZ;20,9664613279;Lara Arruabarrena;166;ESP;22,546201232
Osaka;2014-10-06;Kemény;6-2 3-6 6-3;Ana Konjuh;;CRO;16,7748117728;Coco Vandeweghe;185;USA;22,8336755647
Osaka;2014-10-06;Kemény;2-6 6-4 6-4;Luksika Kumkhum;;THA;21,2101300479;Eri Hozumi;;JPN;20,6324435318
Osaka;2014-10-06;Kemény;6-0 6-4;Madison Keys;178;USA;19,6331279945;Misaki Doi;159;JPN;23,4387405886
Osaka;2014-10-06;Kemény;6-4 6-1;Samantha Stosur;172;AUS;30,5188227242;Yulia Putintseva;;KAZ;19,7453798768
Osaka;2014-10-06;Kemény;6-2 6-4;Elina Svitolina;174;UKR;20,0657084189;Lauren Davis;157;USA;20,9911019849
Osaka;2014-10-06;Kemény;6-7(4) 6-4 6-2;Zarina Diyas;;KAZ;20,9664613279;Ana Konjuh;;CRO;16,7748117728
Osaka;2014-10-06;Kemény;7-6(6) 6-2;Samantha Stosur;172;AUS;30,5188227242;Elina Svitolina;174;UKR;20,0657084189
Osaka;2014-10-06;Kemény;6-2 7-5;Zarina Diyas;;KAZ;20,9664613279;Luksika Kumkhum;;THA;21,2101300479
Osaka;2014-10-06;Kemény;7-6(7) 6-3;Samantha Stosur;172;AUS;30,5188227242;Zarina Diyas;;KAZ;20,9664613279
Linz;2014-10-06;Kemény;6-4 6-1;Eugenie BoucKemény;;CAN;20,6105407255;Patricia Mayr Achleitner;;AUT;27,909650924
Linz;2014-10-06;Kemény;6-2 6-3;Tsvetana Pironkova;180;BUL;27,0636550308;Lisa Maria Moser;;AUT;23,5263518138
Linz;2014-10-06;Kemény;6-4 5-7 6-2;Magdalena Rybarikova;180;SVK;26,0041067762;Kaia Kanepi;181;EST;29,3223819302
Linz;2014-10-06;Kemény;7-5 2-6 7-6(1);Karin Knapp;180;ITA;27,2744695414;Sabine Lisicki;178;GER;25,0376454483
Linz;2014-10-06;Kemény;6-1 6-2;Camila Giorgi;168;ITA;22,7679671458;Andrea Petkovic;180;GER;27,0746064339
Linz;2014-10-06;Kemény;7-5 6-1;Ons Jabeur;;TUN;20,1067761807;Donna Vekic;;CRO;18,2724161533
Linz;2014-10-06;Kemény;7-5 3-6 7-6(3);Klara Koukalova;166;CZE;32,6132785763;Katerina Siniakova;;CZE;18,4065708419
Linz;2014-10-06;Kemény;6-2 4-6 6-4;Marina Erakovic;174;NZL;26,5845311431;Caroline Garcia;;FRA;20,9719370294
Linz;2014-10-06;Kemény;7-6(4) 7-5;Stefanie Voegele;170;SUI;24,5749486653;Barbora Zahlavova Strycova;164;CZE;28,5256673511
Linz;2014-10-06;Kemény;7-6(6) 6-4;Anna Karolina Schmiedlova;;SVK;20,0629705681;Annika Beck;170;GER;20,6351813826
Linz;2014-10-06;Kemény;7-6(3) 1-6 6-4;Jana Cepelova;168;SVK;21,3552361396;Timea Bacsinszky;;SUI;25,3278576318
Linz;2014-10-06;Kemény;2-6 6-3 6-4;Anna Lena Friedsam;;GER;20,6762491444;Dominika Cibulkova;161;SVK;25,4182067077
Linz;2014-10-06;Kemény;6-2 6-4;Karolina Pliskova;184;CZE;22,5434633812;Kirsten Flipkens;165;BEL;28,7364818617
Linz;2014-10-06;Kemény;6-3 6-1;Mona Barthel;185;GER;24,2381930185;Kiki Bertens;182;NED;22,8227241615
Linz;2014-10-06;Kemény;6-3 6-2;Ana Ivanovic;183;SRB;26,9158110883;Pauline Parmentier;175;FRA;28,6789869952
Linz;2014-10-06;Kemény;6-3 6-2;Camila Giorgi;168;ITA;22,7679671458;Ons Jabeur;;TUN;20,1067761807
Linz;2014-10-06;Kemény;6-0 6-2;Marina Erakovic;174;NZL;26,5845311431;Klara Koukalova;166;CZE;32,6132785763
Linz;2014-10-06;Kemény;2-6 6-1 6-4;Stefanie Voegele;170;SUI;24,5749486653;Anna Karolina Schmiedlova;;SVK;20,0629705681
Linz;2014-10-06;Kemény;6-0 6-4;Anna Lena Friedsam;;GER;20,6762491444;Jana Cepelova;168;SVK;21,3552361396
Linz;2014-10-06;Kemény;6-4 6-2;Karolina Pliskova;184;CZE;22,5434633812;Mona Barthel;185;GER;24,2381930185
Linz;2014-10-06;Kemény;6-4 4-6 6-4;Karin Knapp;180;ITA;27,2744695414;Tsvetana Pironkova;180;BUL;27,0636550308
Linz;2014-10-06;Kemény;6-3 7-5;Camila Giorgi;168;ITA;22,7679671458;Marina Erakovic;174;NZL;26,5845311431
Linz;2014-10-06;Kemény;4-6 6-2 6-3;Anna Lena Friedsam;;GER;20,6762491444;Stefanie Voegele;170;SUI;24,5749486653
Linz;2014-10-06;Kemény;6-4 6-4;Karolina Pliskova;184;CZE;22,5434633812;Madison Brengle;;USA;24,5092402464
Linz;2014-10-06;Kemény;6-4 6-2;Camila Giorgi;168;ITA;22,7679671458;Karin Knapp;180;ITA;27,2744695414
Linz;2014-10-06;Kemény;2-6 6-3 6-3;Karolina Pliskova;184;CZE;22,5434633812;Anna Lena Friedsam;;GER;20,6762491444
Linz;2014-10-06;Kemény;6-7(4) 6-3 7-6(4);Karolina Pliskova;184;CZE;22,5434633812;Camila Giorgi;168;ITA;22,7679671458
Luxembourg;2014-10-13;Kemény;6-4 6-2;Pauline Parmentier;175;FRA;28,6981519507;Andrea Petkovic;180;GER;27,0937713895
Luxembourg;2014-10-13;Kemény;7-6(6) 6-3;Annika Beck;170;GER;20,6543463381;Timea Bacsinszky;;SUI;25,3470225873
Luxembourg;2014-10-13;Kemény;6-1 6-3;Roberta Vinci;163;ITA;31,6495550992;Tereza Smitkova;;CZE;20,0082135524
Luxembourg;2014-10-13;Kemény;7-5 6-0;Sabine Lisicki;178;GER;25,0568104038;Daniela Hantuchova;181;SVK;31,4743326489
Luxembourg;2014-10-13;Kemény;6-1 3-6 6-2;Denisa Allertova;;CZE;21,6016427105;Ons Jabeur;;TUN;20,1259411362
Luxembourg;2014-10-13;Kemény;6-3 6-0;Jana Cepelova;168;SVK;21,3744010951;Maria Teresa Torro Flor;173;ESP;22,4476386037
Luxembourg;2014-10-13;Kemény;6-3 5-7 6-2;Varvara Lepchenko;180;USA;28,3969883641;Julia Goerges;180;GER;25,9438740589
Luxembourg;2014-10-13;Kemény;7-6(5) 6-1;Johanna Larsson;174;SWE;26,1546885695;Kirsten Flipkens;165;BEL;28,7556468172
Luxembourg;2014-10-13;Kemény;6-3 6-4;Polona Hercog;182;SLO;23,7289527721;Marina Erakovic;174;NZL;26,6036960986
Luxembourg;2014-10-13;Kemény;5-7 6-2 6-2;Alison Van Uytvanck;;BEL;20,5503080082;Stefanie Voegele;170;SUI;24,5941136208
Luxembourg;2014-10-13;Kemény;6-4 6-3;Barbora Zahlavova Strycova;164;CZE;28,5448323066;Silvia Soler Espinosa;;ESP;26,8993839836
Luxembourg;2014-10-13;Kemény;6-2 6-2;Monica Niculescu;168;ROU;27,0499657769;Antonia Lottner;;GER;18,1656399726
Luxembourg;2014-10-13;Kemény;2-6 6-2 6-4;Kiki Bertens;182;NED;22,841889117;Anna Lena Friedsam;;GER;20,6954140999
Luxembourg;2014-10-13;Kemény;6-2 7-6(6);Alize Cornet;173;FRA;24,7227926078;Lucie Hradecka;177;CZE;29,3963039014
Luxembourg;2014-10-13;Kemény;6-1 7-5;Patricia Mayr Achleitner;;AUT;27,9288158795;Pauline Parmentier;175;FRA;28,6981519507
Luxembourg;2014-10-13;Kemény;7-5 6-0;Annika Beck;170;GER;20,6543463381;Roberta Vinci;163;ITA;31,6495550992
Luxembourg;2014-10-13;Kemény;7-5 6-2;Denisa Allertova;;CZE;21,6016427105;Sabine Lisicki;178;GER;25,0568104038
Luxembourg;2014-10-13;Kemény;6-2 6-2;Varvara Lepchenko;180;USA;28,3969883641;Jana Cepelova;168;SVK;21,3744010951
Luxembourg;2014-10-13;Kemény;6-7(8) 7-5 6-1;Johanna Larsson;174;SWE;26,1546885695;Polona Hercog;182;SLO;23,7289527721
Luxembourg;2014-10-13;Kemény;6-4 7-6(1);Barbora Zahlavova Strycova;164;CZE;28,5448323066;Alison Van Uytvanck;;BEL;20,5503080082
Luxembourg;2014-10-13;Kemény;0-6 7-5 6-3;Mona Barthel;185;GER;24,257357974;Monica Niculescu;168;ROU;27,0499657769
Luxembourg;2014-10-13;Kemény;6-2 6-3;Kiki Bertens;182;NED;22,841889117;Alize Cornet;173;FRA;24,7227926078
Luxembourg;2014-10-13;Kemény;6-2 6-2;Annika Beck;170;GER;20,6543463381;Patricia Mayr Achleitner;;AUT;27,9288158795
Luxembourg;2014-10-13;Kemény;4-6 6-3 7-5;Denisa Allertova;;CZE;21,6016427105;Varvara Lepchenko;180;USA;28,3969883641
Luxembourg;2014-10-13;Kemény;6-0 6-2;Barbora Zahlavova Strycova;164;CZE;28,5448323066;Johanna Larsson;174;SWE;26,1546885695
Luxembourg;2014-10-13;Kemény;6-3 6-0;Mona Barthel;185;GER;24,257357974;Kiki Bertens;182;NED;22,841889117
Luxembourg;2014-10-13;Kemény;6-0 6-1;Annika Beck;170;GER;20,6543463381;Denisa Allertova;;CZE;21,6016427105
Luxembourg;2014-10-13;Kemény;6-3 6-2;Barbora Zahlavova Strycova;164;CZE;28,5448323066;Mona Barthel;185;GER;24,257357974
Luxembourg;2014-10-13;Kemény;6-2 6-1;Annika Beck;170;GER;20,6543463381;Barbora Zahlavova Strycova;164;CZE;28,5448323066
Moscow;2014-10-13;Kemény;6-1 6-2;Alison Riske;;USA;24,2792607803;Darya Kasatkina;;RUS;17,4346338125
Moscow;2014-10-13;Kemény;6-3 6-4;Anastasia Pavlyuchenkova;177;RUS;23,279945243;Ana Konjuh;;CRO;16,7939767283
Moscow;2014-10-13;Kemény;6-0 6-3;Camila Giorgi;168;ITA;22,7871321013;Lesia Tsurenko;174;UKR;25,3716632444
Moscow;2014-10-13;Kemény;6-2 6-2;Katerina Siniakova;;CZE;18,4257357974;Elena Vesnina;176;RUS;28,1998631075
Moscow;2014-10-13;Kemény;6-3 7-5;Kristina Mladenovic;184;FRA;21,4154688569;Karolina Pliskova;184;CZE;22,5626283368
Moscow;2014-10-13;Kemény;6-3 6-2;Kateryna Kozlova;;UKR;20,643394935;Aliaksandra Sasnovich;;BLR;20,5612594114
Moscow;2014-10-13;Kemény;6-4 4-6 6-3;Ajla Tomljanovic;;CRO;21,4346338125;Alexandra Panova;;RUS;25,6153319644
Moscow;2014-10-13;Kemény;6-4 6-2;Aleksandra Krunic;;SRB;21,5797399042;Caroline Garcia;;FRA;20,9911019849
Moscow;2014-10-13;Kemény;6-2 6-2;Tsvetana Pironkova;180;BUL;27,0828199863;Danka Kovinic;;MNE;19,9014373717
Moscow;2014-10-13;Kemény;7-6(5) 1-6 6-3;Irina Camelia Begu;181;ROU;24,1314168378;Donna Vekic;;CRO;18,2915811088
Moscow;2014-10-13;Kemény;4-6 6-2 6-2;Vitalia Diatchenko;170;RUS;24,1971252567;Dominika Cibulkova;161;SVK;25,4373716632
Moscow;2014-10-13;Kemény;6-2 6-2;Anastasia Pavlyuchenkova;177;RUS;23,279945243;Alison Riske;;USA;24,2792607803
Moscow;2014-10-13;Kemény;7-6(4) 6-4;Camila Giorgi;168;ITA;22,7871321013;Flavia Pennetta;172;ITA;32,629705681
Moscow;2014-10-13;Kemény;6-1 6-1;Katerina Siniakova;;CZE;18,4257357974;Kristina Mladenovic;184;FRA;21,4154688569
Moscow;2014-10-13;Kemény;3-6 6-3 6-3;Svetlana Kuznetsova;174;RUS;29,2950034223;Kateryna Kozlova;;UKR;20,643394935
Moscow;2014-10-13;Kemény;7-6(4) 6-2;Lucie Safarova;177;CZE;27,6878850103;Ajla Tomljanovic;;CRO;21,4346338125
Moscow;2014-10-13;Kemény;6-2 6-3;Tsvetana Pironkova;180;BUL;27,0828199863;Aleksandra Krunic;;SRB;21,5797399042
Moscow;2014-10-13;Kemény;6-4 6-4;Irina Camelia Begu;181;ROU;24,1314168378;Ekaterina Makarova;178;RUS;26,3490759754
Moscow;2014-10-13;Kemény;6-1 3-6 6-3;Anastasia Pavlyuchenkova;177;RUS;23,279945243;Vitalia Diatchenko;170;RUS;24,1971252567
Moscow;2014-10-13;Kemény;7-6(3) 4-6 7-5;Katerina Siniakova;;CZE;18,4257357974;Camila Giorgi;168;ITA;22,7871321013
Moscow;2014-10-13;Kemény;6-4 7-5;Lucie Safarova;177;CZE;27,6878850103;Svetlana Kuznetsova;174;RUS;29,2950034223
Moscow;2014-10-13;Kemény;1-6 6-3 6-2;Irina Camelia Begu;181;ROU;24,1314168378;Tsvetana Pironkova;180;BUL;27,0828199863
Moscow;2014-10-13;Kemény;6-2 6-2;Anastasia Pavlyuchenkova;177;RUS;23,279945243;Katerina Siniakova;;CZE;18,4257357974
Moscow;2014-10-13;Kemény;7-6(5) 1-6 6-3;Irina Camelia Begu;181;ROU;24,1314168378;Lucie Safarova;177;CZE;27,6878850103
Moscow;2014-10-13;Kemény;6-4 5-7 6-1;Anastasia Pavlyuchenkova;177;RUS;23,279945243;Irina Camelia Begu;181;ROU;24,1314168378
WTA Finals;2014-10-20;Kemény;2-6 6-3 7-6(6);Serena Williams;175;USA;33,0650239562;Caroline Wozniacki;177;DEN;24,2765229295
WTA Finals;2014-10-20;Kemény;6-2 6-2;Simona Halep;168;ROU;23,0636550308;Agnieszka Radwanska;170;POL;25,6235455168
WTA Finals;2014-10-20;Kemény;6-3 6-0;Serena Williams;175;USA;33,0650239562;Simona Halep;168;ROU;23,0636550308
Brisbane International;2013-12-30;Kemény;6-2 4-3 RET;Angelique Kerber;173;GER;25,9493497604;Anastasia Pavlyuchenkova;177;RUS;22,4941820671
Shenzhen;2013-12-30;Kemény;6-0 2-0 RET;Nadiya Kichenok;;UKR;21,4455852156;Timea Babos;179;HUN;20,6406570842
Shenzhen;2013-12-30;Kemény;6-3 7-5;Klara Koukalova;166;CZE;31,8466803559;Donna Vekic;;CRO;17,5058179329
Auckland;2013-12-30;Kemény;6-1 4-0 RET;Kurumi Nara;;JPN;22,0013689254;Alexandra Cadantu;170;ROU;23,6605065024
Sydney;2014-01-06;Kemény;3-2 RET;Madison Keys;178;USA;18,8856947296;Bethanie Mattek Sands;168;USA;28,7912388775
Hobart;2014-01-06;Kemény;4-6 2-0 RET;Yanina Wickmayer;182;BEL;24,2135523614;Laura Robson;180;GBR;19,9589322382
Hobart;2014-01-06;Kemény;4-1 RET;Garbine Muguruza;182;ESP;20,2464065708;Yanina Wickmayer;182;BEL;24,2135523614
Paris Open;2014-01-27;Szőnyeg;6-3 3-0 RET;Daniela Hantuchova;181;SVK;30,765229295;Marina Erakovic;174;NZL;25,8945927447
Doha;2014-02-10;Kemény;7-5 1-0 RET;Ana Ivanovic;183;SRB;26,264202601;Daniela Hantuchova;181;SVK;30,803559206
Doha;2014-02-10;Kemény;5-5 RET;Alisa Kleybanova;181;RUS;24,5749486653;Dominika Cibulkova;161;SVK;24,7665982204
Doha;2014-02-10;Kemény;6-4 0-1 RET;Agnieszka Radwanska;170;POL;24,9336071184;Mirjana Lucic;;CRO;31,9260780287
Dubai Open;2014-02-17;Kemény;6-1 1-1 RET;Alize Cornet;173;FRA;24,0711841205;Simona Halep;168;ROU;22,392881588
Florianopolis;2014-02-24;Kemény;6-3 6-3;Klara Koukalova;166;CZE;32,0;Donna Vekic;;CRO;17,659137577
Florianopolis;2014-02-24;Kemény;4-6 6-0 4-1 RET;Carla Suarez Navarro;162;ESP;25,4757015743;Monica Niculescu;168;ROU;26,417522245
Acapulco;2014-02-24;Kemény;4-2 RET;Dominika Cibulkova;161;SVK;24,8049281314;Shuai Zhang;;CHN;25,0924024641
Indian Wells;2014-03-03;Kemény;6-1 1-0 RET;Maria Teresa Torro Flor;173;ESP;21,8343600274;Galina Voskoboeva;183;KAZ;29,2046543463
Indian Wells;2014-03-03;Kemény;1-1 RET;Silvia Soler Espinosa;;ESP;26,2861054073;Nadia Petrova;178;RUS;31,7344284736
Miami;2014-03-17;Kemény;6-4 4-2 RET;Rebecca Peterson;;SWE;18,6119096509;Mona Barthel;185;GER;23,6824093087
Monterrey;2014-03-31;Kemény;6-4 RET;Magdalena Rybarikova;180;SVK;25,4866529774;Ayumi Morita;163;JPN;24,0547570157
Charleston;2014-03-31;Salak;6-3 RET;Sara Errani;164;ITA;26,9212867899;Kiki Bertens;182;NED;22,3052703628
Kuala Lumpur;2014-04-14;Kemény;5-3 RET;Cagla Buyukakcay;;TUR;24,5420944559;Kimiko Date Krumm;163;JPN;43,5427789185
Stuttgart;2014-04-21;Salak;6-3 6-7(6) 3-0 RET;Sara Errani;164;ITA;26,9787816564;Carla Suarez Navarro;162;ESP;25,6290212183
Madrid;2014-05-05;Salak;6-3 2-0 RET;Caroline Garcia;;FRA;20,5503080082;Angelique Kerber;173;GER;26,2943189596
Rome Italian Open;2014-05-12;Salak;6-2 4-0 RET;Jelena Jankovic;177;SRB;29,1991786448;Svetlana Kuznetsova;174;RUS;28,8733744011
Strasbourg;2014-05-19;Salak;6-2 3-1 RET;Christina Mchale;170;USA;22,0205338809;Zarina Diyas;;KAZ;20,5831622177
French Open;2014-05-26;Salak;4-6 6-4 3-0 RET;Magdalena Rybarikova;180;SVK;25,6399726215;Urszula Radwanska;177;POL;23,4661190965
French Open;2014-05-26;Salak;6-1 3-0 RET;Mona Barthel;185;GER;23,8740588638;Sabine Lisicki;178;GER;24,6735112936
French Open;2014-05-26;Salak;7-5 6-2;Ana Ivanovic;183;SRB;26,5516769336;Elina Svitolina;174;UKR;19,7015742642
Birmingham;2014-06-09;Fű;4-6 6-1 2-1 RET;Camila Giorgi;168;ITA;22,4421629021;Katy Dunne;;GBR;19,3100616016
Wimbledon;2014-06-23;Fű;6-1 7-5;Petra Kvitova;183;CZE;24,2929500342;Barbora Zahlavova Strycova;164;CZE;28,2381930185
's Hertogenbosch;2014-06-16;Fű;5-7 3-2 RET;Annika Beck;170;GER;20,3285420945;Simona Halep;168;ROU;22,7186858316
's Hertogenbosch;2014-06-16;Fű;7-5 0-1 RET;Jie Zheng;164;CHN;30,9486652977;Carla Suarez Navarro;162;ESP;25,7823408624
's Hertogenbosch;2014-06-16;Fű;6-7(6) 6-0 2-1 RET;Coco Vandeweghe;185;USA;22,5270362765;Vania King;165;USA;25,28678987
Bad Gastein;2014-07-07;Salak;6-3 3-0 RET;Ana Bogdan;;ROU;21,6125941136;Ajla Tomljanovic;;CRO;21,1663244353
Istanbul;2014-07-14;Kemény;5-3 RET;Misaki Doi;159;JPN;23,2087611225;Monica Niculescu;168;ROU;26,8008213552
Istanbul;2014-07-14;Kemény;6-3 4-1 RET;Roberta Vinci;163;ITA;31,4004106776;Alexandra Dulgheru;;ROU;25,1225188227
Bastad;2014-07-14;Salak;3-1 RET;Yulia Putintseva;;KAZ;19,5154004107;Teliana Pereira;;BRA;25,9822039699
Bastad;2014-07-14;Salak;6-1 4-2 RET;Lara Arruabarrena;166;ESP;22,3162217659;Irina Camelia Begu;181;ROU;23,8822724162
Baku;2014-07-21;Kemény;6-1 RET;Urszula Radwanska;177;POL;23,6194387406;Alison Van Uytvanck;;BEL;20,3203285421
Stanford;2014-07-28;Kemény;6-2 1-0 RET;Carol Zhao;;CAN;19,1047227926;Yanina Wickmayer;182;BEL;24,7693360712
Washington;2014-07-28;Kemény;3-6 6-2 4-0 RET;Kurumi Nara;;JPN;22,5763175907;Zarina Diyas;;KAZ;20,7748117728
Canadian Open;2014-08-04;Kemény;6-1 3-2 RET;Madison Keys;178;USA;19,4606433949;Svetlana Kuznetsova;174;RUS;29,1033538672
Cincinnati;2014-08-11;Kemény;6-4 6-7(4) 6-3;Svetlana Kuznetsova;174;RUS;29,1225188227;Camila Giorgi;168;ITA;22,6146475017
US Open;2014-08-25;Kemény;6-1 3-6 2-0 RET;Caroline Wozniacki;177;DEN;24,1232032854;Magdalena Rybarikova;180;SVK;25,8891170431
US Open;2014-08-25;Kemény;6-7(7) 4-3 RET;Timea Bacsinszky;;SUI;25,2128678987;Kiki Bertens;182;NED;22,7077344285
US Open;2014-08-25;Kemény;6-2 6-7(2) 6-4;Eugenie BoucKemény;;CAN;20,4955509925;Barbora Zahlavova Strycova;164;CZE;28,4106776181
US Open;2014-08-25;Kemény;7-6(1) 4-3 RET;Caroline Wozniacki;177;DEN;24,1232032854;Shuai Peng;173;CHN;28,6269678303
Hong Kong;2014-09-08;Kemény;6-3 4-0 RET;Francesca Schiavone;166;ITA;34,2094455852;Kimiko Date Krumm;163;JPN;43,9452429843
Seoul;2014-09-15;Kemény;6-2 2-0 RET;Christina Mchale;170;USA;22,3463381246;Magdalena Rybarikova;180;SVK;25,9466119097
Wuhan;2014-09-22;Kemény;4-6 6-4 6-6 RET;Alison Riske;;USA;24,2217659138;Shilin Xu;;CHN;16,6981519507
Wuhan;2014-09-22;Kemény;7-5 6-5 RET;Anastasia Pavlyuchenkova;177;RUS;23,2224503765;Ana Ivanovic;183;SRB;26,8774811773
Wuhan;2014-09-22;Kemény;4-6 6-3 RET;Madison Keys;178;USA;19,5947980835;Dominika Cibulkova;161;SVK;25,3798767967
Wuhan;2014-09-22;Kemény;4-1 RET;Coco Vandeweghe;185;USA;22,7953456537;Jelena Jankovic;177;SRB;29,5633127995
Beijing;2014-09-29;Kemény;6-2 1-1 RET;Svetlana Kuznetsova;174;RUS;29,2566735113;Daniela Hantuchova;181;SVK;31,4360027379
Beijing;2014-09-29;Kemény;6-3 3-3 RET;Lin Zhu;;CHN;20,6680355921;Anastasia Pavlyuchenkova;177;RUS;23,241615332
Osaka;2014-10-06;Kemény;7-6(4) 1-0 RET;Samantha Stosur;172;AUS;30,5188227242;Jarmila Gajdosova;174;AUS;27,446954141
Osaka;2014-10-06;Kemény;6-2 4-3 RET;Luksika Kumkhum;;THA;21,2101300479;Madison Keys;178;USA;19,6331279945
Linz;2014-10-06;Kemény;7-5 3-1 RET;Madison Brengle;;USA;24,5092402464;Irina Camelia Begu;181;ROU;24,1122518823
Linz;2014-10-06;Kemény;6-3 RET;Karin Knapp;180;ITA;27,2744695414;Magdalena Rybarikova;180;SVK;26,0041067762
Luxembourg;2014-10-13;Kemény;2-3 RET;Patricia Mayr Achleitner;;AUT;27,9288158795;Karin Knapp;180;ITA;27,2936344969
Moscow;2014-10-13;Kemény;6-2 2-1 RET;Vitalia Diatchenko;170;RUS;24,1971252567;Olga Govortsova;182;BLR;26,1382614648
Moscow;2014-10-13;Kemény;6-1 RET;Svetlana Kuznetsova;174;RUS;29,2950034223;Klara Koukalova;166;CZE;32,6324435318
Australian Open;2014-01-13;Kemény;6-3 6-4;Samantha Stosur;172;AUS;29,7905544148;Klara Koukalova;166;CZE;31,8850102669
Australian Open;2014-01-13;Kemény;6-2 6-7(8) 9-7;Madison Keys;178;USA;18,9048596851;Patricia Mayr Achleitner;;AUT;27,1813826146
Australian Open;2014-01-13;Kemény;7-5 6-1;Eugenie BoucKemény;;CAN;19,8822724162;Hao Chen Tang;;CHN;19,8932238193
Australian Open;2014-01-13;Kemény;6-3 6-3;Lauren Davis;157;USA;20,2628336756;Sachia Vickery;;USA;18,6776180698
Australian Open;2014-01-13;Kemény;6-3 6-1;Irina Falconi;;USA;23,6960985626;Anabel Medina Garrigues;169;ESP;31,4551676934
Australian Open;2014-01-13;Kemény;1-0 RET;Alize Cornet;173;FRA;23,9753593429;Polona Hercog;182;SLO;22,9815195072
Australian Open;2014-01-13;Kemény;7-6(7) 6-4;Anastasia Pavlyuchenkova;177;RUS;22,5325119781;Teliana Pereira;;BRA;25,4839151266
Australian Open;2014-01-13;Kemény;6-0 6-2;Caroline Wozniacki;177;DEN;23,5099247091;Lourdes Dominguez Lino;163;ESP;32,7885010267
Australian Open;2014-01-13;Kemény;6-1 4-6 6-1;Barbora Zahlavova Strycova;164;CZE;27,7973990418;Su Wei Hsieh;169;TPE;28,0246406571
Australian Open;2014-01-13;Kemény;6-2 6-2;Anastasia Pavlyuchenkova;177;RUS;22,5325119781;Mandy Minella;;LUX;28,1423682409
Australian Open;2014-01-13;Kemény;3-6 6-3 6-2;Yvonne Meusburger;;AUT;30,2806297057;Bojana Jovanovski;175;SRB;22,0369609856
Australian Open;2014-01-13;Kemény;6-1 6-4;Victoria Azarenka;180;BLR;24,4544832307;Barbora Zahlavova Strycova;164;CZE;27,7973990418
Australian Open;2014-01-13;Kemény;6-1 7-6(6);Maria Sharapova;;RUS;26,7378507871;Alize Cornet;173;FRA;23,9753593429
Australian Open;2014-01-13;Kemény;5-7 6-2 6-2;Agnieszka Radwanska;170;POL;24,8569472964;Anastasia Pavlyuchenkova;177;RUS;22,5325119781
Australian Open;2014-01-13;Kemény;6-1 6-0;Victoria Azarenka;180;BLR;24,4544832307;Yvonne Meusburger;;AUT;30,2806297057
Brisbane International;2013-12-30;Kemény;DEF;Maria Sharapova;;RUS;26,6995208761;Ashleigh Barty;;AUS;17,6837782341
Brisbane International;2013-12-30;Kemény;DEF;Stefanie Voegele;170;SUI;23,8083504449;Sabine Lisicki;178;GER;24,2710472279
Shenzhen;2013-12-30;Kemény;7-6(2) 6-4;Patricia Mayr Achleitner;;AUT;27,1430527036;Klara Koukalova;166;CZE;31,8466803559
Shenzhen;2013-12-30;Kemény;DEF;Shuai Peng;173;CHN;27,9753593429;Vania King;165;USA;24,8268309377
Auckland;2013-12-30;Kemény;7-5 6-0;Johanna Larsson;174;SWE;25,3689253936;Lourdes Dominguez Lino;163;ESP;32,7501711157
Auckland;2013-12-30;Kemény;DEF;Venus Williams;185;USA;33,5359342916;Jamie Hampton;173;USA;23,9753593429
Hobart;2014-01-06;Kemény;7-5 6-2;Klara Koukalova;166;CZE;31,8658453114;Yvonne Meusburger;;AUT;30,2614647502
Hobart;2014-01-06;Kemény;7-5 6-4;Estrella Cabeza Candela;;ESP;26,8774811773;Karin Knapp;180;ITA;26,5270362765
Hobart;2014-01-06;Kemény;6-1 6-1;Garbine Muguruza;182;ESP;20,2464065708;An Sophie Mestach;;BEL;19,8357289528
Hobart;2014-01-06;Kemény;6-1 6-2;Klara Koukalova;166;CZE;31,8658453114;Shuai Zhang;;CHN;24,9582477755
Hobart;2014-01-06;Kemény;4-6 6-2 4-1 RET;Estrella Cabeza Candela;;ESP;26,8774811773;Elena Vesnina;176;RUS;27,4332648871
Hobart;2014-01-06;Kemény;6-4 7-5;Klara Koukalova;166;CZE;31,8658453114;Alison Riske;;USA;23,5126625599
Hobart;2014-01-06;Kemény;3-6 7-6(3) 6-4;Estrella Cabeza Candela;;ESP;26,8774811773;Monica Niculescu;168;ROU;26,2833675565
Hobart;2014-01-06;Kemény;6-3 6-2;Klara Koukalova;166;CZE;31,8658453114;Samantha Stosur;172;AUS;29,7713894593
Hobart;2014-01-06;Kemény;6-0 6-1;Garbine Muguruza;182;ESP;20,2464065708;Estrella Cabeza Candela;;ESP;26,8774811773
Hobart;2014-01-06;Kemény;6-4 6-0;Garbine Muguruza;182;ESP;20,2464065708;Klara Koukalova;166;CZE;31,8658453114
Pattaya;2014-01-27;Kemény;6-2 6-4;Andrea Hlavackova;174;CZE;27,4661190965;Estrella Cabeza Candela;;ESP;26,9349760438
Pattaya;2014-01-27;Kemény;DEF;Andrea Hlavackova;174;CZE;27,4661190965;Sabine Lisicki;178;GER;24,34770705
Pattaya;2014-01-27;Kemény;DEF;Julia Goerges;180;GER;25,234770705;Svetlana Kuznetsova;174;RUS;28,5859000684
Paris Open;2014-01-27;Szőnyeg;7-6(4) 6-2;Klara Koukalova;166;CZE;31,923340178;Caroline Garcia;;FRA;20,2819986311
Paris Open;2014-01-27;Szőnyeg;6-2 7-5;Angelique Kerber;173;GER;26,0260095825;Klara Koukalova;166;CZE;31,923340178
Doha;2014-02-10;Kemény;6-2 6-4;Klara Koukalova;166;CZE;31,961670089;Elina Svitolina;174;UKR;19,4140999316
Doha;2014-02-10;Kemény;4-6 6-1 6-3;Klara Koukalova;166;CZE;31,961670089;Ana Ivanovic;183;SRB;26,264202601
Doha;2014-02-10;Kemény;6-2 6-3;Angelique Kerber;173;GER;26,0643394935;Klara Koukalova;166;CZE;31,961670089
Rio Open;2014-02-17;Salak;6-4 6-4;Klara Koukalova;166;CZE;31,9808350445;Mariana Duque Marino;;COL;24,5174537988
Rio Open;2014-02-17;Salak;6-4 6-4;Lourdes Dominguez Lino;163;ESP;32,8843258042;Francesca Schiavone;166;ITA;33,6536618754
Rio Open;2014-02-17;Salak;6-4 6-1;Klara Koukalova;166;CZE;31,9808350445;Silvia Soler Espinosa;;ESP;26,2477754962
Rio Open;2014-02-17;Salak;2-6 7-6(7) 6-1;Lourdes Dominguez Lino;163;ESP;32,8843258042;Chanelle Scheepers;;RSA;29,9329226557
Rio Open;2014-02-17;Salak;6-4 6-0;Klara Koukalova;166;CZE;31,9808350445;Katarzyna Piter;;POL;23,0034223135
Rio Open;2014-02-17;Salak;7-6(5) 2-0 RET;Kurumi Nara;;JPN;22,135523614;Lourdes Dominguez Lino;163;ESP;32,8843258042
Rio Open;2014-02-17;Salak;6-2 6-1;Klara Koukalova;166;CZE;31,9808350445;Teliana Pereira;;BRA;25,5797399042
Rio Open;2014-02-17;Salak;6-1 4-6 6-1;Kurumi Nara;;JPN;22,135523614;Klara Koukalova;166;CZE;31,9808350445
Florianopolis;2014-02-24;Kemény;7-6(5) 2-6 6-4;Alize Lim;;FRA;23,6194387406;Johanna Larsson;174;SWE;25,5222450376
Florianopolis;2014-02-24;Kemény;6-3 6-3;Klara Koukalova;166;CZE;32,0;Alize Lim;;FRA;23,6194387406
Florianopolis;2014-02-24;Kemény;6-3 5-2 RET;Klara Koukalova;166;CZE;32,0;Alexandra Dulgheru;;ROU;24,7392197125
Florianopolis;2014-02-24;Kemény;6-3 3-6 6-2;Klara Koukalova;166;CZE;32,0;Carla Suarez Navarro;162;ESP;25,4757015743
Florianopolis;2014-02-24;Kemény;4-6 7-5 6-0;Klara Koukalova;166;CZE;32,0;Garbine Muguruza;182;ESP;20,3805612594
Acapulco;2014-02-24;Kemény;6-4 7-6(6);Caroline Garcia;;FRA;20,3586584531;Lourdes Dominguez Lino;163;ESP;32,9034907598
Indian Wells;2014-03-03;Kemény;6-4 7-6(2);Ajla Tomljanovic;;CRO;20,8213552361;Lourdes Dominguez Lino;163;ESP;32,9226557153
Indian Wells;2014-03-03;Kemény;7-5 6-2;Karolina Pliskova;184;CZE;21,9493497604;Klara Koukalova;166;CZE;32,0191649555
Indian Wells;2014-03-03;Kemény;DEF;Casey Dellacqua;;AUS;29,054072553;Lauren Davis;157;USA;20,3969883641
Miami;2014-03-17;Kemény;6-0 6-0;Vania King;165;USA;25,0376454483;Estrella Cabeza Candela;;ESP;27,0691307324
Miami;2014-03-17;Kemény;6-3 6-0;Yvonne Meusburger;;AUT;30,4531143053;Lourdes Dominguez Lino;163;ESP;32,9609856263
Miami;2014-03-17;Kemény;7-6(3) 7-6(3);Caroline Garcia;;FRA;20,4161533196;Klara Koukalova;166;CZE;32,0574948665
Miami;2014-03-17;Kemény;DEF;Na Li;172;CHN;32,052019165;Alisa Kleybanova;181;RUS;24,6707734428
Miami;2014-03-17;Kemény;DEF;Kirsten Flipkens;165;BEL;28,180698152;Sabine Lisicki;178;GER;24,4818617385
Charleston;2014-03-31;Salak;6-3 6-2;Lourdes Dominguez Lino;163;ESP;32,9993155373;Anabel Medina Garrigues;169;ESP;31,665982204
Charleston;2014-03-31;Salak;6-0 6-0;Andrea Petkovic;180;GER;26,5571526352;Lourdes Dominguez Lino;163;ESP;32,9993155373
Katowice Open;2014-04-07;Kemény;7-6(3) 5-7 7-5;Alize Cornet;173;FRA;24,205338809;Camila Giorgi;168;ITA;22,2696783025
Bogota;2014-04-07;Salak;6-2 6-4;Lourdes Dominguez Lino;163;ESP;33,0184804928;Teliana Pereira;;BRA;25,7138945927
Bogota;2014-04-07;Salak;6-2 6-3;Lourdes Dominguez Lino;163;ESP;33,0184804928;Yuliana Lizarazo;;COL;20,8733744011
Bogota;2014-04-07;Salak;6-2 6-1;Chanelle Scheepers;;RSA;30,0670773443;Lourdes Dominguez Lino;163;ESP;33,0184804928
Kuala Lumpur;2014-04-14;Kemény;3-6 6-4 6-2;Giulia Gatto Monticone;;ITA;26,4038329911;Ons Jabeur;;TUN;19,627652293
Kuala Lumpur;2014-04-14;Kemény;6-3 6-0;Magda Linette;;POL;22,1683778234;Alize Lim;;FRA;23,7535934292
Marrakech;2014-04-21;Salak;6-2 7-5;Lourdes Dominguez Lino;163;ESP;33,0568104038;Alla Kudryavtseva;;RUS;26,4640657084
Marrakech;2014-04-21;Salak;6-3 7-6(2);Estrella Cabeza Candela;;ESP;27,1649555099;Chanelle Scheepers;;RSA;30,1054072553
Marrakech;2014-04-21;Salak;6-3 6-2;Beatriz Garcia Vidagany;;ESP;25,4236824093;Francesca Schiavone;166;ITA;33,826146475
Marrakech;2014-04-21;Salak;7-5 6-2;Daniela Hantuchova;181;SVK;30,9952087611;Lourdes Dominguez Lino;163;ESP;33,0568104038
Marrakech;2014-04-21;Salak;6-0 6-2;Yvonne Meusburger;;AUT;30,5489390828;Estrella Cabeza Candela;;ESP;27,1649555099
Marrakech;2014-04-21;Salak;6-2 5-7 6-2;Romina Oprandi;;SUI;28,0629705681;Beatriz Garcia Vidagany;;ESP;25,4236824093
Madrid;2014-05-05;Salak;DEF;Caroline Garcia;;FRA;20,5503080082;Maria Kirilenko;173;RUS;27,2744695414
Madrid;2014-05-05;Salak;DEF;Petra Kvitova;183;CZE;24,1587953457;Serena Williams;175;USA;32,605065024
Rome Italian Open;2014-05-12;Salak;DEF;Carla Suarez Navarro;162;ESP;25,6865160849;Simona Halep;168;ROU;22,6228610541
Nuremberg;2014-05-19;Salak;6-2 6-3;Beatriz Garcia Vidagany;;ESP;25,5003422313;Nina Zander;;GER;24,3093771389
Nuremberg;2014-05-19;Salak;6-3 3-6 6-3;Anastasia Rodionova;167;AUS;32,0191649555;Tereza Martincova;;CZE;19,5674195756
Nuremberg;2014-05-19;Salak;7-6(5) 6-3;Elina Svitolina;174;UKR;19,6824093087;Beatriz Garcia Vidagany;;ESP;25,5003422313
French Open;2014-05-26;Salak;6-7(2) 6-3 6-4;Anna Karolina Schmiedlova;;SVK;19,6988364134;Jie Zheng;164;CHN;30,8911704312
French Open;2014-05-26;Salak;6-2 6-1;Alize Cornet;173;FRA;24,3394934976;Ashleigh Barty;;AUS;18,0862422998
French Open;2014-05-26;Salak;6-2 6-2;Flavia Pennetta;172;ITA;32,2464065708;Patricia Mayr Achleitner;;AUT;27,5455167693
French Open;2014-05-26;Salak;6-2 6-3;Julia Goerges;180;GER;25,5605749487;Michelle Larcher De Brito;165;POR;21,3196440794
French Open;2014-05-26;Salak;6-3 6-1;Angelique Kerber;173;GER;26,3518138261;Katarzyna Piter;;POL;23,2717316906
French Open;2014-05-26;Salak;7-5 6-3;Casey Dellacqua;;AUS;29,2840520192;Lourdes Dominguez Lino;163;ESP;33,1526351814
French Open;2014-05-26;Salak;5-0 RET;Elina Svitolina;174;UKR;19,7015742642;Petra Martic;181;CRO;23,3483915127
French Open;2014-05-26;Salak;7-6(4) 6-2;Maria Teresa Torro Flor;173;ESP;22,0643394935;Klara Koukalova;166;CZE;32,2491444216
French Open;2014-05-26;Salak;6-3 6-4;Heather Watson;170;GBR;22,0177960301;Barbora Zahlavova Strycova;164;CZE;28,1615331964
French Open;2014-05-26;Salak;4-6 6-3 6-3;Dinah Pfizenmaier;;GER;22,3655030801;Estrella Cabeza Candela;;ESP;27,2607802875
French Open;2014-05-26;Salak;6-3 0-6 6-2;Anastasia Pavlyuchenkova;177;RUS;22,8966461328;Kimiko Date Krumm;163;JPN;43,6577686516
French Open;2014-05-26;Salak;2-6 7-5 6-2;Paula Ormaechea;;ARG;21,6563997262;Monica Niculescu;168;ROU;26,6666666667
French Open;2014-05-26;Salak;7-5 1-6 6-4;Carla Suarez Navarro;162;ESP;25,7248459959;Timea Bacsinszky;;SUI;24,9637234771
French Open;2014-05-26;Salak;6-2 2-6 6-2;Maria Teresa Torro Flor;173;ESP;22,0643394935;Magdalena Rybarikova;180;SVK;25,6399726215
French Open;2014-05-26;Salak;5-7 6-4 3-0 RET;Kiki Bertens;182;NED;22,4585900068;Anastasia Pavlyuchenkova;177;RUS;22,8966461328
French Open;2014-05-26;Salak;6-3 6-4;Sloane Stephens;170;USA;21,18275154;Ekaterina Makarova;178;RUS;25,9657768652
French Open;2014-05-26;Salak;6-3 6-0;Simona Halep;168;ROU;22,6611909651;Maria Teresa Torro Flor;173;ESP;22,0643394935
French Open;2014-05-26;Salak;7-6(5) 6-2;Sara Errani;164;ITA;27,0746064339;Jelena Jankovic;177;SRB;29,2375085558
French Open;2014-05-26;Salak;6-2 6-2;Andrea Petkovic;180;GER;26,7104722793;Sara Errani;164;ITA;27,0746064339
Birmingham;2014-06-09;Fű;6-7(6) 7-6(2) 6-3;Nadiya Kichenok;;UKR;21,8863791923;Sharon Fichman;;CAN;23,5154004107
Birmingham;2014-06-09;Fű;6-3 6-4;Timea Babos;179;HUN;21,0814510609;Marina Erakovic;174;NZL;26,2587268994
Birmingham;2014-06-09;Fű;7-6(4) 6-1;Alison Riske;;USA;23,9342915811;Nadiya Kichenok;;UKR;21,8863791923
Wimbledon;2014-06-23;Fű;4-6 6-4 6-2;Alize Cornet;173;FRA;24,4161533196;Anna Karolina Schmiedlova;;SVK;19,7754962355
Wimbledon;2014-06-23;Fű;6-0 6-1;Lourdes Dominguez Lino;163;ESP;33,2292950034;Petra Martic;181;CRO;23,4250513347
Wimbledon;2014-06-23;Fű;4-6 7-5 6-1;Alison Riske;;USA;23,9726214921;Anastasia Pavlyuchenkova;177;RUS;22,9733059548
Wimbledon;2014-06-23;Fű;3-6 6-3 6-1;Michelle Larcher De Brito;165;POR;21,3963039014;Svetlana Kuznetsova;174;RUS;28,9883641342
Wimbledon;2014-06-23;Fű;6-4 4-6 6-2;Venus Williams;185;USA;34,0150581793;Maria Teresa Torro Flor;173;ESP;22,1409993155
Wimbledon;2014-06-23;Fű;6-1 6-2;Lauren Davis;157;USA;20,7036276523;Alisa Kleybanova;181;RUS;24,93908282
Wimbledon;2014-06-23;Fű;6-3 6-0;Caroline Wozniacki;177;DEN;23,9507186858;Shahar Peer;170;ISR;27,1457905544
Wimbledon;2014-06-23;Fű;6-0 6-4;Elena Vesnina;176;RUS;27,8932238193;Patricia Mayr Achleitner;;AUT;27,6221765914
Wimbledon;2014-06-23;Fű;6-2 6-2;Barbora Zahlavova Strycova;164;CZE;28,2381930185;Alla Kudryavtseva;;RUS;26,636550308
Wimbledon;2014-06-23;Fű;6-2 6-1;Kirsten Flipkens;165;BEL;28,4490075291;Lourdes Dominguez Lino;163;ESP;33,2292950034
Wimbledon;2014-06-23;Fű;6-3 4-6 6-3;Michelle Larcher De Brito;165;POR;21,3963039014;Jarmila Gajdosova;174;AUS;27,1594798084
Wimbledon;2014-06-23;Fű;6-4 6-2;Barbora Zahlavova Strycova;164;CZE;28,2381930185;Elena Vesnina;176;RUS;27,8932238193
Wimbledon;2014-06-23;Fű;7-6(7) 6-6 RET;Yaroslava Shvedova;180;KAZ;26,7789185489;Madison Keys;178;USA;19,3456536619
Wimbledon;2014-06-23;Fű;6-2 6-0;Agnieszka Radwanska;170;POL;25,2977412731;Michelle Larcher De Brito;165;POR;21,3963039014
Wimbledon;2014-06-23;Fű;7-6(5) 7-6(5);Barbora Zahlavova Strycova;164;CZE;28,2381930185;Na Li;172;CHN;32,3203285421
Wimbledon;2014-06-23;Fű;6-2 7-5;Barbora Zahlavova Strycova;164;CZE;28,2381930185;Caroline Wozniacki;177;DEN;23,9507186858
Eastbourne;2014-06-16;Fű;DEF;Heather Watson;170;GBR;22,0752908966;Petra Kvitova;183;CZE;24,2737850787
Bad Gastein;2014-07-07;Salak;6-3 6-2;Grace Min;;USA;20,1697467488;Beatriz Garcia Vidagany;;ESP;25,6344969199
Bad Gastein;2014-07-07;Salak;6-3 6-3;Andrea Petkovic;180;GER;26,8254620123;Shelby Rogers;;USA;21,7303216975
Bucharest;2014-07-07;Salak;6-0 6-4;Simona Halep;168;ROU;22,7761806982;Indy De Vroome;;NED;18,1273100616
Bucharest;2014-07-07;Salak;4-6 6-3 6-1;Aleksandra Krunic;;SRB;21,311430527;Alexandra Panova;;RUS;25,3470225873
Bucharest;2014-07-07;Salak;6-2 6-3;Cagla Buyukakcay;;TUR;24,772073922;Veronica Cepede Royg;;PAR;22,4585900068
Bucharest;2014-07-07;Salak;4-6 6-2 7-6(5);Lara Arruabarrena;166;ESP;22,2970568104;Annika Beck;170;GER;20,386036961
Bucharest;2014-07-07;Salak;6-3 6-0;Monica Niculescu;168;ROU;26,7816563997;Klara Koukalova;166;CZE;32,3641341547
Bucharest;2014-07-07;Salak;3-6 6-4 7-5;Elitsa Kostova;;BUL;24,2409308693;Alize Lim;;FRA;23,9835728953
Bucharest;2014-07-07;Salak;6-0 1-6 7-6(5);Katarzyna Piter;;POL;23,3867214237;Cristina Andreea Mitu;;ROU;22,7898699521
Bucharest;2014-07-07;Salak;6-4 6-3;Polona Hercog;182;SLO;23,4606433949;Anna Tatishvili;171;GEO;24,4216290212
Bucharest;2014-07-07;Salak;6-3 6-3;Kristina Kucova;;SVK;24,1232032854;Anna Karolina Schmiedlova;;SVK;19,8138261465
Bucharest;2014-07-07;Salak;6-0 6-3;Cristina Dinu;;ROU;21,4647501711;Nadiya Kichenok;;UKR;21,9630390144
Bucharest;2014-07-07;Salak;6-1 6-4;Danka Kovinic;;MNE;19,6331279945;Anett Kontaveit;;EST;18,5352498289
Bucharest;2014-07-07;Salak;6-1 6-3;Karin Knapp;180;ITA;27,0253251198;Raluca Olaru;173;ROU;25,3442847365
Bucharest;2014-07-07;Salak;6-3 6-2;Petra Cetkovska;172;CZE;29,4072553046;Alexandra Cadantu;170;ROU;24,1779603012
Bucharest;2014-07-07;Salak;6-0 3-6 6-2;Kiki Bertens;182;NED;22,5735797399;Irina Camelia Begu;181;ROU;23,8631074606
Bucharest;2014-07-07;Salak;6-2 6-1;Silvia Soler Espinosa;;ESP;26,6310746064;Sesil Karatantcheva;171;KAZ;24,9117043121
Bucharest;2014-07-07;Salak;6-2 6-3;Roberta Vinci;163;ITA;31,3812457221;Alexandra Dulgheru;;ROU;25,1033538672
Bucharest;2014-07-07;Salak;6-2 6-4;Simona Halep;168;ROU;22,7761806982;Aleksandra Krunic;;SRB;21,311430527
Bucharest;2014-07-07;Salak;7-5 3-6 7-6(6);Lara Arruabarrena;166;ESP;22,2970568104;Cagla Buyukakcay;;TUR;24,772073922
Bucharest;2014-07-07;Salak;7-5 7-5;Monica Niculescu;168;ROU;26,7816563997;Elitsa Kostova;;BUL;24,2409308693
Bucharest;2014-07-07;Salak;6-2 5-7 7-6(4);Polona Hercog;182;SLO;23,4606433949;Katarzyna Piter;;POL;23,3867214237
Bucharest;2014-07-07;Salak;6-2 6-3;Kristina Kucova;;SVK;24,1232032854;Cristina Dinu;;ROU;21,4647501711
Bucharest;2014-07-07;Salak;6-4 2-6 6-3;Danka Kovinic;;MNE;19,6331279945;Karin Knapp;180;ITA;27,0253251198
Bucharest;2014-07-07;Salak;6-4 3-6 7-6(4);Petra Cetkovska;172;CZE;29,4072553046;Kiki Bertens;182;NED;22,5735797399
Bucharest;2014-07-07;Salak;3-6 6-2 6-1;Roberta Vinci;163;ITA;31,3812457221;Silvia Soler Espinosa;;ESP;26,6310746064
Bucharest;2014-07-07;Salak;6-3 6-1;Simona Halep;168;ROU;22,7761806982;Lara Arruabarrena;166;ESP;22,2970568104
Bucharest;2014-07-07;Salak;6-2 2-6 7-6(3);Monica Niculescu;168;ROU;26,7816563997;Polona Hercog;182;SLO;23,4606433949
Bucharest;2014-07-07;Salak;6-4 1-6 6-3;Kristina Kucova;;SVK;24,1232032854;Danka Kovinic;;MNE;19,6331279945
Bucharest;2014-07-07;Salak;7-5 6-3;Roberta Vinci;163;ITA;31,3812457221;Petra Cetkovska;172;CZE;29,4072553046
Bucharest;2014-07-07;Salak;6-2 4-6 6-1;Simona Halep;168;ROU;22,7761806982;Monica Niculescu;168;ROU;26,7816563997
Bucharest;2014-07-07;Salak;6-1 6-3;Roberta Vinci;163;ITA;31,3812457221;Kristina Kucova;;SVK;24,1232032854
Bucharest;2014-07-07;Salak;6-1 6-3;Simona Halep;168;ROU;22,7761806982;Roberta Vinci;163;ITA;31,3812457221
Washington;2014-07-28;Kemény;RET;Svetlana Kuznetsova;174;RUS;29,0841889117;Vania King;165;USA;25,401779603
Canadian Open;2014-08-04;Kemény;6-4 1-6 7-6(1);Elena Vesnina;176;RUS;28,0082135524;Camila Giorgi;168;ITA;22,5954825462
Cincinnati;2014-08-11;Kemény;7-5 6-0;Barbora Zahlavova Strycova;164;CZE;28,372347707;Mona Barthel;185;GER;24,0848733744
Cincinnati;2014-08-11;Kemény;6-3 6-3;Sloane Stephens;170;USA;21,3935660507;Andrea Petkovic;180;GER;26,9212867899
Cincinnati;2014-08-11;Kemény;6-3 2-6 6-3;Annika Beck;170;GER;20,4818617385;Garbine Muguruza;182;ESP;20,8405201916
Cincinnati;2014-08-11;Kemény;6-0 6-2;Kurumi Nara;;JPN;22,6146475017;Romina Oprandi;;SUI;28,3696098563
Cincinnati;2014-08-11;Kemény;6-3 2-6 6-2;Sabine Lisicki;178;GER;24,8843258042;Roberta Vinci;163;ITA;31,4770704997
Cincinnati;2014-08-11;Kemény;7-5 3-6 7-6(2);Sara Errani;164;ITA;27,2854209446;Yanina Wickmayer;182;BEL;24,8076659822
Cincinnati;2014-08-11;Kemény;6-2 6-2;Ekaterina Makarova;178;RUS;26,1765913758;Daniela Hantuchova;181;SVK;31,3018480493
Cincinnati;2014-08-11;Kemény;4-6 6-3 6-1;Christina Mchale;170;USA;22,250513347;Nicole Gibbs;;USA;21,440109514
Cincinnati;2014-08-11;Kemény;6-3 1-6 6-2;Carla Suarez Navarro;162;ESP;25,9356605065;Tsvetana Pironkova;180;BUL;26,9103353867
Cincinnati;2014-08-11;Kemény;6-7(2) 6-3 6-4;Lucie Safarova;177;CZE;27,5154004107;Venus Williams;185;USA;34,1492128679
Cincinnati;2014-08-11;Kemény;7-6(4) 7-6(5);Zarina Diyas;;KAZ;20,8131416838;Irina Camelia Begu;181;ROU;23,9589322382
Cincinnati;2014-08-11;Kemény;6-2 6-3;Caroline Wozniacki;177;DEN;24,0848733744;Shuai Zhang;;CHN;25,5523613963
Cincinnati;2014-08-11;Kemény;6-1 3-6 6-3;Maria Sharapova;;RUS;27,3127994524;Madison Keys;178;USA;19,4798083504
US Open;2014-08-25;Kemény;6-2 6-0;Anastasia Pavlyuchenkova;177;RUS;23,1457905544;Teliana Pereira;;BRA;26,0971937029
US Open;2014-08-25;Kemény;7-5 6-3;Casey Dellacqua;;AUS;29,5331964408;Patricia Mayr Achleitner;;AUT;27,794661191
US Open;2014-08-25;Kemény;6-1 4-6 6-4;Catherine Cartan Bellis;;USA;15,3812457221;Dominika Cibulkova;161;SVK;25,3032169747
US Open;2014-08-25;Kemény;6-1 6-3;Barbora Zahlavova Strycova;164;CZE;28,4106776181;Ashleigh Barty;;AUS;18,3353867214
US Open;2014-08-25;Kemény;6-2 6-1;Kurumi Nara;;JPN;22,6529774127;Aleksandra Wozniak;175;CAN;26,9650924025
US Open;2014-08-25;Kemény;6-0 6-0;Johanna Larsson;174;SWE;26,0205338809;Virginie Razzano;173;FRA;31,2881587953
US Open;2014-08-25;Kemény;6-3 6-3;Shuai Peng;173;CHN;28,6269678303;Jie Zheng;164;CHN;31,1403148528
US Open;2014-08-25;Kemény;6-4 6-0;Maria Sharapova;;RUS;27,3511293634;Maria Kirilenko;173;RUS;27,5811088296
US Open;2014-08-25;Kemény;2-6 7-5 6-1;Jana Cepelova;168;SVK;21,2402464066;Maria Teresa Torro Flor;173;ESP;22,3134839151
US Open;2014-08-25;Kemény;6-4 6-7(6) 6-3;Nicole Gibbs;;USA;21,4784394251;Anastasia Pavlyuchenkova;177;RUS;23,1457905544
US Open;2014-08-25;Kemény;6-3 0-6 6-2;Zarina Diyas;;KAZ;20,8514715948;Catherine Cartan Bellis;;USA;15,3812457221
US Open;2014-08-25;Kemény;4-6 6-4 6-2;Barbora Zahlavova Strycova;164;CZE;28,4106776181;Monica Niculescu;168;ROU;26,9158110883
US Open;2014-08-25;Kemény;6-1 6-0;Jelena Jankovic;177;SRB;29,4866529774;Johanna Larsson;174;SWE;26,0205338809
Wuhan;2014-09-22;Kemény;5-6 RET;Alize Cornet;173;FRA;24,6652977413;Serena Williams;175;USA;32,9883641342
Wuhan;2014-09-22;Kemény;DEF;Elina Svitolina;174;UKR;20,0273785079;Garbine Muguruza;182;ESP;20,9555099247
Beijing;2014-09-29;Kemény;DEF;Petra Kvitova;183;CZE;24,5612594114;Venus Williams;185;USA;34,2833675565
Beijing;2014-09-29;Kemény;DEF;Samantha Stosur;172;AUS;30,4996577687;Serena Williams;175;USA;33,0075290897
Beijing;2014-09-29;Kemény;DEF;Ana Ivanovic;183;SRB;26,8966461328;Simona Halep;168;ROU;23,0061601643
Linz;2014-10-06;Kemény;DEF;Tsvetana Pironkova;180;BUL;27,0636550308;Eugenie BoucKemény;;CAN;20,6105407255
Linz;2014-10-06;Kemény;DEF;Madison Brengle;;USA;24,5092402464;Ana Ivanovic;183;SRB;26,9158110883
Tianjin Open;2014-10-06;Kemény;6-2 0-6 6-0;Jelena Jankovic;177;SRB;29,6016427105;Alla Kudryavtseva;;RUS;26,9240246407
Tianjin Open;2014-10-06;Kemény;7-5 6-4;Saisai Zheng;;CHN;20,6652977413;Timea Babos;179;HUN;21,4072553046
Tianjin Open;2014-10-06;Kemény;6-4 6-2;Sorana Cirstea;176;ROU;24,4982888433;Magda Linette;;POL;22,6475017112
Tianjin Open;2014-10-06;Kemény;7-5 6-1;Andrea Hlavackova;174;CZE;28,1560574949;Monica Puig;;PUR;21,0239561944
Tianjin Open;2014-10-06;Kemény;6-1 6-0;Varvara Lepchenko;180;USA;28,3778234086;Lyudmyla Kichenok;;UKR;22,212183436
Tianjin Open;2014-10-06;Kemény;6-3 6-0;Fangzhou Liu;;CHN;18,81724846;Qiang Wang;;CHN;22,726899384
Tianjin Open;2014-10-06;Kemény;7-5 6-4;Olga Govortsova;182;BLR;26,1190965092;Francesca Schiavone;166;ITA;34,2861054073
Tianjin Open;2014-10-06;Kemény;6-2 7-5;Alison Riske;;USA;24,2600958248;Cagla Buyukakcay;;TUR;25,0212183436
Tianjin Open;2014-10-06;Kemény;6-2 6-1;Shuai Zhang;;CHN;25,7056810404;Danka Kovinic;;MNE;19,8822724162
Tianjin Open;2014-10-06;Kemény;6-1 6-1;Su Wei Hsieh;169;TPE;28,7529089665;Anastasia Rodionova;167;AUS;32,4024640657
Tianjin Open;2014-10-06;Kemény;6-0 6-0;Romina Oprandi;;SUI;28,5229295003;Ho Ching Wu;;HKG;23,1019849418
Tianjin Open;2014-10-06;Kemény;7-5 6-2;Belinda Bencic;;SUI;17,5742642026;Lin Zhu;;CHN;20,6872005476
Tianjin Open;2014-10-06;Kemény;5-7 6-1 6-2;Ajla Tomljanovic;;CRO;21,4154688569;Nadiya Kichenok;;UKR;22,212183436
Tianjin Open;2014-10-06;Kemény;6-3 6-1;Ying Ying Duan;;CHN;25,3415468857;Ling Zhang;;HKG;24,93908282
Tianjin Open;2014-10-06;Kemény;7-6(6) 4-6 6-1;Elizaveta Kulichkova;;RUS;18,4832306639;Silvia Soler Espinosa;;ESP;26,8802190281
Tianjin Open;2014-10-06;Kemény;7-5 4-6 6-2;Shuai Peng;173;CHN;28,7419575633;Shahar Peer;170;ISR;27,4332648871
Tianjin Open;2014-10-06;Kemény;6-3 6-3;Saisai Zheng;;CHN;20,6652977413;Jelena Jankovic;177;SRB;29,6016427105
Tianjin Open;2014-10-06;Kemény;6-3 6-0;Sorana Cirstea;176;ROU;24,4982888433;Andrea Hlavackova;174;CZE;28,1560574949
Tianjin Open;2014-10-06;Kemény;7-6(3) 7-5;Varvara Lepchenko;180;USA;28,3778234086;Fangzhou Liu;;CHN;18,81724846
Tianjin Open;2014-10-06;Kemény;6-4 7-6(3);Alison Riske;;USA;24,2600958248;Olga Govortsova;182;BLR;26,1190965092
Tianjin Open;2014-10-06;Kemény;3-6 6-3 7-6(5);Su Wei Hsieh;169;TPE;28,7529089665;Shuai Zhang;;CHN;25,7056810404
Tianjin Open;2014-10-06;Kemény;DEF;Belinda Bencic;;SUI;17,5742642026;Romina Oprandi;;SUI;28,5229295003
Tianjin Open;2014-10-06;Kemény;6-4 6-4;Ajla Tomljanovic;;CRO;21,4154688569;Ying Ying Duan;;CHN;25,3415468857
Tianjin Open;2014-10-06;Kemény;6-1 6-2;Shuai Peng;173;CHN;28,7419575633;Elizaveta Kulichkova;;RUS;18,4832306639
Tianjin Open;2014-10-06;Kemény;6-4 2-6 6-1;Saisai Zheng;;CHN;20,6652977413;Sorana Cirstea;176;ROU;24,4982888433
Tianjin Open;2014-10-06;Kemény;7-6(5) 6-3;Alison Riske;;USA;24,2600958248;Varvara Lepchenko;180;USA;28,3778234086
Tianjin Open;2014-10-06;Kemény;6-4 4-6 6-2;Belinda Bencic;;SUI;17,5742642026;Su Wei Hsieh;169;TPE;28,7529089665
Tianjin Open;2014-10-06;Kemény;7-6(5) 2-6 7-5;Shuai Peng;173;CHN;28,7419575633;Ajla Tomljanovic;;CRO;21,4154688569
Tianjin Open;2014-10-06;Kemény;6-0 6-1;Alison Riske;;USA;24,2600958248;Saisai Zheng;;CHN;20,6652977413
Tianjin Open;2014-10-06;Kemény;3-1 RET;Belinda Bencic;;SUI;17,5742642026;Shuai Peng;173;CHN;28,7419575633
Tianjin Open;2014-10-06;Kemény;6-3 6-4;Alison Riske;;USA;24,2600958248;Belinda Bencic;;SUI;17,5742642026
Luxembourg;2014-10-13;Kemény;6-3 6-4;Mona Barthel;185;GER;24,257357974;Mandy Minella;;LUX;28,8898015058
Marrakech;2014-04-21;Salak;W/O;Daniela Hantuchova;181;SVK;30,9952087611;Shuai Peng;173;CHN;28,2819986311
Tournament of Champions;2014-10-27;Kemény;6-1 6-4;Andrea Petkovic;180;GER;27,1321013005;Garbine Muguruza;182;ESP;21,0513347023
Tournament of Champions;2014-10-27;Kemény;6-4 6-2;Flavia Pennetta;172;ITA;32,6680355921;Carla Suarez Navarro;162;ESP;26,1464750171
Tournament of Champions;2014-10-27;Kemény;1-6 6-4 6-3;Andrea Petkovic;180;GER;27,1321013005;Flavia Pennetta;172;ITA;32,6680355921
WTA Finals;2014-10-20;Kemény;6-0 6-2;Simona Halep;168;ROU;23,0636550308;Serena Williams;175;USA;33,0650239562
WTA Finals;2014-10-20;Kemény;6-1 6-1;Serena Williams;175;USA;33,0650239562;Eugenie BoucKemény;;CAN;20,6488706366
WTA Finals;2014-10-20;Kemény;6-4 6-4;Serena Williams;175;USA;33,0650239562;Ana Ivanovic;183;SRB;26,9541409993
WTA Finals;2014-10-20;Kemény;6-2 6-3;Simona Halep;168;ROU;23,0636550308;Eugenie BoucKemény;;CAN;20,6488706366
WTA Finals;2014-10-20;Kemény;7-6(7) 3-6 6-3;Ana Ivanovic;183;SRB;26,9541409993;Simona Halep;168;ROU;23,0636550308
WTA Finals;2014-10-20;Kemény;6-1 6-3;Ana Ivanovic;183;SRB;26,9541409993;Eugenie BoucKemény;;CAN;20,6488706366
WTA Finals;2014-10-20;Kemény;6-3 6-2;Petra Kvitova;183;CZE;24,6187542779;Maria Sharapova;;RUS;27,5044490075
WTA Finals;2014-10-20;Kemény;7-5 6-7(4) 6-2;Maria Sharapova;;RUS;27,5044490075;Agnieszka Radwanska;170;POL;25,6235455168
WTA Finals;2014-10-20;Kemény;7-6(4) 6-7(5) 6-2;Caroline Wozniacki;177;DEN;24,2765229295;Maria Sharapova;;RUS;27,5044490075
WTA Finals;2014-10-20;Kemény;6-2 6-3;Agnieszka Radwanska;170;POL;25,6235455168;Petra Kvitova;183;CZE;24,6187542779
WTA Finals;2014-10-20;Kemény;6-2 6-3;Caroline Wozniacki;177;DEN;24,2765229295;Petra Kvitova;183;CZE;24,6187542779
WTA Finals;2014-10-20;Kemény;7-5 6-3;Caroline Wozniacki;177;DEN;24,2765229295;Agnieszka Radwanska;170;POL;25,6235455168
Tournament of Champions;2014-10-27;Kemény;6-1 6-3;Flavia Pennetta;172;ITA;32,6680355921;Karolina Pliskova;184;CZE;22,6009582478
Tournament of Champions;2014-10-27;Kemény;6-1 6-4;Alize Cornet;173;FRA;24,7611225188;Ekaterina Makarova;178;RUS;26,3874058864
Tournament of Champions;2014-10-27;Kemény;6-2 6-1;Garbine Muguruza;182;ESP;21,0513347023;Ekaterina Makarova;178;RUS;26,3874058864
Tournament of Champions;2014-10-27;Kemény;6-1 6-2;Flavia Pennetta;172;ITA;32,6680355921;Alize Cornet;173;FRA;24,7611225188
Tournament of Champions;2014-10-27;Kemény;0-6 6-1 6-1;Garbine Muguruza;182;ESP;21,0513347023;Flavia Pennetta;172;ITA;32,6680355921
Tournament of Champions;2014-10-27;Kemény;6-3 7-5;Garbine Muguruza;182;ESP;21,0513347023;Alize Cornet;173;FRA;24,7611225188
Tournament of Champions;2014-10-27;Kemény;7-5 6-3;Andrea Petkovic;180;GER;27,1321013005;Dominika Cibulkova;161;SVK;25,4757015743
Tournament of Champions;2014-10-27;Kemény;7-5 6-4;Dominika Cibulkova;161;SVK;25,4757015743;Carla Suarez Navarro;162;ESP;26,1464750171
Tournament of Champions;2014-10-27;Kemény;6-3 7-6(6);Dominika Cibulkova;161;SVK;25,4757015743;Tsvetana Pironkova;180;BUL;27,1211498973
Tournament of Champions;2014-10-27;Kemény;6-0 6-4;Carla Suarez Navarro;162;ESP;26,1464750171;Andrea Petkovic;180;GER;27,1321013005
Tournament of Champions;2014-10-27;Kemény;7-5 6-2;Andrea Petkovic;180;GER;27,1321013005;Tsvetana Pironkova;180;BUL;27,1211498973
Tournament of Champions;2014-10-27;Kemény;7-6(2) 6-1;Carla Suarez Navarro;162;ESP;26,1464750171;Tsvetana Pironkova;180;BUL;27,1211498973
Fed Cup WG R1: USA vs ITA;2014-02-08;Kemény;6-3 3-6 6-1;Karin Knapp;180;ITA;26,6036960986;Christina Mchale;170;USA;21,7330595483
Fed Cup WG R1: USA vs ITA;2014-02-08;Kemény;6-2 6-1;Camila Giorgi;168;ITA;22,0971937029;Madison Keys;178;USA;18,9623545517
Fed Cup WG R1: USA vs ITA;2014-02-08;Kemény;6-3 7-5;Karin Knapp;180;ITA;26,6036960986;Alison Riske;;USA;23,5893223819
Fed Cup WG R1: ESP vs CZE;2014-02-08;Salak;6-1 6-4;Carla Suarez Navarro;162;ESP;25,4182067077;Barbora Zahlavova Strycova;164;CZE;27,8548939083
Fed Cup WG R1: ESP vs CZE;2014-02-08;Salak;4-6 6-1 6-3;Lucie Safarova;177;CZE;26,9979466119;Silvia Soler Espinosa;;ESP;26,2094455852
Fed Cup WG R1: SVK vs GER;2014-02-08;Kemény;2-6 7-6(7) 6-2;Andrea Petkovic;180;GER;26,4038329911;Dominika Cibulkova;161;SVK;24,7474332649
Fed Cup WG R1: SVK vs GER;2014-02-08;Kemény;7-6(9) 6-1;Angelique Kerber;173;GER;26,045174538;Daniela Hantuchova;181;SVK;30,7843942505
Fed Cup WG R1: SVK vs GER;2014-02-08;Kemény;6-3 7-6(5);Angelique Kerber;173;GER;26,045174538;Dominika Cibulkova;161;SVK;24,7474332649
Fed Cup WG R1: AUS vs RUS;2014-02-08;Kemény;6-0 6-2;Casey Dellacqua;;AUS;28,977412731;Irina Khromacheva;;RUS;18,7323750856
Fed Cup WG R1: AUS vs RUS;2014-02-08;Kemény;6-4 6-0;Samantha Stosur;172;AUS;29,8480492813;Veronika Kudermetova;;RUS;16,7802874743
Fed Cup WG R1: AUS vs RUS;2014-02-08;Kemény;6-2 6-3;Samantha Stosur;172;AUS;29,8480492813;Victoria Kan;;RUS;18,5051334702
Fed Cup WG SF: CZE vs ITA;2014-04-19;Kemény;6-4 6-1;Lucie Safarova;177;CZE;27,189596167;Sara Errani;164;ITA;26,9596167009
Fed Cup WG SF: CZE vs ITA;2014-04-19;Kemény;6-4 6-2;Petra Kvitova;183;CZE;24,1013004791;Camila Giorgi;168;ITA;22,288843258
Fed Cup WG SF: CZE vs ITA;2014-04-19;Kemény;6-3 7-5;Petra Kvitova;183;CZE;24,1013004791;Roberta Vinci;163;ITA;31,151266256
Fed Cup WG SF: AUS vs GER;2014-04-19;Kemény;6-1 7-6(7);Andrea Petkovic;180;GER;26,5954825462;Samantha Stosur;172;AUS;30,0396988364
Fed Cup WG SF: AUS vs GER;2014-04-19;Kemény;6-1 6-0;Angelique Kerber;173;GER;26,2368240931;Casey Dellacqua;;AUS;29,1690622861
Fed Cup WG SF: AUS vs GER;2014-04-19;Kemény;4-6 6-0 6-4;Angelique Kerber;173;GER;26,2368240931;Samantha Stosur;172;AUS;30,0396988364
Fed Cup WG F: CZE vs GER;2014-11-08;;6-2 6-4;Petra Kvitova;183;CZE;24,6570841889;Andrea Petkovic;180;GER;27,151266256
Fed Cup WG F: CZE vs GER;2014-11-08;;6-4 6-4;Lucie Safarova;177;CZE;27,7453798768;Angelique Kerber;173;GER;26,7926078029
Fed Cup WG F: CZE vs GER;2014-11-08;;7-6(5) 4-6 6-4;Petra Kvitova;183;CZE;24,6570841889;Angelique Kerber;173;GER;26,7926078029
Fed Cup WG PO: RUS vs ARG;2014-04-19;Salak;6-3 6-3;Elena Vesnina;176;RUS;27,7015742642;Paula Ormaechea;;ARG;21,5414099932
Fed Cup WG PO: RUS vs ARG;2014-04-19;Salak;7-5 6-1;Ekaterina Makarova;178;RUS;25,8507871321;Maria Irigoyen;;ARG;26,8062970568
Fed Cup WG PO: RUS vs ARG;2014-04-19;Salak;6-1 6-2;Ekaterina Makarova;178;RUS;25,8507871321;Paula Ormaechea;;ARG;21,5414099932
Fed Cup WG PO: CAN vs SVK;2014-04-19;Kemény;4-6 7-5 7-5;Aleksandra Wozniak;175;CAN;26,6009582478;Jana Cepelova;168;SVK;20,8761122519
Fed Cup WG PO: CAN vs SVK;2014-04-19;Kemény;7-6(0) 2-6 6-1;Eugenie BoucKemény;;CAN;20,1314168378;Kristina Kucova;;SVK;23,8932238193
Fed Cup WG PO: CAN vs SVK;2014-04-19;Kemény;7-6(6) 6-3;Eugenie BoucKemény;;CAN;20,1314168378;Jana Cepelova;168;SVK;20,8761122519
Fed Cup WG PO: USA vs FRA;2014-04-19;Kemény;6-3 6-2;Caroline Garcia;;FRA;20,4928131417;Sloane Stephens;170;USA;21,067761807
Fed Cup WG PO: USA vs FRA;2014-04-19;Kemény;6-7(4) 7-6(4) 6-3;Madison Keys;178;USA;19,1540041068;Alize Cornet;173;FRA;24,2245037645
Fed Cup WG PO: USA vs FRA;2014-04-19;Kemény;6-2 6-4;Sloane Stephens;170;USA;21,067761807;Virginie Razzano;173;FRA;30,9240246407
Fed Cup WG PO: USA vs FRA;2014-04-19;Kemény;6-4 6-3;Caroline Garcia;;FRA;20,4928131417;Madison Keys;178;USA;19,1540041068
Fed Cup WG PO: ESP vs POL;2014-04-19;Salak;6-2 6-2;Agnieszka Radwanska;170;POL;25,106091718;Silvia Soler Espinosa;;ESP;26,4010951403
Fed Cup WG PO: ESP vs POL;2014-04-19;Salak;4-6 6-0 6-1;Maria Teresa Torro Flor;173;ESP;21,9493497604;Urszula Radwanska;177;POL;23,3511293634
Fed Cup WG PO: ESP vs POL;2014-04-19;Salak;6-3 6-2;Agnieszka Radwanska;170;POL;25,106091718;Maria Teresa Torro Flor;173;ESP;21,9493497604
Fed Cup WG PO: ESP vs POL;2014-04-19;Salak;6-1 6-3;Silvia Soler Espinosa;;ESP;26,4010951403;Urszula Radwanska;177;POL;23,3511293634
Fed Cup WG PO: ROU vs SRB;2014-04-19;Salak;3-6 6-1 6-2;Sorana Cirstea;176;ROU;24,0191649555;Ana Ivanovic;183;SRB;26,4366872005
Fed Cup WG PO: ROU vs SRB;2014-04-19;Salak;6-2 6-4;Simona Halep;168;ROU;22,546201232;Bojana Jovanovski;175;SRB;22,2861054073
Fed Cup WG PO: ROU vs SRB;2014-04-19;Salak;6-3 7-6(2);Ana Ivanovic;183;SRB;26,4366872005;Simona Halep;168;ROU;22,546201232
Fed Cup WG PO: ROU vs SRB;2014-04-19;Salak;6-3 6-7(7) 6-3;Sorana Cirstea;176;ROU;24,0191649555;Bojana Jovanovski;175;SRB;22,2861054073
Fed Cup WG PO: NED vs JPN;2014-04-19;Salak;7-5 2-6 6-1;Kurumi Nara;;JPN;22,288843258;Arantxa Rus;180;NED;23,3347022587
Fed Cup WG PO: NED vs JPN;2014-04-19;Salak;6-0 7-6(3);Kiki Bertens;182;NED;22,3436002738;Misaki Doi;159;JPN;22,9596167009
Fed Cup WG PO: NED vs JPN;2014-04-19;Salak;7-6(5) 4-6 9-7;Kiki Bertens;182;NED;22,3436002738;Kurumi Nara;;JPN;22,288843258
Fed Cup WG PO: NED vs JPN;2014-04-19;Salak;7-5 6-3;Arantxa Rus;180;NED;23,3347022587;Misaki Doi;159;JPN;22,9596167009
Fed Cup WG PO: SWE vs THA;2014-04-19;Kemény;6-1 6-3;Johanna Larsson;174;SWE;25,6563997262;Noppawan Lertcheewakarn;;THA;22,4038329911
Fed Cup WG PO: SWE vs THA;2014-04-19;Kemény;6-4 6-2;Sofia Arvidsson;176;SWE;30,1574264203;Luksika Kumkhum;;THA;20,7310061602
Fed Cup WG PO: SWE vs THA;2014-04-19;Kemény;6-4 6-2;Johanna Larsson;174;SWE;25,6563997262;Luksika Kumkhum;;THA;20,7310061602
Fed Cup WG PO: BRA vs SUI;2014-04-19;Salak;6-3 6-3;Timea Bacsinszky;;SUI;24,848733744;Teliana Pereira;;BRA;25,7330595483
Fed Cup WG PO: BRA vs SUI;2014-04-19;Salak;6-3 6-3;Belinda Bencic;;SUI;17,0951403149;Paula Cristina Goncalves;;BRA;23,6741957563
Fed Cup WG PO: BRA vs SUI;2014-04-19;Salak;6-3 6-4;Teliana Pereira;;BRA;25,7330595483;Belinda Bencic;;SUI;17,0951403149
Fed Cup WG PO: BRA vs SUI;2014-04-19;Salak;7-5 6-2;Timea Bacsinszky;;SUI;24,848733744;Paula Cristina Goncalves;;BRA;23,6741957563
Fed Cup WG R1: ESP vs CZE;2014-02-08;Salak;6-3 2-6 6-1;Klara Koukalova;166;CZE;31,9425051335;Maria Teresa Torro Flor;173;ESP;21,7577002053
Fed Cup WG R1: ESP vs CZE;2014-02-08;Salak;1-6 6-3 6-3;Carla Suarez Navarro;162;ESP;25,4182067077;Klara Koukalova;166;CZE;31,9425051335
Fed Cup G1 RR: PAR vs VEN;2014-02-07;Salak;7-5 6-3;Montserrat Gonzalez;;PAR;19,5947980835;Andrea Gamiz;;VEN;21,2594113621
Fed Cup G1 RR: PAR vs VEN;2014-02-07;Salak;6-1 6-4;Veronica Cepede Royg;;PAR;22,0369609856;Adriana Perez;;VEN;21,2046543463
Fed Cup G1 RR: PAR vs MEX;2014-02-06;Salak;6-3 6-0;Montserrat Gonzalez;;PAR;19,5947980835;Marcela Zacarias;;MEX;19,8603696099
Fed Cup G1 RR: PAR vs MEX;2014-02-06;Salak;6-3 6-2;Veronica Cepede Royg;;PAR;22,0369609856;Ana Sofia Sanchez;;MEX;19,8110882957
Fed Cup G1 RR: VEN vs MEX;2014-02-05;Salak;7-6(5) 6-3;Ximena Hermoso;;MEX;22,7707049966;Andrea Gamiz;;VEN;21,2594113621
Fed Cup G1 RR: VEN vs MEX;2014-02-05;Salak;6-4 6-1;Adriana Perez;;VEN;21,2046543463;Ana Sofia Sanchez;;MEX;19,8110882957
Fed Cup G1 RR: COL vs BRA;2014-02-07;Salak;6-3 6-4;Paula Cristina Goncalves;;BRA;23,4825462012;Catalina Castano;171;COL;34,5790554415
Fed Cup G1 RR: COL vs BRA;2014-02-07;Salak;6-0 7-6(5);Teliana Pereira;;BRA;25,5414099932;Mariana Duque Marino;;COL;24,4791238877
Fed Cup G1 RR: COL vs BAH;2014-02-05;Salak;6-0 6-2;Catalina Castano;171;COL;34,5790554415;Larikah Russell;;BAH;28,9336071184
Fed Cup G1 RR: COL vs BAH;2014-02-05;Salak;6-1 6-1;Mariana Duque Marino;;COL;24,4791238877;Nikkita Fountain;;BAH;29,864476386
Fed Cup G1 RR: COL vs ECU;2014-02-06;Salak;6-2 6-4;Catalina Castano;171;COL;34,5790554415;Charlotte Roemer;;ECU;20,0711841205
Fed Cup G1 RR: COL vs ECU;2014-02-06;Salak;6-1 6-3;Mariana Duque Marino;;COL;24,4791238877;Domenica Gonzalez;;ECU;17,9767282683
Fed Cup G1 RR: BRA vs BAH;2014-02-06;Salak;6-0 6-0;Paula Cristina Goncalves;;BRA;23,4825462012;Iesha Shepherd;;BAH;14,932238193
Fed Cup G1 RR: BRA vs BAH;2014-02-06;Salak;6-0 6-0;Teliana Pereira;;BRA;25,5414099932;Nikkita Fountain;;BAH;29,864476386
Fed Cup G1 RR: BRA vs ECU;2014-02-05;Salak;6-2 7-5;Paula Cristina Goncalves;;BRA;23,4825462012;Charlotte Roemer;;ECU;20,0711841205
Fed Cup G1 RR: BRA vs ECU;2014-02-05;Salak;6-2 6-2;Teliana Pereira;;BRA;25,5414099932;Domenica Gonzalez;;ECU;17,9767282683
Fed Cup G1 RR: BAH vs ECU;2014-02-07;Salak;6-0 6-1;Charlotte Roemer;;ECU;20,0711841205;Iesha Shepherd;;BAH;14,932238193
Fed Cup G1 RR: BAH vs ECU;2014-02-07;Salak;6-3 6-0;Domenica Gonzalez;;ECU;17,9767282683;Nikkita Fountain;;BAH;29,864476386
Fed Cup G1 RR: KAZ vs INA;2014-02-06;Kemény;6-2 6-1;Yulia Putintseva;;KAZ;19,0746064339;Vita Taher;;INA;18,4531143053
Fed Cup G1 RR: KAZ vs INA;2014-02-06;Kemény;6-3 6-1;Yaroslava Shvedova;180;KAZ;26,3956194387;Lavinia Tananta;;INA;26,2532511978
Fed Cup G1 RR: INA vs THA;2014-02-05;Kemény;6-3 6-2;Noppawan Lertcheewakarn;;THA;22,212183436;Deria Nur Haliza;;INA;16,6570841889
Fed Cup G1 RR: INA vs THA;2014-02-05;Kemény;7-6(5) 6-0;Luksika Kumkhum;;THA;20,5393566051;Lavinia Tananta;;INA;26,2532511978
Fed Cup G1 RR: CHN vs UZB;2014-02-05;Kemény;6-4 6-2;Sabina Sharipova;;UZB;19,4168377823;Fangzhou Liu;;CHN;18,1464750171
Fed Cup G1 RR: CHN vs UZB;2014-02-05;Kemény;7-6(3) 6-3;Qiang Wang;;CHN;22,0561259411;Nigina Abduraimova;;UZB;19,5783709788
Fed Cup G1 RR: CHN vs KOR;2014-02-06;Kemény;6-3 4-6 6-4;Fangzhou Liu;;CHN;18,1464750171;Na Lae Han;;KOR;21,5797399042
Fed Cup G1 RR: CHN vs KOR;2014-02-06;Kemény;6-2 7-5;Qiang Wang;;CHN;22,0561259411;So Ra Lee;;KOR;19,537303217
Fed Cup G1 RR: CHN vs TPE;2014-02-07;Kemény;6-1 7-5;Qiang Wang;;CHN;22,0561259411;Chia Hsien Yang;;TPE;19,8220396988
Fed Cup G1 RR: CHN vs TPE;2014-02-07;Kemény;6-0 6-0;Shuai Zhang;;CHN;25,0349075975;Ting Fei Juan;;TPE;21,4346338125
Fed Cup G1 RR: UZB vs KOR;2014-02-07;Kemény;6-1 6-1;Sabina Sharipova;;UZB;19,4168377823;So Ra Lee;;KOR;19,537303217
Fed Cup G1 RR: UZB vs KOR;2014-02-07;Kemény;1-6 7-5 6-3;Nigina Abduraimova;;UZB;19,5783709788;Su Jeong Jang;;KOR;18,8966461328
Fed Cup G1 RR: UZB vs TPE;2014-02-06;Kemény;7-6(1) 6-4;Sabina Sharipova;;UZB;19,4168377823;Chia Hsien Yang;;TPE;19,8220396988
Fed Cup G1 RR: UZB vs TPE;2014-02-06;Kemény;3-6 6-2 6-3;Nigina Abduraimova;;UZB;19,5783709788;Chin Wei Chan;;TPE;29,0704996578
Fed Cup G1 RR: KOR vs TPE;2014-02-05;Kemény;6-4 6-2;Mi Yoo;;KOR;27,7399041752;Chia Hsien Yang;;TPE;19,8220396988
Fed Cup G1 RR: KOR vs TPE;2014-02-05;Kemény;6-1 6-7(6) 7-5;Su Jeong Jang;;KOR;18,8966461328;Chin Wei Chan;;TPE;29,0704996578
Fed Cup G1 RR: BEL vs CRO;2014-02-07;Kemény;6-4 1-6 6-2;Alison Van Uytvanck;;BEL;19,8603696099;Tereza Mrdeza;;CRO;23,2224503765
Fed Cup G1 RR: BEL vs CRO;2014-02-07;Kemény;6-3 6-2;Yanina Wickmayer;182;BEL;24,2902121834;Donna Vekic;;CRO;17,6016427105
Fed Cup G1 RR: BEL vs NED;2014-02-05;Kemény;7-5 6-3;Richel Hogenkamp;;NED;21,8015058179;An Sophie Mestach;;BEL;19,9123887748
Fed Cup G1 RR: BEL vs NED;2014-02-05;Kemény;6-2 7-5;Kiki Bertens;182;NED;22,1519507187;Yanina Wickmayer;182;BEL;24,2902121834
Fed Cup G1 RR: BEL vs LUX;2014-02-04;Kemény;6-1 6-7(5) 6-1;Alison Van Uytvanck;;BEL;19,8603696099;Claudine Schaul;;LUX;30,4585900068
Fed Cup G1 RR: BEL vs LUX;2014-02-04;Kemény;6-4 6-4;Yanina Wickmayer;182;BEL;24,2902121834;Anne Kremer;;LUX;38,2997946612
Fed Cup G1 RR: CRO vs NED;2014-02-04;Kemény;4-6 7-5 7-5;Richel Hogenkamp;;NED;21,8015058179;Petra Martic;181;CRO;23,0417522245
Fed Cup G1 RR: CRO vs NED;2014-02-04;Kemény;6-2 6-4;Kiki Bertens;182;NED;22,1519507187;Donna Vekic;;CRO;17,6016427105
Fed Cup G1 RR: CRO vs LUX;2014-02-05;Kemény;6-2 6-2;Petra Martic;181;CRO;23,0417522245;Claudine Schaul;;LUX;30,4585900068
Fed Cup G1 RR: CRO vs LUX;2014-02-05;Kemény;6-1 6-2;Donna Vekic;;CRO;17,6016427105;Anne Kremer;;LUX;38,2997946612
Fed Cup G1 RR: NED vs LUX;2014-02-07;Kemény;6-3 6-1;Richel Hogenkamp;;NED;21,8015058179;Sharon Pesch;;LUX;16,8678986995
Fed Cup G1 RR: NED vs LUX;2014-02-07;Kemény;6-1 6-1;Kiki Bertens;182;NED;22,1519507187;Tiffany Cornelius;;LUX;25,0568104038
Fed Cup G1 RR: HUN vs GBR;2014-02-08;Kemény;6-4 6-1;Heather Watson;170;GBR;21,711156742;Reka Luca Jani;;HUN;22,5133470226
Fed Cup G1 RR: HUN vs GBR;2014-02-08;Kemény;4-6 7-6(5) 6-4;Timea Babos;179;HUN;20,7364818617;Johanna Konta;;GBR;22,7186858316
Fed Cup G1 RR: GBR vs ROU;2014-02-07;Kemény;6-7(7) 6-1 6-4;Heather Watson;170;GBR;21,711156742;Sorana Cirstea;176;ROU;23,8275154004
Fed Cup G1 RR: GBR vs ROU;2014-02-07;Kemény;6-1 6-4;Simona Halep;168;ROU;22,3545516769;Johanna Konta;;GBR;22,7186858316
Fed Cup G1 RR: GBR vs LAT;2014-02-05;Kemény;7-5 6-1;Heather Watson;170;GBR;21,711156742;Jelena Ostapenko;;LAT;16,6570841889
Fed Cup G1 RR: GBR vs LAT;2014-02-05;Kemény;6-3 4-6 7-5;Johanna Konta;;GBR;22,7186858316;Diana Marcinkevica;;LAT;21,5030800821
Fed Cup G1 RR: HUN vs ROU;2014-02-05;Kemény;6-1 6-0;Sorana Cirstea;176;ROU;23,8275154004;Reka Luca Jani;;HUN;22,5133470226
Fed Cup G1 RR: HUN vs ROU;2014-02-05;Kemény;1-6 7-5 6-3;Timea Babos;179;HUN;20,7364818617;Simona Halep;168;ROU;22,3545516769
Fed Cup G1 RR: HUN vs LAT;2014-02-07;Kemény;6-0 6-4;Reka Luca Jani;;HUN;22,5133470226;Jelena Ostapenko;;LAT;16,6570841889
Fed Cup G1 RR: HUN vs LAT;2014-02-07;Kemény;6-2 6-4;Diana Marcinkevica;;LAT;21,5030800821;Timea Babos;179;HUN;20,7364818617
Fed Cup G1 RR: ROU vs LAT;2014-02-08;Kemény;6-3 6-3;Irina Camelia Begu;181;ROU;23,4414784394;Jelena Ostapenko;;LAT;16,6570841889
Fed Cup G1 RR: ROU vs LAT;2014-02-08;Kemény;6-3 6-3;Monica Niculescu;168;ROU;26,3600273785;Diana Marcinkevica;;LAT;21,5030800821
Fed Cup G1 RR: UKR vs AUT;2014-02-08;Kemény;6-2 6-4;Patricia Mayr Achleitner;;AUT;27,2388774812;Nadiya Kichenok;;UKR;21,5414099932
Fed Cup G1 RR: UKR vs AUT;2014-02-08;Kemény;6-1 6-2;Elina Svitolina;174;UKR;19,394934976;Yvonne Meusburger;;AUT;30,3381245722
Fed Cup G1 RR: UKR vs SLO;2014-02-06;Kemény;4-6 6-4 6-1;Lyudmyla Kichenok;;UKR;21,5414099932;Dalila Jakupovic;;SLO;22,8665297741
Fed Cup G1 RR: UKR vs SLO;2014-02-06;Kemény;6-3 6-7(3) 6-3;Elina Svitolina;174;UKR;19,394934976;Nastja Kolar;;SLO;19,5564681725
Fed Cup G1 RR: UKR vs ISR;2014-02-05;Kemény;6-2 7-6(4);Nadiya Kichenok;;UKR;21,5414099932;Julia Glushko;;ISR;24,090349076
Fed Cup G1 RR: UKR vs ISR;2014-02-05;Kemény;6-1 6-4;Elina Svitolina;174;UKR;19,394934976;Shahar Peer;170;ISR;26,7624914442
Fed Cup G1 RR: AUT vs SLO;2014-02-05;Kemény;6-2 6-3;Patricia Mayr Achleitner;;AUT;27,2388774812;Masa Zec Peskiric;;SLO;27,0362765229
Fed Cup G1 RR: AUT vs SLO;2014-02-05;Kemény;6-2 6-3;Yvonne Meusburger;;AUT;30,3381245722;Nastja Kolar;;SLO;19,5564681725
Fed Cup G1 RR: AUT vs ISR;2014-02-06;Kemény;6-1 4-6 6-2;Patricia Mayr Achleitner;;AUT;27,2388774812;Julia Glushko;;ISR;24,090349076
Fed Cup G1 RR: AUT vs ISR;2014-02-06;Kemény;7-5 6-3;Shahar Peer;170;ISR;26,7624914442;Yvonne Meusburger;;AUT;30,3381245722
Fed Cup G1 RR: SLO vs ISR;2014-02-08;Kemény;6-3 2-6 6-2;Dalila Jakupovic;;SLO;22,8665297741;Julia Glushko;;ISR;24,090349076
Fed Cup G1 RR: SLO vs ISR;2014-02-08;Kemény;6-1 6-2;Shahar Peer;170;ISR;26,7624914442;Masa Zec Peskiric;;SLO;27,0362765229
Fed Cup G1 RR: BLR vs BUL;2014-02-07;Kemény;6-1 6-3;Aliaksandra Sasnovich;;BLR;19,871321013;Borislava Botusharova;;BUL;19,1841204654
Fed Cup G1 RR: BLR vs BUL;2014-02-07;Kemény;6-3 6-4;Olga Govortsova;182;BLR;25,4483230664;Viktoriya Tomova;;BUL;18,9404517454
Fed Cup G1 RR: BLR vs POR;2014-02-06;Kemény;6-3 6-4;Aliaksandra Sasnovich;;BLR;19,871321013;Maria Joao Koehler;;POR;21,3223819302
Fed Cup G1 RR: BLR vs POR;2014-02-06;Kemény;6-1 6-3;Olga Govortsova;182;BLR;25,4483230664;Michelle Larcher De Brito;165;POR;21,0130047912
Fed Cup G1 RR: BLR vs TUR;2014-02-04;Kemény;6-4 6-3;Aliaksandra Sasnovich;;BLR;19,871321013;Pemra Ozgen;;TUR;27,742642026
Fed Cup G1 RR: BLR vs TUR;2014-02-04;Kemény;7-5 3-6 7-6(6);Olga Govortsova;182;BLR;25,4483230664;Cagla Buyukakcay;;TUR;24,3504449008
Fed Cup G1 RR: BUL vs POR;2014-02-04;Kemény;3-6 6-1 6-4;Maria Joao Koehler;;POR;21,3223819302;Isabella Shinikova;;BUL;22,2778918549
Fed Cup G1 RR: BUL vs POR;2014-02-04;Kemény;4-6 6-2 7-6(3);Michelle Larcher De Brito;165;POR;21,0130047912;Elitsa Kostova;;BUL;23,819301848
Fed Cup G1 RR: BUL vs TUR;2014-02-06;Kemény;6-2 3-6 6-4;Isabella Shinikova;;BUL;22,2778918549;Pemra Ozgen;;TUR;27,742642026
Fed Cup G1 RR: BUL vs TUR;2014-02-06;Kemény;7-6(3) 6-1;Cagla Buyukakcay;;TUR;24,3504449008;Elitsa Kostova;;BUL;23,819301848
Fed Cup G1 RR: POR vs TUR;2014-02-07;Kemény;7-6(3) 6-2;Ipek Soylu;;TUR;17,8042436687;Barbara Luz;;POR;20,6872005476
Fed Cup G1 RR: POR vs TUR;2014-02-07;Kemény;6-4 6-2;Michelle Larcher De Brito;165;POR;21,0130047912;Cagla Buyukakcay;;TUR;24,3504449008
Fed Cup G2 RR: HKG vs MAS;2014-02-06;Kemény;6-3 6-4;Eudice Wong Chong;;HKG;17,7850787132;Aslina Chua;;MAS;18,0232717317
Fed Cup G2 RR: HKG vs MAS;2014-02-06;Kemény;6-0 6-0;Ling Zhang;;HKG;24,2683093771;Alyssa Boey;;MAS;17,4839151266
Fed Cup G2 RR: HKG vs VIE;2014-02-05;Kemény;6-3 6-2;Ho Ching Wu;;HKG;22,431211499;Thi Tam Hao Tran;;VIE;24,0657084189
Fed Cup G2 RR: HKG vs VIE;2014-02-05;Kemény;6-0 6-0;Ling Zhang;;HKG;24,2683093771;Khanh Phi Huynh;;VIE;19,151266256
Fed Cup G2 RR: MAS vs VIE;2014-02-04;Kemény;6-3 7-5;Thi Tam Hao Tran;;VIE;24,0657084189;Aslina Chua;;MAS;18,0232717317
Fed Cup G2 RR: MAS vs VIE;2014-02-04;Kemény;6-3 6-2;Alyssa Boey;;MAS;17,4839151266;Khanh Phi Huynh;;VIE;19,151266256
Fed Cup G2 RR: PHI vs SIN;2014-02-04;Kemény;6-3 6-0;Anna Clarice Patrimonio;;PHI;20,1916495551;Geraldine Ang;;SIN;16,2600958248
Fed Cup G2 RR: PHI vs SIN;2014-02-04;Kemény;6-4 6-1;Marian Jade Capadocia;;PHI;18,3819301848;Rheeya Doshi;;SIN;17,7796030116
Fed Cup G2 RR: PHI vs SRI;2014-02-06;Kemény;6-1 6-0;Anna Clarice Patrimonio;;PHI;20,1916495551;Medhira Samarasinghe;;SRI;15,0006844627
Fed Cup G2 RR: PHI vs SRI;2014-02-06;Kemény;6-3 6-0;Marian Jade Capadocia;;PHI;18,3819301848;Nethmi Himashi Waduge;;SRI;15,485284052
Fed Cup G2 RR: SIN vs SRI;2014-02-05;Kemény;7-6(5) 6-3;Geraldine Ang;;SIN;16,2600958248;Nethmi Himashi Waduge;;SRI;15,485284052
Fed Cup G2 RR: SIN vs SRI;2014-02-05;Kemény;6-1 6-3;Rheeya Doshi;;SIN;17,7796030116;Amreetha Muttiah;;SRI;22,0616016427
Fed Cup G2 RR: TKM vs KGZ;2014-02-06;Kemény;6-1 1-6 6-3;Jahana Bayramova;;TKM;16,2464065708;Inna Volkovich;;KGZ;21,3004791239
Fed Cup G2 RR: TKM vs KGZ;2014-02-06;Kemény;6-0 6-0;Anastasiya Prenko;;TKM;20,8980150582;Alina Lazareva;;KGZ;17,8590006845
Fed Cup G2 RR: TKM vs IRQ;2014-02-04;Kemény;6-0 7-6(1);Jahana Bayramova;;TKM;16,2464065708;Halla Alajeely;;IRQ;14,8199863107
Fed Cup G2 RR: TKM vs IRQ;2014-02-04;Kemény;6-1 6-0;Anastasiya Prenko;;TKM;20,8980150582;Ghada Alajeely;;IRQ;16,0711841205
Fed Cup G2 RR: KGZ vs IRQ;2014-02-05;Kemény;6-3 6-1;Inna Volkovich;;KGZ;21,3004791239;Halla Alajeely;;IRQ;14,8199863107
Fed Cup G2 RR: KGZ vs IRQ;2014-02-05;Kemény;5-7 7-5 6-0;Ghada Alajeely;;IRQ;16,0711841205;Alina Lazareva;;KGZ;17,8590006845
Fed Cup G2 RR: IND vs IRI;2014-02-04;Kemény;6-0 6-0;Rishika Sunkara;;IND;20,7255304586;Ghazaleh Torkaman;;IRI;27,5893223819
Fed Cup G2 RR: IND vs IRI;2014-02-04;Kemény;7-6(3) 6-0;Prarthana G Thombare;;IND;19,6303901437;Sahar Amini Hajibashi;;IRI;25,6947296372
Fed Cup G2 RR: IND vs NZL;2014-02-06;Kemény;6-1 6-4;Prarthana G Thombare;;IND;19,6303901437;Dianne Hollands;;NZL;30,7351129363
Fed Cup G2 RR: IND vs NZL;2014-02-06;Kemény;6-1 6-2;Marina Erakovic;174;NZL;25,9137577002;Ankita Raina;;IND;21,0622861054
Fed Cup G2 RR: IND vs PAK;2014-02-05;Kemény;6-0 6-1;Prarthana G Thombare;;IND;19,6303901437;Ushna Suhail;;PAK;20,6078028747
Fed Cup G2 RR: IND vs PAK;2014-02-05;Kemény;6-1 6-2;Ankita Raina;;IND;21,0622861054;Sara Mansoor;;PAK;26,0123203285
Fed Cup G2 RR: IRI vs NZL;2014-02-05;Kemény;6-1 6-2;Emma Hayman;;NZL;25,9438740589;Sahar Amini Hajibashi;;IRI;25,6947296372
Fed Cup G2 RR: IRI vs NZL;2014-02-05;Kemény;6-0 6-0;Marina Erakovic;174;NZL;25,9137577002;Sadaf Sadeghvaziri;;IRI;14,5270362765
Fed Cup G2 RR: IRI vs PAK;2014-02-06;Kemény;6-3 6-2;Ushna Suhail;;PAK;20,6078028747;Ghazaleh Torkaman;;IRI;27,5893223819
Fed Cup G2 RR: IRI vs PAK;2014-02-06;Kemény;6-3 6-1;Sahar Amini Hajibashi;;IRI;25,6947296372;Sara Mansoor;;PAK;26,0123203285
Fed Cup G2 RR: NZL vs PAK;2014-02-04;Kemény;6-1 6-0;Dianne Hollands;;NZL;30,7351129363;Ushna Suhail;;PAK;20,6078028747
Fed Cup G2 RR: NZL vs PAK;2014-02-04;Kemény;6-0 6-1;Marina Erakovic;174;NZL;25,9137577002;Sara Mansoor;;PAK;26,0123203285
Fed Cup G3 RR: EST vs ARM;2014-02-07;Kemény;6-0 6-0;Anett Kontaveit;;EST;18,1136208077;Ani Safaryan;;ARM;15,9041752225
Fed Cup G3 RR: EST vs ARM;2014-02-07;Kemény;6-0 6-0;Kaia Kanepi;181;EST;28,6516084873;Ani Amiraghyan;;ARM;20,3203285421
Fed Cup G3 RR: EST vs NAM;2014-02-05;Kemény;6-2 6-0;Anett Kontaveit;;EST;18,1136208077;Kerstin Gressmann;;NAM;20,0465434634
Fed Cup G3 RR: EST vs NAM;2014-02-05;Kemény;6-1 6-1;Kaia Kanepi;181;EST;28,6516084873;Lesedi Sheya Jacobs;;NAM;16,3422313484
Fed Cup G3 RR: ARM vs NAM;2014-02-06;Kemény;6-2 6-3;Kerstin Gressmann;;NAM;20,0465434634;Lusine Chobanyan;;ARM;15,7973990418
Fed Cup G3 RR: ARM vs NAM;2014-02-06;Kemény;6-2 6-0;Ani Amiraghyan;;ARM;20,3203285421;Lesedi Sheya Jacobs;;NAM;16,3422313484
Fed Cup G3 RR: GRE vs MDA;2014-02-07;Kemény;6-1 6-0;Valentini Grammatikopoulou;;GRE;16,9828884326;Anastasia Detiuc;;MDA;15,1403148528
Fed Cup G3 RR: GRE vs MDA;2014-02-07;Kemény;6-2 6-1;Maria Sakkari;;GRE;18,5297741273;Julia Helbet;;MDA;25,6783025325
Fed Cup G3 RR: GRE vs CYP;2014-02-05;Kemény;6-0 6-0;Valentini Grammatikopoulou;;GRE;16,9828884326;Eliza Omirou;;CYP;14,4449007529
Fed Cup G3 RR: GRE vs CYP;2014-02-05;Kemény;6-2 7-5;Maria Sakkari;;GRE;18,5297741273;Maria Siopacha;;CYP;17,0869267625
Fed Cup G3 RR: MDA vs CYP;2014-02-06;Kemény;6-1 6-2;Anastasia Detiuc;;MDA;15,1403148528;Eliza Omirou;;CYP;14,4449007529
Fed Cup G3 RR: MDA vs CYP;2014-02-06;Kemény;3-6 6-4 6-4;Daniela Ciobanu;;MDA;18,9075975359;Maria Siopacha;;CYP;17,0869267625
Fed Cup G3 RR: DEN vs NOR;2014-02-07;Kemény;6-1 6-3;Mai Grage;;DEN;21,7960301164;Ida Seljevoll Skancke;;NOR;16,2546201232
Fed Cup G3 RR: DEN vs NOR;2014-02-07;Kemény;6-0 6-2;Karen Barbat;;DEN;21,5879534565;Melanie Stokke;;NOR;17,3415468857
Fed Cup G3 RR: DEN vs MAD;2014-02-05;Kemény;6-2 6-3;Mai Grage;;DEN;21,7960301164;Nantenaina Ramalalaharivololona;;MAD;26,5708418891
Fed Cup G3 RR: DEN vs MAD;2014-02-05;Kemény;2-6 6-1 6-2;Karen Barbat;;DEN;21,5879534565;Sandra Andriamarosoa;;MAD;21,8097193703
Fed Cup G3 RR: NOR vs MAD;2014-02-06;Kemény;6-0 6-2;Nantenaina Ramalalaharivololona;;MAD;26,5708418891;Ida Seljevoll Skancke;;NOR;16,2546201232
Fed Cup G3 RR: NOR vs MAD;2014-02-06;Kemény;6-1 2-6 7-6(3);Melanie Stokke;;NOR;17,3415468857;Sandra Andriamarosoa;;MAD;21,8097193703
Fed Cup G3 RR: IRL vs MLT;2014-02-07;Kemény;6-3 4-6 6-2;Elaine Genovese;;MLT;23,0636550308;Jane Fennelly;;IRL;19,1786447639
Fed Cup G3 RR: IRL vs MLT;2014-02-07;Kemény;6-3 6-0;Amy Bowtell;;IRL;20,3832991102;Katrina Sammut;;MLT;14,3655030801
Fed Cup G3 RR: IRL vs ISL;2014-02-05;Kemény;6-1 6-0;Jane Fennelly;;IRL;19,1786447639;Anna Soffia Gronholm;;ISL;14,6611909651
Fed Cup G3 RR: IRL vs ISL;2014-02-05;Kemény;6-1 6-0;Amy Bowtell;;IRL;20,3832991102;Hjordis Rosa Gudmundsdottir;;ISL;15,5811088296
Fed Cup G3 RR: MLT vs ISL;2014-02-06;Kemény;6-1 6-1;Elaine Genovese;;MLT;23,0636550308;Hera Brynjarsdottir;;ISL;16,2026009582
Fed Cup G3 RR: MLT vs ISL;2014-02-06;Kemény;6-3 6-3;Hjordis Rosa Gudmundsdottir;;ISL;15,5811088296;Katrina Sammut;;MLT;14,3655030801
Fed Cup G2 PO: HKG vs IND;2014-02-07;Kemény;6-2 6-1;Eudice Wong Chong;;HKG;17,7850787132;Prarthana G Thombare;;IND;19,6303901437
Fed Cup G2 PO: HKG vs IND;2014-02-07;Kemény;6-4 6-3;Ling Zhang;;HKG;24,2683093771;Ankita Raina;;IND;21,0622861054
Fed Cup G2 PO: PHI vs TKM;2014-02-07;Kemény;6-2 6-0;Anna Clarice Patrimonio;;PHI;20,1916495551;Jahana Bayramova;;TKM;16,2464065708
Fed Cup G2 PO: PHI vs TKM;2014-02-07;Kemény;4-6 6-4 6-0;Marian Jade Capadocia;;PHI;18,3819301848;Anastasiya Prenko;;TKM;20,8980150582
Fed Cup G2 PO: MAS vs NZL;2014-02-07;Kemény;6-2 6-3;Emma Hayman;;NZL;25,9438740589;Aslina Chua;;MAS;18,0232717317
Fed Cup G2 PO: MAS vs NZL;2014-02-07;Kemény;6-2 6-0;Marina Erakovic;174;NZL;25,9137577002;Alyssa Boey;;MAS;17,4839151266
Fed Cup G2 PO: SIN vs KGZ;2014-02-07;Kemény;6-2 7-6(3);Inna Volkovich;;KGZ;21,3004791239;Geraldine Ang;;SIN;16,2600958248
Fed Cup G2 PO: SIN vs KGZ;2014-02-07;Kemény;6-1 6-1;Rheeya Doshi;;SIN;17,7796030116;Alina Lazareva;;KGZ;17,8590006845
Fed Cup G2 PO: VIE vs IRI;2014-02-07;Kemény;6-1 6-0;Thi Tam Hao Tran;;VIE;24,0657084189;Ghazal Pakbaten;;IRI;15,4168377823
Fed Cup G2 PO: VIE vs IRI;2014-02-07;Kemény;7-6(6) 4-6 7-5;Khanh Phi Huynh;;VIE;19,151266256;Sahar Amini Hajibashi;;IRI;25,6947296372
Fed Cup G2 PO: SRI vs IRQ;2014-02-07;Kemény;6-3 6-2;Nethmi Himashi Waduge;;SRI;15,485284052;Halla Alajeely;;IRQ;14,8199863107
Fed Cup G2 PO: SRI vs IRQ;2014-02-07;Kemény;6-0 6-1;Amreetha Muttiah;;SRI;22,0616016427;Ghada Alajeely;;IRQ;16,0711841205
Fed Cup G1 PO: THA vs UZB;2014-02-08;Kemény;7-6(5) 6-4;Sabina Sharipova;;UZB;19,4168377823;Noppawan Lertcheewakarn;;THA;22,212183436
Fed Cup G1 PO: THA vs UZB;2014-02-08;Kemény;7-6(3) 7-5;Luksika Kumkhum;;THA;20,5393566051;Nigina Abduraimova;;UZB;19,5783709788
Fed Cup G1 PO: KAZ vs CHN;2014-02-08;Kemény;4-6 6-1 6-1;Sesil Karatantcheva;171;KAZ;24,4900752909;Fangzhou Liu;;CHN;18,1464750171
Fed Cup G1 PO: KAZ vs CHN;2014-02-08;Kemény;0-6 6-3 6-1;Yulia Putintseva;;KAZ;19,0746064339;Qiang Wang;;CHN;22,0561259411
Fed Cup G1 PO: INA vs TPE;2014-02-08;Kemény;7-6(5) 6-4;Chia Hsien Yang;;TPE;19,8220396988;Tami Grende;;INA;16,6187542779
Fed Cup G1 PO: INA vs TPE;2014-02-08;Kemény;6-4 6-7(5) 6-4;Chin Wei Chan;;TPE;29,0704996578;Lavinia Tananta;;INA;26,2532511978
Fed Cup G2 PO: HKG vs PHI;2014-02-08;Kemény;6-4 6-1;Eudice Wong Chong;;HKG;17,7850787132;Anna Clarice Patrimonio;;PHI;20,1916495551
Fed Cup G2 PO: HKG vs PHI;2014-02-08;Kemény;6-1 6-4;Ling Zhang;;HKG;24,2683093771;Marian Jade Capadocia;;PHI;18,3819301848
Fed Cup G3 PO: ARM vs MAD;2014-02-08;Kemény;6-1 6-3;Nantenaina Ramalalaharivololona;;MAD;26,5708418891;Lusine Chobanyan;;ARM;15,7973990418
Fed Cup G3 PO: ARM vs MAD;2014-02-08;Kemény;6-3 2-6 7-5;Ani Amiraghyan;;ARM;20,3203285421;Sandra Andriamarosoa;;MAD;21,8097193703
Fed Cup G3 PO: CYP vs ISL;2014-02-08;Kemény;6-2 6-0;Andria Tsaggaridou;;CYP;16,9472963723;Anna Soffia Gronholm;;ISL;14,6611909651
Fed Cup G3 PO: CYP vs ISL;2014-02-08;Kemény;6-0 6-2;Maria Siopacha;;CYP;17,0869267625;Hjordis Rosa Gudmundsdottir;;ISL;15,5811088296
Fed Cup G3 PO: MDA vs MLT;2014-02-08;Kemény;2-6 6-1 6-1;Anastasia Detiuc;;MDA;15,1403148528;Elaine Genovese;;MLT;23,0636550308
Fed Cup G3 PO: MDA vs MLT;2014-02-08;Kemény;6-2 6-2;Gabriela Porubin;;MDA;19,6824093087;Katrina Sammut;;MLT;14,3655030801
Fed Cup G3 PO: NAM vs NOR;2014-02-08;Kemény;6-1 6-1;Ida Seljevoll Skancke;;NOR;16,2546201232;Kerstin Gressmann;;NAM;20,0465434634
Fed Cup G3 PO: NAM vs NOR;2014-02-08;Kemény;6-2 6-1;Melanie Stokke;;NOR;17,3415468857;Lesedi Sheya Jacobs;;NAM;16,3422313484
Fed Cup G3 PO: EST vs DEN;2014-02-08;Kemény;6-0 6-0;Anett Kontaveit;;EST;18,1136208077;Mai Grage;;DEN;21,7960301164
Fed Cup G3 PO: EST vs DEN;2014-02-08;Kemény;6-2 6-1;Kaia Kanepi;181;EST;28,6516084873;Karen Barbat;;DEN;21,5879534565
Fed Cup G3 PO: GRE vs IRL;2014-02-08;Kemény;6-2 6-0;Valentini Grammatikopoulou;;GRE;16,9828884326;Jane Fennelly;;IRL;19,1786447639
Fed Cup G3 PO: GRE vs IRL;2014-02-08;Kemény;4-6 6-3 6-2;Amy Bowtell;;IRL;20,3832991102;Maria Sakkari;;GRE;18,5297741273
Fed Cup G1 PO: PAR vs BRA;2014-02-08;Salak;6-3 4-6 6-1;Paula Cristina Goncalves;;BRA;23,4825462012;Montserrat Gonzalez;;PAR;19,5947980835
Fed Cup G1 PO: PAR vs BRA;2014-02-08;Salak;6-3 6-2;Teliana Pereira;;BRA;25,5414099932;Veronica Cepede Royg;;PAR;22,0369609856
Fed Cup G1 PO: VEN vs BAH;2014-02-08;Salak;6-0 6-0;Andrea Gamiz;;VEN;21,2594113621;Iesha Shepherd;;BAH;14,932238193
Fed Cup G1 PO: VEN vs BAH;2014-02-08;Salak;6-1 2-1 RET;Adriana Perez;;VEN;21,2046543463;Nikkita Fountain;;BAH;29,864476386
Fed Cup G1 PO: MEX vs ECU;2014-02-08;Salak;6-2 6-3;Ximena Hermoso;;MEX;22,7707049966;Charlotte Roemer;;ECU;20,0711841205
Fed Cup G1 PO: MEX vs ECU;2014-02-08;Salak;7-6(3) 6-2;Domenica Gonzalez;;ECU;17,9767282683;Ana Sofia Sanchez;;MEX;19,8110882957
Fed Cup G1 PO: ROU vs UKR;2014-02-09;Kemény;6-3 6-2;Sorana Cirstea;176;ROU;23,8466803559;Olga Savchuk;175;UKR;26,392881588
Fed Cup G1 PO: ROU vs UKR;2014-02-09;Kemény;6-3 7-5;Simona Halep;168;ROU;22,3737166324;Elina Svitolina;174;UKR;19,4140999316
Fed Cup G1 PO: NED vs BLR;2014-02-09;Kemény;6-3 6-4;Richel Hogenkamp;;NED;21,8206707734;Aliaksandra Sasnovich;;BLR;19,8904859685
Fed Cup G1 PO: NED vs BLR;2014-02-09;Kemény;7-6(5) 6-2;Kiki Bertens;182;NED;22,1711156742;Olga Govortsova;182;BLR;25,4674880219
Fed Cup G1 PO: BEL vs POR;2014-02-09;Kemény;2-6 6-0 6-2;An Sophie Mestach;;BEL;19,9315537303;Barbara Luz;;POR;20,7063655031
Fed Cup G1 PO: BEL vs POR;2014-02-09;Kemény;7-6(5) 6-3;Michelle Larcher De Brito;165;POR;21,0321697467;Yanina Wickmayer;182;BEL;24,3093771389
Fed Cup G1 PO: HUN vs ISR;2014-02-09;Kemény;6-3 3-6 7-6(3);Ofri Lankri;;ISR;22,6009582478;Szabina Szlavikovics;;HUN;18,4339493498
Fed Cup G1 PO: HUN vs ISR;2014-02-09;Kemény;6-4 6-3;Reka Luca Jani;;HUN;22,5325119781;Keren Shlomo;;ISR;26,0752908966
Fed Cup G1 PO: CRO vs TUR;2014-02-09;Kemény;6-4 1-6 6-0;Ipek Soylu;;TUR;17,8234086242;Tereza Mrdeza;;CRO;23,241615332
Fed Cup G1 PO: CRO vs TUR;2014-02-09;Kemény;6-2 6-1;Donna Vekic;;CRO;17,620807666;Melis Sezer;;TUR;20,6926762491
Fed Cup G1 PO: GBR vs AUT;2014-02-09;Kemény;6-2 6-4;Tara Moore;;GBR;21,5140314853;Tamira Paszek;165;AUT;23,1813826146
Fed Cup G1 PO: GBR vs AUT;2014-02-09;Kemény;6-4 6-2;Heather Watson;170;GBR;21,7303216975;Yvonne Meusburger;;AUT;30,3572895277
Fed Cup G1 PO: LUX vs BUL;2014-02-09;Kemény;6-2 6-3;Isabella Shinikova;;BUL;22,2970568104;Claudine Schaul;;LUX;30,4777549624
Fed Cup G1 PO: LUX vs BUL;2014-02-09;Kemény;6-3 6-7(7) 7-6(7);Elitsa Kostova;;BUL;23,8384668036;Anne Kremer;;LUX;38,3189596167
Fed Cup G1 PO: LAT vs SLO;2014-02-09;Kemény;6-3 7-6(9);Jelena Ostapenko;;LAT;16,6762491444;Dalila Jakupovic;;SLO;22,8856947296
Fed Cup G1 PO: LAT vs SLO;2014-02-09;Kemény;6-0 6-0;Diana Marcinkevica;;LAT;21,5222450376;Masa Zec Peskiric;;SLO;27,0554414784
Fed Cup G2 RR: GUA vs DOM;2014-04-11;Kemény;7-5 6-2;Kirsten Andrea Weedon;;GUA;25,1307323751;Michelle Marie Valdez;;DOM;19,0034223135
Fed Cup G2 RR: GUA vs DOM;2014-04-11;Kemény;6-1 6-0;Francesca Segarelli;;DOM;23,5865845311;Camila Ramazzini;;GUA;17,1143052704
Fed Cup G2 RR: GUA vs PAN;2014-04-10;Kemény;6-1 6-3;Kirsten Andrea Weedon;;GUA;25,1307323751;Gabriela Gonzalez;;PAN;25,4948665298
Fed Cup G2 RR: GUA vs PAN;2014-04-10;Kemény;6-0 7-6(5);Camila Ramazzini;;GUA;17,1143052704;Karla Contreras;;PAN;15,2032854209
Fed Cup G2 RR: DOM vs PAN;2014-04-09;Kemény;6-1 6-1;Michelle Marie Valdez;;DOM;19,0034223135;Daniela Diez;;PAN;16,9582477755
Fed Cup G2 RR: DOM vs PAN;2014-04-09;Kemény;6-1 6-0;Francesca Segarelli;;DOM;23,5865845311;Karla Contreras;;PAN;15,2032854209
Fed Cup G2 RR: PUR vs CHI;2014-04-11;Kemény;7-6(4) 1-6 6-2;Andrea Koch Benvenuto;;CHI;28,9472963723;Yolimar Ogando;;PUR;17,659137577
Fed Cup G2 RR: PUR vs CHI;2014-04-11;Kemény;6-1 6-3;Monica Puig;;PUR;20,5256673511;Daniela Seguel;;CHI;21,3908281999
Fed Cup G2 RR: CHI vs BAR;2014-04-10;Kemény;6-1 6-3;Andrea Koch Benvenuto;;CHI;28,9472963723;Kiana Marshall;;BAR;16,4791238877
Fed Cup G2 RR: CHI vs BAR;2014-04-10;Kemény;6-0 6-0;Daniela Seguel;;CHI;21,3908281999;Melena Lopez;;BAR;17,697467488
Fed Cup G2 RR: PUR vs BAR;2014-04-09;Kemény;6-2 6-1;Yolimar Ogando;;PUR;17,659137577;Kiana Marshall;;BAR;16,4791238877
Fed Cup G2 RR: PUR vs BAR;2014-04-09;Kemény;6-2 6-1;Monica Puig;;PUR;20,5256673511;Ancia Ifill;;BAR;20,3915126626
Fed Cup G2 RR: PER vs BOL;2014-04-11;Kemény;6-2 6-4;Patricia Ku Flores;;PER;20,3039014374;Daniela Ruiz;;BOL;16,9226557153
Fed Cup G2 RR: PER vs BOL;2014-04-11;Kemény;7-5 1-0 RET;Maria Fernanda Alvarez Teran;;BOL;25,1033538672;Bianca Botto;;PER;22,8364134155
Fed Cup G2 RR: PER vs BER;2014-04-09;Kemény;6-0 6-0;Camila Vargas Gomez;;PER;16,2272416153;Jacklyn Lambert;;BER;25,5249828884
Fed Cup G2 RR: PER vs BER;2014-04-09;Kemény;6-2 6-1;Patricia Ku Flores;;PER;20,3039014374;Tyler Smith;;BER;17,3826146475
Fed Cup G2 RR: BOL vs BER;2014-04-10;Kemény;6-0 6-0;Daniela Ruiz;;BOL;16,9226557153;Jacklyn Lambert;;BER;25,5249828884
Fed Cup G2 RR: BOL vs BER;2014-04-10;Kemény;6-1 6-2;Maria Fernanda Alvarez Teran;;BOL;25,1033538672;Tyler Smith;;BER;17,3826146475
Fed Cup G2 RR: URU vs TRI;2014-04-10;Kemény;6-1 6-4;Magdalena Boado;;URU;17,5277207392;Anneliese Rose;;TRI;35,4360027379
Fed Cup G2 RR: URU vs TRI;2014-04-10;Kemény;6-4 6-3;Olivia Bennett;;TRI;23,241615332;Carolina De Los Santos;;URU;23,9151266256
Fed Cup G2 RR: URU vs CRC;2014-04-09;Kemény;6-2 6-3;Juli Raventos;;CRC;18,3956194387;Margot Mercier;;URU;17,5249828884
Fed Cup G2 RR: URU vs CRC;2014-04-09;Kemény;7-5 6-2;Carolina De Los Santos;;URU;23,9151266256;Ariana Rahmanparast;;CRC;17,2703627652
Fed Cup G2 RR: TRI vs CRC;2014-04-11;Kemény;6-2 6-4;Anneliese Rose;;TRI;35,4360027379;Juli Raventos;;CRC;18,3956194387
Fed Cup G2 RR: TRI vs CRC;2014-04-11;Kemény;6-1 6-2;Ariana Rahmanparast;;CRC;17,2703627652;Olivia Bennett;;TRI;23,241615332
Fed Cup G2 PO: DOM vs BOL;2014-04-12;;7-6(5) 6-1;Daniela Ruiz;;BOL;16,9226557153;Michelle Marie Valdez;;DOM;19,0034223135
Fed Cup G2 PO: DOM vs BOL;2014-04-12;;6-2 3-6 7-6(2);Maria Fernanda Alvarez Teran;;BOL;25,1033538672;Francesca Segarelli;;DOM;23,5865845311
Fed Cup G2 PO: CHI vs CRC;2014-04-12;;6-1 6-2;Andrea Koch Benvenuto;;CHI;28,9472963723;Andrea Brenes;;CRC;27,7097878166
Fed Cup G2 PO: CHI vs CRC;2014-04-12;;6-4 6-3;Daniela Seguel;;CHI;21,3908281999;Ariana Rahmanparast;;CRC;17,2703627652
Fed Cup G2 PO: PUR vs TRI;2014-04-12;;6-3 2-6 7-6(4);Ariana Rodriguez;;USA;18,1957563313;Olivia Bennett;;TRI;23,241615332
Fed Cup G2 PO: PUR vs TRI;2014-04-12;;6-0 6-0;Monica Puig;;PUR;20,5256673511;Shenelle Mohammed;;TRI;23,5071868583
Fed Cup G2 PO: GUA vs PER;2014-04-12;;6-4 6-4;Kirsten Andrea Weedon;;GUA;25,1307323751;Patricia Ku Flores;;PER;20,3039014374
Fed Cup G2 PO: GUA vs PER;2014-04-12;;6-0 6-0;Bianca Botto;;PER;22,8364134155;Camila Ramazzini;;GUA;17,1143052704
Fed Cup G2 PO: PAN vs BER;2014-04-12;;6-0 6-0;Cayla Cross;;BER;22,4969199179;Daniela Diez;;PAN;16,9582477755
Fed Cup G2 PO: PAN vs BER;2014-04-12;;6-2 6-0;Tyler Smith;;BER;17,3826146475;Karla Contreras;;PAN;15,2032854209
Fed Cup G2 PO: BAR vs URU;2014-04-12;;6-4 6-4;Kiana Marshall;;BAR;16,4791238877;Margot Mercier;;URU;17,5249828884
Fed Cup G2 PO: BAR vs URU;2014-04-12;;7-5 6-0;Magdalena Boado;;URU;17,5277207392;Melena Lopez;;BAR;17,697467488
Fed Cup G2 RR: MNE vs FIN;2014-04-17;Kemény;6-2 6-0;Emma Laine;;FIN;28,052019165;Nikoleta Bulatovic;;MNE;16,3504449008
Fed Cup G2 RR: MNE vs FIN;2014-04-17;Kemény;7-5 6-2;Piia Suomalainen;;FIN;29,7631759069;Tamara Bojanic;;MNE;15,1540041068
Fed Cup G2 RR: LTU vs MNE;2014-04-18;Kemény;6-0 6-3;Akvile Parazinskaite;;LTU;17,3716632444;Nikoleta Bulatovic;;MNE;16,3504449008
Fed Cup G2 RR: LTU vs MNE;2014-04-18;Kemény;6-1 6-1;Lina Stanciute;;LTU;28,180698152;Nina Kalezic;;MNE;17,3552361396
Fed Cup G2 RR: MNE vs LIE;2014-04-16;Kemény;6-1 6-0;Kathinka Von Deichmann;;LIE;19,9123887748;Nina Kalezic;;MNE;17,3552361396
Fed Cup G2 RR: MNE vs LIE;2014-04-16;Kemény;6-0 6-1;Stephanie Vogt;;LIE;24,1587953457;Tamara Bojanic;;MNE;15,1540041068
Fed Cup G2 RR: LTU vs FIN;2014-04-16;Kemény;6-2 6-0;Emma Laine;;FIN;28,052019165;Akvile Parazinskaite;;LTU;17,3716632444
Fed Cup G2 RR: LTU vs FIN;2014-04-16;Kemény;6-4 6-0;Lina Stanciute;;LTU;28,180698152;Piia Suomalainen;;FIN;29,7631759069
Fed Cup G2 RR: FIN vs LIE;2014-04-18;Kemény;4-6 6-1 7-5;Emma Laine;;FIN;28,052019165;Kathinka Von Deichmann;;LIE;19,9123887748
Fed Cup G2 RR: FIN vs LIE;2014-04-18;Kemény;6-2 3-6 6-1;Stephanie Vogt;;LIE;24,1587953457;Piia Suomalainen;;FIN;29,7631759069
Fed Cup G2 RR: LTU vs LIE;2014-04-17;Kemény;6-4 6-2;Kathinka Von Deichmann;;LIE;19,9123887748;Akvile Parazinskaite;;LTU;17,3716632444
Fed Cup G2 RR: LTU vs LIE;2014-04-17;Kemény;6-7(7) 6-2 6-4;Lina Stanciute;;LTU;28,180698152;Stephanie Vogt;;LIE;24,1587953457
Fed Cup G2 RR: GEO vs RSA;2014-04-17;Kemény;7-5 6-3;Madrie Le Roux;;RSA;18,9869952088;Sofia Kvatsabaia;;GEO;25,7385352498
Fed Cup G2 RR: GEO vs RSA;2014-04-17;Kemény;6-3 6-3;Sofia Shapatava;;GEO;25,2511978097;Chanel Simmonds;;RSA;21,6755646817
Fed Cup G2 RR: GEO vs BIH;2014-04-18;Kemény;7-5 6-2;Ekaterine Gorgodze;;GEO;22,3627652293;Anita Husaric;;BIH;19,7973990418
Fed Cup G2 RR: GEO vs BIH;2014-04-18;Kemény;6-4 6-2;Sofia Shapatava;;GEO;25,2511978097;Jasmina Tinjic;;BIH;23,1266255989
Fed Cup G2 RR: GEO vs EGY;2014-04-16;Kemény;7-5 6-3;Ekaterine Gorgodze;;GEO;22,3627652293;Sandra Samir;;EGY;16,4407939767
Fed Cup G2 RR: GEO vs EGY;2014-04-16;Kemény;6-1 6-1;Sofia Shapatava;;GEO;25,2511978097;Mayar Sherif;;EGY;17,9411362081
Fed Cup G2 RR: RSA vs BIH;2014-04-16;Kemény;6-2 6-4;Madrie Le Roux;;RSA;18,9869952088;Anita Husaric;;BIH;19,7973990418
Fed Cup G2 RR: RSA vs BIH;2014-04-16;Kemény;6-4 6-4;Jasmina Tinjic;;BIH;23,1266255989;Chanel Simmonds;;RSA;21,6755646817
Fed Cup G2 RR: RSA vs EGY;2014-04-18;Kemény;6-3 6-2;Madrie Le Roux;;RSA;18,9869952088;Sandra Samir;;EGY;16,4407939767
Fed Cup G2 RR: RSA vs EGY;2014-04-18;Kemény;6-1 1-0 RET;Chanel Simmonds;;RSA;21,6755646817;Mayar Sherif;;EGY;17,9411362081
Fed Cup G2 RR: BIH vs EGY;2014-04-17;Kemény;4-6 6-4 6-2;Sandra Samir;;EGY;16,4407939767;Dea Herdzelas;;BIH;17,4318959617
Fed Cup G2 RR: BIH vs EGY;2014-04-17;Kemény;6-3 6-3;Jasmina Tinjic;;BIH;23,1266255989;Mayar Sherif;;EGY;17,9411362081
Fed Cup G2 PO: RSA vs MNE;2014-04-19;Kemény;6-1 6-0;Natasha Fourouclas;;RSA;20,1998631075;Nina Kalezic;;MNE;17,3552361396
Fed Cup G2 PO: RSA vs MNE;2014-04-19;Kemény;6-1 6-4;Chanel Simmonds;;RSA;21,6755646817;Tamara Bojanic;;MNE;15,1540041068
Fed Cup G2 PO: LTU vs EGY;2014-04-19;Kemény;2-6 7-6(2) 6-4;Sandra Samir;;EGY;16,4407939767;Akvile Parazinskaite;;LTU;17,3716632444
Fed Cup G2 PO: LTU vs EGY;2014-04-19;Kemény;6-4 6-4;Lina Stanciute;;LTU;28,180698152;Ola Abou Zekry;;EGY;26,81724846
Fed Cup G2 PO: LIE vs BIH;2014-04-19;Kemény;7-5 6-4;Kathinka Von Deichmann;;LIE;19,9123887748;Dea Herdzelas;;BIH;17,4318959617
Fed Cup G2 PO: LIE vs BIH;2014-04-19;Kemény;6-3 6-1;Stephanie Vogt;;LIE;24,1587953457;Jasmina Tinjic;;BIH;23,1266255989
Fed Cup G2 PO: GEO vs FIN;2014-04-19;Kemény;1-6 7-5 7-6(5);Emma Laine;;FIN;28,052019165;Oksana Kalashnikova;;GEO;23,6057494867
Fed Cup G2 PO: GEO vs FIN;2014-04-19;Kemény;6-2 6-2;Sofia Shapatava;;GEO;25,2511978097;Piia Suomalainen;;FIN;29,7631759069
